transaction_id,client_id,produit_id,agence_id,date_transaction,montant,devise,taux_change_eur,type_operation,statut,solde_avant,is_anomalie,score_credit_client,segment_id,segment_client,produit,categorie,agence
TXN000559,CLI0060,1,1,2022-04-19 02:31:00,2050.42,EUR,1.0,Credit,Complete,16415.1,false,645.0,1,Premium,Compte Epargne,Depot especes,Marseille-Vieux-Port
TXN001154,CLI0057,2,2,2024-06-20 20:51:00,-123.66,GBP,0.86,Debit,Rejete,42890.81,false,435.0,2,Risque,Credit Consommation,Retrait DAB,Bordeaux-Meriadeck
TXN000764,CLI0015,3,3,2024-08-28 05:03:00,-396.17,EUR,1.0,Debit,Complete,48489.38,false,648.0,3,Standard,PEA,Prelevement,Lyon-Part-Dieu
TXN001598,CLI0045,4,2,2024-01-07 08:16:00,225.2,EUR,1.0,Credit,Complete,43962.51,false,704.0,3,Standard,Credit Consommation,Paiement CB,Bordeaux-Meriadeck
TXN001873,CLI0034,5,2,2024-08-11 19:52:00,935.32,EUR,1.0,Credit,Complete,17312.83,false,457.0,2,Risque,Credit Immobilier,Interets,Bordeaux-Meriadeck
TXN001864,CLI0061,6,1,2024-04-28 23:08:00,-256.73,CHF,0.97,Debit,Rejete,29211.28,true,341.0,2,Risque,Compte Epargne,Remboursement credit,Marseille-Vieux-Port
TXN000931,CLI0118,1,4,2023-09-13 12:04:00,2752.67,EUR,1.0,Credit,Rejete,30331.51,false,641.0,3,Standard,Compte Epargne,Depot especes,Lille-Grand-Place
TXN000620,CLI0005,7,4,2023-10-06 03:29:00,1962.49,EUR,1.0,Credit,Complete,46954.33,false,694.0,3,Standard,Livret A,Remboursement credit,Lille-Grand-Place
TXN000581,CLI0064,8,4,2022-10-24 11:30:00,363.52,GBP,0.86,Credit,Complete,45270.95,false,800.0,1,Premium,Compte Courant,Paiement CB,Lille-Grand-Place
TXN000726,CLI0085,9,5,2022-04-21 21:15:00,6451.32,EUR,1.0,Credit,Complete,19136.15,true,390.0,2,Risque,Credit Consommation,Virement international,Toulouse-Capitole
TXN000701,CLI0009,1,6,2023-11-08 18:40:00,2407.48,EUR,1.0,Credit,Rejete,10289.81,false,645.0,3,Standard,Compte Epargne,Depot especes,Nice-Massena
TXN001018,CLI0031,10,2,2022-12-31 00:55:00,-1128.78,USD,1.08,Debit,Complete,10767.62,false,559.0,2,Risque,PEA,Remboursement credit,Bordeaux-Meriadeck
TXN001870,CLI0038,11,2,2023-08-24 04:11:00,-193.06,USD,1.08,Debit,Complete,17181.83,false,516.0,2,Risque,Compte Epargne,Retrait DAB,Bordeaux-Meriadeck
TXN001124,CLI0134,8,6,2022-09-27 10:27:00,-199.89,USD,1.08,Debit,Complete,40008.59,false,600.0,3,Standard,Compte Courant,Paiement CB,Nice-Massena
TXN000116,CLI0077,12,7,2024-11-09 17:31:03,-5728.17,EUR,1.0,Debit,Complete,33722.94,true,322.0,2,Risque,Compte Courant,Virement international,Paris-Centre
TXN000420,CLI0110,4,5,2023-11-06 14:34:00,83.25,CHF,0.97,Credit,Complete,15519.02,false,629.0,3,Standard,Credit Consommation,Paiement CB,Toulouse-Capitole
TXN001683,CLI0080,13,7,2024-02-18 08:14:00,-642.99,USD,1.08,Debit,En attente,36036.25,false,645.0,1,Premium,Credit Consommation,Prelevement,Paris-Centre
TXN001946,CLI0054,14,2,2022-09-24 14:46:00,-658.41,USD,1.08,Debit,Complete,32208.9,true,347.0,3,Standard,Credit Immobilier,Remboursement credit,Bordeaux-Meriadeck
TXN001726,CLI0036,6,1,2024-08-08 12:19:00,962.1,MAD,10.85,Credit,Complete,14957.42,false,572.0,2,Risque,Compte Epargne,Remboursement credit,Marseille-Vieux-Port
TXN001963,CLI0096,15,3,2022-05-02 03:39:00,-7100.94,EUR,1.0,Debit,Complete,39831.11,true,710.0,3,Standard,PEA,Virement international,Lyon-Part-Dieu
TXN000886,CLI0128,16,1,2024-05-12 03:07:00,1385.72,MAD,10.85,Credit,Complete,1161.31,false,683.0,3,Standard,Compte Epargne,Virement,Marseille-Vieux-Port
TXN001448,CLI0141,17,4,2023-12-07 13:40:03,99999.99,EUR,1.0,Credit,Complete,40456.23,true,726.0,1,Premium,Compte Courant,Remboursement credit,Lille-Grand-Place
TXN001458,CLI0137,18,1,2023-02-04 06:12:00,-237.86,EUR,1.0,Debit,Rejete,15778.59,false,725.0,1,Premium,Credit Immobilier,Paiement CB,Marseille-Vieux-Port
TXN001369,CLI0026,10,4,2022-03-25 09:58:00,-2639.99,USD,1.08,Debit,Complete,2697.47,false,699.0,3,Standard,PEA,Remboursement credit,Lille-Grand-Place
TXN001394,CLI0041,19,2,2023-01-03 06:52:00,-120.35,USD,1.08,Debit,Complete,22528.4,false,643.0,3,Standard,Credit Auto,Retrait DAB,Bordeaux-Meriadeck
TXN001278,CLI0122,20,8,2023-10-06 03:29:00,307.37,EUR,1.0,Credit,Complete,25404.97,false,824.0,1,Premium,PEA,Virement,Nantes-Commerce
TXN000663,CLI0020,20,2,2024-06-30 21:07:00,1091.33,CHF,0.97,Credit,Complete,41973.38,false,660.0,3,Standard,PEA,Virement,Bordeaux-Meriadeck
TXN001869,CLI0029,21,7,2022-05-21 15:53:00,-68.55,EUR,1.0,Debit,Complete,49164.19,false,696.0,3,Standard,Credit Consommation,Depot especes,Paris-Centre
TXN001810,CLI0097,1,4,2022-09-16 03:20:00,2734.98,USD,1.08,Credit,Complete,6932.66,true,397.0,2,Risque,Compte Epargne,Depot especes,Lille-Grand-Place
TXN000888,CLI0121,22,1,2024-04-30 23:19:00,860.29,GBP,0.86,Credit,Complete,38753.21,false,645.0,1,Premium,Compte Epargne,Prelevement,Marseille-Vieux-Port
TXN001557,CLI0022,1,5,2024-10-20 21:52:00,1791.77,EUR,1.0,Credit,Complete,25283.87,false,787.0,3,Standard,Compte Epargne,Depot especes,Toulouse-Capitole
TXN000334,CLI0020,23,2,2023-04-02 16:25:00,189.39,EUR,1.0,Credit,Complete,44369.88,false,660.0,3,Standard,Credit Auto,Paiement CB,Bordeaux-Meriadeck
TXN001842,CLI0131,17,1,2023-03-05 11:15:00,-2405.51,EUR,1.0,Debit,Complete,27273.18,false,838.0,1,Premium,Compte Courant,Remboursement credit,Marseille-Vieux-Port
TXN001160,CLI0146,18,5,2022-02-26 22:38:00,255.59,CHF,0.97,Credit,Rejete,10838.69,false,583.0,3,Standard,Credit Immobilier,Paiement CB,Toulouse-Capitole
TXN001311,CLI0046,13,2,2024-01-26 23:11:00,500.52,USD,1.08,Credit,Complete,16341.35,false,841.0,1,Premium,Credit Consommation,Prelevement,Bordeaux-Meriadeck
TXN000947,CLI0036,13,1,2024-01-24 11:12:00,1062.22,EUR,1.0,Credit,Complete,29472.01,false,572.0,2,Risque,Credit Consommation,Prelevement,Marseille-Vieux-Port
TXN000053,CLI0106,24,8,2024-03-27 13:46:00,-941.67,GBP,0.86,Debit,Complete,7716.68,false,652.0,3,Standard,Assurance Vie,Virement international,Nantes-Commerce
TXN001762,CLI0065,25,2,2023-10-14 23:56:00,-7199.72,EUR,1.0,Debit,Complete,7191.04,true,645.0,3,Standard,Livret A,Virement international,Bordeaux-Meriadeck
TXN000837,CLI0096,10,3,2022-08-11 03:04:00,1119.97,EUR,1.0,Credit,Complete,14182.13,false,710.0,3,Standard,PEA,Remboursement credit,Lyon-Part-Dieu
TXN001817,CLI0036,26,1,2022-08-25 16:20:00,4016.18,EUR,1.0,Credit,Complete,16865.81,false,572.0,2,Risque,Credit Auto,Virement international,Marseille-Vieux-Port
TXN000464,CLI0028,17,3,2022-05-06 02:13:00,2460.25,EUR,1.0,Credit,Complete,33077.98,false,667.0,3,Standard,Compte Courant,Remboursement credit,Lyon-Part-Dieu
TXN000917,CLI0045,14,2,2023-10-23 18:08:00,-2065.8,USD,1.08,Debit,Complete,10056.21,false,704.0,3,Standard,Credit Immobilier,Remboursement credit,Bordeaux-Meriadeck
TXN001905,CLI0028,27,3,2024-09-16 09:09:00,-80.27,EUR,1.0,Debit,Complete,15449.22,false,667.0,3,Standard,Assurance Vie,Paiement CB,Lyon-Part-Dieu
TXN000219,CLI0061,28,1,2022-05-03 04:45:00,-875.48,EUR,1.0,Debit,En attente,26035.99,true,341.0,2,Risque,Credit Consommation,Remboursement credit,Marseille-Vieux-Port
TXN001196,CLI0050,26,3,2024-04-16 11:41:00,-2593.81,CHF,0.97,Debit,Complete,32646.65,false,666.0,3,Standard,Credit Auto,Virement international,Lyon-Part-Dieu
TXN001542,CLI0113,29,3,2024-03-17 13:52:00,-91.48,GBP,0.86,Debit,Complete,41551.58,false,643.0,3,Standard,Livret A,Paiement CB,Lyon-Part-Dieu
TXN000147,CLI0035,10,3,2023-02-21 10:41:00,-283.26,EUR,1.0,Debit,Complete,36256.78,false,600.0,3,Standard,PEA,Remboursement credit,Lyon-Part-Dieu
TXN000320,CLI0113,6,3,2022-03-05 15:10:00,-1623.73,EUR,1.0,Debit,Complete,42488.43,false,643.0,3,Standard,Compte Epargne,Remboursement credit,Lyon-Part-Dieu
TXN000133,CLI0076,15,3,2023-03-25 04:30:00,1394.85,EUR,1.0,Credit,Complete,27506.8,true,326.0,2,Risque,PEA,Virement international,Lyon-Part-Dieu
TXN001939,CLI0048,30,5,2024-07-07 13:27:00,-140.32,MAD,10.85,Debit,Complete,7276.46,false,670.0,3,Standard,Compte Epargne,Paiement CB,Toulouse-Capitole
TXN000685,CLI0142,31,5,2022-02-14 05:53:00,-145.66,EUR,1.0,Debit,Complete,39391.96,false,676.0,3,Standard,Credit Immobilier,Retrait DAB,Toulouse-Capitole
TXN001752,CLI0045,4,2,2023-03-08 01:05:00,-471.95,EUR,1.0,Debit,Complete,27850.82,false,704.0,3,Standard,Credit Consommation,Paiement CB,Bordeaux-Meriadeck
TXN001247,CLI0067,6,7,2023-08-08 14:01:00,1364.35,EUR,1.0,Credit,Complete,5723.41,true,337.0,2,Risque,Compte Epargne,Remboursement credit,Paris-Centre
TXN001403,CLI0057,3,6,2023-10-06 03:29:00,-2176.71,EUR,1.0,Debit,Complete,34098.81,false,435.0,2,Risque,PEA,Prelevement,Nice-Massena
TXN000679,CLI0112,15,1,2022-10-26 04:30:00,-2607.66,EUR,1.0,Debit,Rejete,25932.26,false,636.0,3,Standard,PEA,Virement international,Marseille-Vieux-Port
TXN000212,CLI0020,5,2,2024-01-08 01:31:00,-2585.11,EUR,1.0,Debit,Complete,5234.96,false,660.0,3,Standard,Credit Immobilier,Interets,Bordeaux-Meriadeck
TXN000383,CLI0140,32,1,2023-05-28 12:53:00,87.22,EUR,1.0,Credit,Complete,48751.11,false,609.0,3,Standard,Credit Consommation,Interets,Marseille-Vieux-Port
TXN001981,CLI0082,15,7,2024-03-13 05:35:00,-1440.39,EUR,1.0,Debit,Complete,5403.85,false,813.0,1,Premium,PEA,Virement international,Paris-Centre
TXN001527,CLI0090,28,8,2023-10-06 03:29:00,1982.71,GBP,0.86,Credit,Complete,28486.62,false,682.0,3,Standard,Credit Consommation,Remboursement credit,Nantes-Commerce
TXN000010,CLI0078,13,1,2022-08-31 17:48:00,1277.71,MAD,10.85,Credit,Complete,19080.86,false,647.0,3,Standard,Credit Consommation,Prelevement,Marseille-Vieux-Port
TXN001971,CLI0037,33,4,2024-05-21 03:28:00,-2435.52,CHF,0.97,Debit,Complete,8001.13,false,622.0,3,Standard,Compte Courant,Virement,Lille-Grand-Place
TXN001461,CLI0082,34,7,2023-12-08 12:07:00,-611.64,EUR,1.0,Debit,Complete,29668.5,false,813.0,1,Premium,Assurance Vie,Depot especes,Paris-Centre
TXN001048,CLI0030,35,3,2024-08-27 22:21:00,2540.3,EUR,1.0,Credit,Complete,49038.65,true,391.0,2,Risque,Livret A,Interets,Lyon-Part-Dieu
TXN000027,CLI0129,36,7,2024-06-20 03:33:00,-7301.45,GBP,0.86,Debit,Complete,32773.59,true,573.0,2,Risque,Credit Immobilier,Virement international,Paris-Centre
TXN001732,CLI0144,15,7,2023-12-16 09:26:00,-5328.18,EUR,1.0,Debit,Complete,43745.48,true,361.0,2,Risque,PEA,Virement international,Paris-Centre
TXN000003,CLI0049,37,3,2024-04-12 15:35:00,2286.59,EUR,1.0,Credit,Complete,960.44,false,593.0,3,Standard,Credit Auto,Prelevement,Lyon-Part-Dieu
TXN000469,CLI0033,38,3,2022-02-02 04:46:00,2660.42,EUR,1.0,Credit,Complete,32147.92,false,584.0,3,Standard,Credit Immobilier,Depot especes,Lyon-Part-Dieu
TXN001641,CLI0026,39,4,2024-03-05 03:38:00,-2959.53,USD,1.08,Debit,Complete,35237.56,false,699.0,3,Standard,PEA,Interets,Lille-Grand-Place
TXN000293,CLI0118,40,4,2024-07-06 02:54:00,-1520.45,GBP,0.86,Debit,Complete,986.68,false,641.0,3,Standard,Credit Auto,Interets,Lille-Grand-Place
TXN000192,CLI0106,20,8,2022-09-17 22:55:03,-441.44,MAD,10.85,Debit,Complete,38097.53,false,652.0,3,Standard,PEA,Virement,Nantes-Commerce
TXN000434,CLI0115,8,5,2022-08-29 04:12:00,21.7,EUR,1.0,Credit,Complete,42785.01,false,709.0,3,Standard,Compte Courant,Paiement CB,Toulouse-Capitole
TXN001885,CLI0100,16,4,2023-10-06 03:29:00,2967.53,EUR,1.0,Credit,Complete,12974.86,false,656.0,3,Standard,Compte Epargne,Virement,Lille-Grand-Place
TXN000918,CLI0079,22,7,2024-08-02 17:11:00,1159.1,EUR,1.0,Credit,Complete,26375.91,false,689.0,3,Standard,Compte Epargne,Prelevement,Paris-Centre
TXN000087,CLI0100,25,4,2022-02-03 11:50:00,-726.96,EUR,1.0,Debit,Complete,36785.83,false,656.0,3,Standard,Livret A,Virement international,Lille-Grand-Place
TXN000310,CLI0040,41,6,2023-10-23 19:03:00,2332.3,EUR,1.0,Credit,Complete,28676.58,false,491.0,2,Risque,Assurance Vie,Virement,Nice-Massena
TXN001126,CLI0124,40,5,2023-01-20 20:55:00,2460.12,GBP,0.86,Credit,Rejete,22714.36,false,585.0,3,Standard,Credit Auto,Interets,Toulouse-Capitole
TXN000694,CLI0046,35,2,2022-06-05 11:57:00,293.13,EUR,1.0,Credit,Complete,46337.64,false,841.0,1,Premium,Livret A,Interets,Bordeaux-Meriadeck
TXN001168,CLI0047,31,3,2022-07-18 21:58:00,-94.24,MAD,10.85,Debit,En attente,35347.74,true,397.0,2,Risque,Credit Immobilier,Retrait DAB,Lyon-Part-Dieu
TXN000361,CLI0131,8,1,2022-09-20 01:33:00,-403.65,EUR,1.0,Debit,Complete,19746.47,false,838.0,1,Premium,Compte Courant,Paiement CB,Marseille-Vieux-Port
TXN001729,CLI0070,10,8,2024-08-09 14:05:00,374.23,EUR,1.0,Credit,Complete,34827.68,false,645.0,2,Risque,PEA,Remboursement credit,Nantes-Commerce
TXN001928,CLI0028,7,2,2022-06-02 00:20:00,-2581.55,EUR,1.0,Debit,Complete,3656.29,false,667.0,3,Standard,Livret A,Remboursement credit,Bordeaux-Meriadeck
TXN000524,CLI0006,30,5,2022-02-15 07:53:00,474.78,EUR,1.0,Credit,Complete,32822.45,false,620.0,3,Standard,Compte Epargne,Paiement CB,Toulouse-Capitole
TXN000112,CLI0111,21,7,2024-01-20 12:23:00,-183.47,CHF,0.97,Debit,Complete,14501.22,false,645.0,3,Standard,Credit Consommation,Depot especes,Paris-Centre
TXN001381,CLI0122,42,8,2023-12-14 09:41:00,-711.73,EUR,1.0,Debit,Complete,48179.06,false,824.0,1,Premium,Assurance Vie,Prelevement,Nantes-Commerce
TXN000619,CLI0111,43,7,2023-08-19 01:31:00,-88888.0,GBP,0.86,Debit,Complete,3129.16,true,645.0,3,Standard,Credit Auto,Remboursement credit,Paris-Centre
TXN001652,CLI0113,32,3,2023-05-10 15:32:00,837.81,EUR,1.0,Credit,Complete,28556.77,false,643.0,3,Standard,Credit Consommation,Interets,Lyon-Part-Dieu
TXN000775,CLI0053,44,7,2023-07-06 20:44:00,1954.44,EUR,1.0,Credit,Complete,7759.22,false,645.0,3,Standard,Credit Immobilier,Prelevement,Paris-Centre
TXN000317,CLI0040,41,6,2023-11-11 01:05:00,-266.08,EUR,1.0,Debit,Complete,28790.62,false,491.0,2,Risque,Assurance Vie,Virement,Nice-Massena
TXN001770,CLI0041,1,2,2022-08-28 02:20:00,2775.98,EUR,1.0,Credit,Complete,7666.57,false,643.0,3,Standard,Compte Epargne,Depot especes,Bordeaux-Meriadeck
TXN000765,CLI0104,31,8,2023-05-09 12:31:00,165.29,EUR,1.0,Credit,Complete,18831.04,false,645.0,3,Standard,Credit Immobilier,Retrait DAB,Nantes-Commerce
TXN000687,CLI0112,3,1,2022-09-25 06:12:00,1621.04,EUR,1.0,Credit,Complete,48851.38,false,636.0,3,Standard,PEA,Prelevement,Marseille-Vieux-Port
TXN001399,CLI0006,45,5,2024-02-09 17:29:00,465.08,EUR,1.0,Credit,Complete,6426.27,false,620.0,3,Standard,Livret A,Retrait DAB,Toulouse-Capitole
TXN000233,CLI0045,46,2,2023-10-14 23:44:00,1108.41,EUR,1.0,Credit,En attente,28223.96,false,704.0,3,Standard,PEA,Depot especes,Bordeaux-Meriadeck
TXN000836,CLI0015,11,3,2022-06-08 22:29:00,249.16,EUR,1.0,Credit,Complete,8324.74,false,648.0,3,Standard,Compte Epargne,Retrait DAB,Lyon-Part-Dieu
TXN001595,CLI0100,2,4,2023-06-07 10:45:00,-324.96,GBP,0.86,Debit,Complete,27311.4,false,656.0,3,Standard,Credit Consommation,Retrait DAB,Lille-Grand-Place
TXN000262,CLI0055,47,2,2023-02-28 08:41:00,-216.56,EUR,1.0,Debit,Complete,6702.47,false,703.0,3,Standard,Compte Courant,Retrait DAB,Bordeaux-Meriadeck
TXN001715,CLI0131,30,1,2023-04-15 18:53:00,365.65,USD,1.08,Credit,Complete,36551.83,false,838.0,1,Premium,Compte Epargne,Paiement CB,Marseille-Vieux-Port
TXN000820,CLI0140,22,1,2022-04-02 03:34:00,-925.38,EUR,1.0,Debit,Complete,45617.13,false,609.0,3,Standard,Compte Epargne,Prelevement,Marseille-Vieux-Port
TXN000357,CLI0088,42,2,2023-01-01 15:20:00,1092.94,EUR,1.0,Credit,Complete,37333.2,true,413.0,3,Standard,Assurance Vie,Prelevement,Bordeaux-Meriadeck
TXN001969,CLI0115,9,5,2022-07-20 18:08:00,-1610.33,EUR,1.0,Debit,Complete,18681.61,false,709.0,3,Standard,Credit Consommation,Virement international,Toulouse-Capitole
TXN001617,CLI0061,46,1,2022-06-28 04:27:00,2649.48,EUR,1.0,Credit,Complete,48173.27,true,341.0,2,Risque,PEA,Depot especes,Marseille-Vieux-Port
TXN000757,CLI0057,48,6,2022-10-29 19:18:00,480.32,USD,1.08,Credit,Complete,15513.68,false,435.0,2,Risque,Compte Courant,Interets,Nice-Massena
TXN000017,CLI0069,49,1,2022-12-25 15:33:00,1971.95,USD,1.08,Credit,Rejete,21850.66,false,647.0,3,Standard,Credit Immobilier,Virement,Marseille-Vieux-Port
TXN001477,CLI0148,17,4,2022-11-12 04:20:00,-1572.54,EUR,1.0,Debit,Complete,26653.82,false,713.0,3,Standard,Compte Courant,Remboursement credit,Lille-Grand-Place
TXN001313,CLI0034,31,2,2024-01-23 18:50:03,-154.05,GBP,0.86,Debit,Complete,35700.14,false,457.0,2,Risque,Credit Immobilier,Retrait DAB,Bordeaux-Meriadeck
TXN001872,CLI0122,46,8,2022-02-16 06:43:00,588.76,EUR,1.0,Credit,Complete,11310.0,false,824.0,1,Premium,PEA,Depot especes,Nantes-Commerce
TXN001244,CLI0127,50,6,2024-04-29 17:04:00,168.38,USD,1.08,Credit,Complete,24624.11,false,645.0,3,Standard,Credit Consommation,Virement,Nice-Massena
TXN001739,CLI0098,3,2,2023-04-03 18:03:00,-2477.73,EUR,1.0,Debit,Complete,38961.38,false,580.0,3,Standard,PEA,Prelevement,Bordeaux-Meriadeck
TXN001347,CLI0003,9,3,2024-02-03 10:00:00,1015.86,USD,1.08,Credit,Complete,16692.64,false,587.0,3,Standard,Credit Consommation,Virement international,Lyon-Part-Dieu
TXN000583,CLI0137,51,1,2024-03-06 00:58:00,481.16,GBP,0.86,Credit,Complete,46822.49,false,725.0,1,Premium,Assurance Vie,Retrait DAB,Marseille-Vieux-Port
TXN001632,CLI0055,7,2,2023-06-11 08:30:00,99999.99,EUR,1.0,Debit,Rejete,39672.27,true,703.0,3,Standard,Livret A,Remboursement credit,Bordeaux-Meriadeck
TXN001509,CLI0141,21,4,2022-12-08 10:41:00,1122.89,EUR,1.0,Credit,Complete,46990.84,false,726.0,1,Premium,Credit Consommation,Depot especes,Lille-Grand-Place
TXN000960,CLI0092,39,8,2023-03-23 13:03:00,-1759.73,EUR,1.0,Debit,Rejete,22077.93,false,717.0,3,Standard,PEA,Interets,Nantes-Commerce
TXN001344,CLI0065,10,2,2024-10-16 14:42:03,2901.33,EUR,1.0,Credit,Complete,40807.48,false,645.0,3,Standard,PEA,Remboursement credit,Bordeaux-Meriadeck
TXN000797,CLI0072,52,1,2023-05-22 21:52:00,-1316.02,GBP,0.86,Debit,Complete,25166.46,false,606.0,3,Standard,Livret A,Prelevement,Marseille-Vieux-Port
TXN000712,CLI0012,53,4,2023-10-06 03:29:00,2250.57,EUR,1.0,Credit,Complete,12605.23,false,778.0,1,Premium,Compte Epargne,Interets,Lille-Grand-Place
TXN001868,CLI0048,22,5,2023-06-04 10:55:00,2770.05,EUR,1.0,Credit,Complete,49939.8,false,670.0,3,Standard,Compte Epargne,Prelevement,Toulouse-Capitole
TXN001441,CLI0117,13,4,2023-08-29 04:34:00,2361.42,CHF,0.97,Credit,Complete,28310.46,false,645.0,3,Standard,Credit Consommation,Prelevement,Lille-Grand-Place
TXN000856,CLI0112,25,1,2024-03-07 00:35:00,6307.96,CHF,0.97,Credit,Complete,28966.62,true,636.0,3,Standard,Livret A,Virement international,Marseille-Vieux-Port
TXN000938,CLI0019,26,4,2024-12-17 15:12:00,6692.74,EUR,1.0,Credit,Complete,17888.61,true,505.0,2,Risque,Credit Auto,Virement international,Lille-Grand-Place
TXN001802,CLI0016,54,2,2023-01-02 08:34:00,-2509.01,GBP,0.86,Debit,Complete,127.18,false,716.0,3,Standard,Livret A,Virement,Bordeaux-Meriadeck
TXN000857,CLI0038,26,2,2023-10-11 00:09:00,7192.71,USD,1.08,Credit,Complete,5768.98,true,516.0,2,Risque,Credit Auto,Virement international,Bordeaux-Meriadeck
TXN000606,CLI0141,7,4,2023-06-07 05:15:00,2896.9,EUR,1.0,Credit,Complete,10490.31,false,726.0,1,Premium,Livret A,Remboursement credit,Lille-Grand-Place
TXN000714,CLI0121,30,1,2022-12-16 00:38:00,-68.25,GBP,0.86,Debit,Complete,33602.47,false,645.0,1,Premium,Compte Epargne,Paiement CB,Marseille-Vieux-Port
TXN001606,CLI0099,40,8,2022-08-23 01:58:00,137.91,EUR,1.0,Credit,Complete,6172.97,false,664.0,3,Standard,Credit Auto,Interets,Nantes-Commerce
TXN000137,CLI0006,10,5,2022-01-07 23:13:00,-1756.02,EUR,1.0,Debit,Complete,27104.06,false,620.0,3,Standard,PEA,Remboursement credit,Toulouse-Capitole
TXN001326,CLI0107,55,4,2023-06-07 06:00:00,-2973.53,EUR,1.0,Debit,Complete,24184.96,true,420.0,2,Risque,Compte Courant,Depot especes,Lille-Grand-Place
TXN000871,CLI0008,3,8,2022-02-21 23:46:00,-435.12,EUR,1.0,Debit,Complete,32660.88,false,744.0,1,Premium,PEA,Prelevement,Nantes-Commerce
TXN000800,CLI0016,6,2,2023-09-16 03:17:00,1122.55,EUR,1.0,Credit,Complete,44765.8,false,716.0,3,Standard,Compte Epargne,Remboursement credit,Bordeaux-Meriadeck
TXN001044,CLI0020,11,2,2023-01-20 01:13:00,-164.93,EUR,1.0,Debit,Complete,21342.99,false,660.0,3,Standard,Compte Epargne,Retrait DAB,Bordeaux-Meriadeck
TXN001930,CLI0085,51,5,2023-10-06 03:29:00,176.41,EUR,1.0,Credit,En attente,21088.49,true,390.0,2,Risque,Assurance Vie,Retrait DAB,Toulouse-Capitole
TXN000879,CLI0120,56,3,2024-03-30 06:16:00,560.23,EUR,1.0,Credit,Rejete,5234.44,false,718.0,3,Standard,Assurance Vie,Interets,Lyon-Part-Dieu
TXN000768,CLI0112,18,1,2022-07-23 10:04:00,362.61,EUR,1.0,Credit,Complete,35067.02,false,636.0,3,Standard,Credit Immobilier,Paiement CB,Marseille-Vieux-Port
TXN001579,CLI0084,43,2,2022-01-30 09:20:00,-1299.59,EUR,1.0,Debit,Complete,44633.93,false,684.0,3,Standard,Credit Auto,Remboursement credit,Bordeaux-Meriadeck
TXN000393,CLI0018,50,2,2022-09-23 05:55:00,-142.26,GBP,0.86,Debit,Complete,28593.51,true,328.0,2,Risque,Credit Consommation,Virement,Bordeaux-Meriadeck
TXN000016,CLI0111,12,7,2022-02-22 02:14:00,7702.91,EUR,1.0,Credit,Rejete,33646.85,true,645.0,3,Standard,Compte Courant,Virement international,Paris-Centre
TXN001065,CLI0082,43,7,2024-04-07 15:48:00,1418.55,EUR,1.0,Credit,Complete,43679.76,false,813.0,1,Premium,Credit Auto,Remboursement credit,Paris-Centre
TXN001332,CLI0124,37,5,2022-04-27 13:25:00,-2454.43,USD,1.08,Debit,Rejete,16755.91,false,585.0,3,Standard,Credit Auto,Prelevement,Toulouse-Capitole
TXN000565,CLI0098,13,2,2024-01-02 13:22:00,-216.53,EUR,1.0,Debit,Complete,29667.33,false,580.0,3,Standard,Credit Consommation,Prelevement,Bordeaux-Meriadeck
TXN001533,CLI0002,57,3,2023-08-08 01:15:00,-48.15,USD,1.08,Debit,En attente,20336.45,false,606.0,3,Standard,PEA,Retrait DAB,Lyon-Part-Dieu
TXN000203,CLI0026,34,4,2024-02-26 11:27:00,-977.79,USD,1.08,Debit,Complete,12483.53,false,699.0,3,Standard,Assurance Vie,Depot especes,Lille-Grand-Place
TXN001357,CLI0070,58,8,2024-07-13 10:07:00,1526.37,EUR,1.0,Credit,Complete,24113.97,true,645.0,2,Risque,Credit Auto,Depot especes,Nantes-Commerce
TXN000799,CLI0052,13,2,2024-02-18 13:33:00,954.02,GBP,0.86,Credit,Complete,21361.19,false,838.0,1,Premium,Credit Consommation,Prelevement,Bordeaux-Meriadeck
TXN000045,CLI0095,25,8,2023-07-20 06:07:00,7602.28,EUR,1.0,Credit,Complete,32121.05,true,668.0,3,Standard,Livret A,Virement international,Nantes-Commerce
TXN000314,CLI0083,10,3,2022-08-21 12:16:00,-1643.7,CHF,0.97,Debit,Complete,25485.91,false,643.0,3,Standard,PEA,Remboursement credit,Lyon-Part-Dieu
TXN001469,CLI0004,36,2,2024-02-10 17:09:03,857.95,USD,1.08,Credit,Complete,17530.26,false,645.0,3,Standard,Credit Immobilier,Virement international,Bordeaux-Meriadeck
TXN000981,CLI0050,16,3,2022-02-22 11:13:00,881.42,EUR,1.0,Credit,Complete,26092.61,false,666.0,3,Standard,Compte Epargne,Virement,Lyon-Part-Dieu
TXN000672,CLI0008,56,8,2022-02-19 18:51:00,-1897.58,EUR,1.0,Debit,Complete,23731.47,false,744.0,1,Premium,Assurance Vie,Interets,Nantes-Commerce
TXN001535,CLI0045,47,2,2022-08-06 04:53:00,-408.84,EUR,1.0,Debit,Complete,27791.58,false,704.0,3,Standard,Compte Courant,Retrait DAB,Bordeaux-Meriadeck
TXN000790,CLI0048,14,5,2022-07-27 13:31:00,-632.76,EUR,1.0,Debit,Complete,45664.14,false,670.0,3,Standard,Credit Immobilier,Remboursement credit,Toulouse-Capitole
TXN001288,CLI0084,18,1,2024-08-20 16:31:00,205.33,GBP,0.86,Credit,Complete,4640.29,false,684.0,3,Standard,Credit Immobilier,Paiement CB,Marseille-Vieux-Port
TXN001492,CLI0093,38,1,2024-11-19 16:35:00,-2576.54,EUR,1.0,Debit,En attente,46765.18,false,786.0,1,Premium,Credit Immobilier,Depot especes,Marseille-Vieux-Port
TXN001982,CLI0047,36,3,2024-04-10 05:48:00,-7086.8,USD,1.08,Debit,Complete,9516.28,true,397.0,2,Risque,Credit Immobilier,Virement international,Lyon-Part-Dieu
TXN000887,CLI0005,33,4,2023-08-06 04:53:00,-2902.22,CHF,0.97,Debit,Complete,911.99,false,694.0,3,Standard,Compte Courant,Virement,Lille-Grand-Place
TXN000838,CLI0139,59,1,2022-01-23 09:12:00,1677.49,EUR,1.0,Credit,Complete,4343.46,false,674.0,3,Standard,Compte Courant,Prelevement,Marseille-Vieux-Port
TXN001799,CLI0074,35,8,2023-12-05 06:25:00,-2212.57,EUR,1.0,Debit,Rejete,14719.07,false,633.0,3,Standard,Livret A,Interets,Nantes-Commerce
TXN000939,CLI0144,60,7,2024-06-17 13:40:00,-1159.55,GBP,0.86,Debit,Complete,25910.62,true,361.0,2,Risque,Livret A,Depot especes,Paris-Centre
TXN000007,CLI0076,47,3,2023-09-12 00:45:00,-276.38,EUR,1.0,Debit,Complete,34901.13,true,326.0,2,Risque,Compte Courant,Retrait DAB,Lyon-Part-Dieu
TXN001268,CLI0031,10,2,2023-10-06 03:29:00,-1812.8,CHF,0.97,Debit,Complete,21483.34,false,559.0,2,Risque,PEA,Remboursement credit,Bordeaux-Meriadeck
TXN001390,CLI0031,29,2,2024-07-10 06:05:00,-183.59,EUR,1.0,Debit,Complete,12590.8,false,559.0,2,Risque,Livret A,Paiement CB,Bordeaux-Meriadeck
TXN000249,CLI0016,21,2,2022-07-18 02:42:00,-1064.18,USD,1.08,Debit,Complete,42055.78,false,716.0,3,Standard,Credit Consommation,Depot especes,Bordeaux-Meriadeck
TXN001754,CLI0118,44,4,2022-02-03 02:29:00,2167.21,CHF,0.97,Credit,Complete,44065.89,false,641.0,3,Standard,Credit Immobilier,Prelevement,Lille-Grand-Place
TXN001977,CLI0148,57,4,2023-04-26 05:37:00,302.99,MAD,10.85,Credit,Complete,43643.09,false,713.0,3,Standard,PEA,Retrait DAB,Lille-Grand-Place
TXN000127,CLI0046,41,2,2024-03-24 15:11:03,2813.0,MAD,10.85,Credit,Complete,562.43,false,841.0,1,Premium,Assurance Vie,Virement,Bordeaux-Meriadeck
TXN001398,CLI0137,57,1,2024-05-20 05:39:00,-421.61,MAD,10.85,Debit,Complete,10785.94,false,725.0,1,Premium,PEA,Retrait DAB,Marseille-Vieux-Port
TXN000209,CLI0017,23,2,2023-05-04 01:15:00,-61.38,USD,1.08,Debit,Complete,2845.93,false,649.0,3,Standard,Credit Auto,Paiement CB,Bordeaux-Meriadeck
TXN000432,CLI0030,5,3,2022-06-24 16:45:00,1183.06,EUR,1.0,Credit,Complete,19092.29,true,391.0,2,Risque,Credit Immobilier,Interets,Lyon-Part-Dieu
TXN001149,CLI0128,58,1,2023-02-19 08:54:00,-2136.82,USD,1.08,Debit,En attente,37763.07,false,683.0,3,Standard,Credit Auto,Depot especes,Marseille-Vieux-Port
TXN000138,CLI0016,22,2,2024-08-24 01:18:00,1256.16,MAD,10.85,Credit,Complete,44577.55,false,716.0,3,Standard,Compte Epargne,Prelevement,Bordeaux-Meriadeck
TXN000254,CLI0146,22,5,2022-07-26 09:55:00,-1630.12,CHF,0.97,Debit,Complete,32773.9,false,583.0,3,Standard,Compte Epargne,Prelevement,Toulouse-Capitole
TXN000168,CLI0063,60,7,2022-12-14 04:17:00,-938.34,USD,1.08,Debit,Complete,13870.5,true,426.0,2,Risque,Livret A,Depot especes,Paris-Centre
TXN001197,CLI0077,6,7,2023-03-21 10:35:00,2675.28,EUR,1.0,Credit,Complete,22204.72,true,322.0,2,Risque,Compte Epargne,Remboursement credit,Paris-Centre
TXN000599,CLI0068,36,3,2022-12-04 10:47:00,7957.61,EUR,1.0,Credit,Complete,46150.35,true,605.0,3,Standard,Credit Immobilier,Virement international,Lyon-Part-Dieu
TXN000810,CLI0011,21,2,2023-07-23 04:17:00,-2626.48,CHF,0.97,Debit,Rejete,10577.62,false,672.0,3,Standard,Credit Consommation,Depot especes,Bordeaux-Meriadeck
TXN000705,CLI0034,28,2,2022-05-21 12:57:00,-2603.81,EUR,1.0,Debit,Complete,40913.02,false,457.0,2,Risque,Credit Consommation,Remboursement credit,Bordeaux-Meriadeck
TXN000561,CLI0088,20,2,2022-03-06 13:56:00,-2749.07,MAD,10.85,Debit,Complete,22183.55,false,413.0,3,Standard,PEA,Virement,Bordeaux-Meriadeck
TXN000832,CLI0041,16,2,2022-10-17 02:15:00,277.34,EUR,1.0,Credit,Complete,9202.98,false,643.0,3,Standard,Compte Epargne,Virement,Bordeaux-Meriadeck
TXN001157,CLI0064,21,4,2024-11-05 22:30:00,-1629.31,EUR,1.0,Debit,Complete,35906.47,false,800.0,1,Premium,Credit Consommation,Depot especes,Lille-Grand-Place
TXN000971,CLI0105,38,6,2023-08-11 10:20:00,-397.99,EUR,1.0,Debit,Complete,31668.23,false,634.0,3,Standard,Credit Immobilier,Depot especes,Nice-Massena
TXN000079,CLI0098,43,2,2023-02-13 19:08:00,-2625.36,MAD,10.85,Debit,Complete,27771.58,false,580.0,3,Standard,Credit Auto,Remboursement credit,Bordeaux-Meriadeck
TXN001380,CLI0016,56,2,2023-02-22 13:07:00,-2649.85,EUR,1.0,Debit,Complete,38475.77,false,716.0,3,Standard,Assurance Vie,Interets,Bordeaux-Meriadeck
TXN001822,CLI0122,21,8,2022-05-20 11:50:00,-563.56,GBP,0.86,Debit,Complete,41377.78,false,824.0,1,Premium,Credit Consommation,Depot especes,Nantes-Commerce
TXN000413,CLI0029,27,7,2023-10-06 03:29:00,-375.21,EUR,1.0,Debit,Complete,31189.8,false,696.0,3,Standard,Assurance Vie,Paiement CB,Paris-Centre
TXN000154,CLI0126,55,2,2022-05-01 16:02:00,-2525.25,CHF,0.97,Debit,Complete,20678.37,false,514.0,2,Risque,Compte Courant,Depot especes,Bordeaux-Meriadeck
TXN000911,CLI0085,10,5,2023-07-20 09:12:00,-171.24,EUR,1.0,Debit,Complete,6235.77,true,390.0,2,Risque,PEA,Remboursement credit,Toulouse-Capitole
TXN000992,CLI0109,17,3,2022-04-22 08:31:00,-2198.15,EUR,1.0,Debit,Complete,20549.6,false,701.0,3,Standard,Compte Courant,Remboursement credit,Lyon-Part-Dieu
TXN001317,CLI0106,28,8,2024-02-05 00:20:00,1487.3,EUR,1.0,Credit,Complete,31958.84,false,652.0,3,Standard,Credit Consommation,Remboursement credit,Nantes-Commerce
TXN001543,CLI0122,20,8,2023-06-29 12:26:00,-1305.41,EUR,1.0,Debit,Complete,1344.18,false,824.0,1,Premium,PEA,Virement,Nantes-Commerce
TXN000153,CLI0087,61,5,2024-09-27 23:41:00,-375.01,USD,1.08,Debit,Complete,36043.65,false,607.0,3,Standard,PEA,Paiement CB,Toulouse-Capitole
TXN000802,CLI0126,36,2,2022-08-17 03:42:00,306.56,EUR,1.0,Credit,Complete,37090.48,false,514.0,2,Risque,Credit Immobilier,Virement international,Bordeaux-Meriadeck
TXN000793,CLI0029,31,7,2022-10-01 12:26:00,-200000.0,EUR,1.0,Credit,Complete,47423.95,true,696.0,3,Standard,Credit Immobilier,Retrait DAB,Paris-Centre
TXN001257,CLI0073,32,1,2023-07-02 00:42:00,852.29,EUR,1.0,Credit,Complete,40536.66,false,645.0,1,Premium,Credit Consommation,Interets,Marseille-Vieux-Port
TXN000337,CLI0106,33,8,2022-09-19 18:37:00,525.33,EUR,1.0,Credit,En attente,7428.57,false,652.0,3,Standard,Compte Courant,Virement,Nantes-Commerce
TXN000562,CLI0010,16,3,2023-09-13 22:10:00,0.0,EUR,1.0,Debit,Complete,5558.16,false,816.0,1,Premium,Compte Epargne,Virement,Lyon-Part-Dieu
TXN000351,CLI0093,11,1,2022-11-19 02:17:00,-394.24,USD,1.08,Debit,Complete,10095.49,false,786.0,1,Premium,Compte Epargne,Retrait DAB,Marseille-Vieux-Port
TXN000169,CLI0077,32,7,2024-01-10 08:15:00,-2176.65,USD,1.08,Debit,Complete,6860.93,true,322.0,2,Risque,Credit Consommation,Interets,Paris-Centre
TXN000220,CLI0096,53,3,2022-06-23 18:06:00,1541.01,MAD,10.85,Credit,Complete,28434.25,false,710.0,3,Standard,Compte Epargne,Interets,Lyon-Part-Dieu
TXN001385,CLI0001,55,4,2023-11-02 22:49:00,1683.92,MAD,10.85,Credit,Complete,9449.86,false,586.0,3,Standard,Compte Courant,Depot especes,Lille-Grand-Place
TXN000669,CLI0014,15,1,2024-04-13 08:07:00,-5505.35,EUR,1.0,Debit,Complete,2268.89,true,673.0,3,Standard,PEA,Virement international,Marseille-Vieux-Port
TXN000631,CLI0108,57,7,2024-05-28 13:58:00,-216.47,EUR,1.0,Debit,En attente,22184.68,true,375.0,2,Risque,PEA,Retrait DAB,Paris-Centre
TXN001422,CLI0081,37,5,2023-03-31 04:51:00,-351.42,EUR,1.0,Debit,Complete,36090.46,false,645.0,3,Standard,Credit Auto,Prelevement,Toulouse-Capitole
TXN001924,CLI0067,7,7,2022-02-10 12:51:00,1355.33,USD,1.08,Credit,Complete,34535.67,true,337.0,2,Risque,Livret A,Remboursement credit,Paris-Centre
TXN001217,CLI0148,2,4,2022-06-05 06:11:00,427.34,USD,1.08,Credit,Complete,31801.32,false,713.0,3,Standard,Credit Consommation,Retrait DAB,Lille-Grand-Place
TXN001805,CLI0055,20,2,2024-03-10 21:25:00,350.38,USD,1.08,Credit,Complete,962.64,false,703.0,3,Standard,PEA,Virement,Bordeaux-Meriadeck
TXN000997,CLI0059,51,7,2022-09-11 12:41:00,212.36,EUR,1.0,Credit,Complete,3918.7,false,594.0,3,Standard,Assurance Vie,Retrait DAB,Paris-Centre
TXN001984,CLI0003,49,3,2024-05-05 12:10:00,-2502.85,EUR,1.0,Debit,Complete,112.31,false,587.0,3,Standard,Credit Immobilier,Virement,Lyon-Part-Dieu
TXN000308,CLI0095,31,8,2023-02-01 09:28:00,105.16,USD,1.08,Credit,Rejete,36780.47,false,668.0,3,Standard,Credit Immobilier,Retrait DAB,Nantes-Commerce
TXN001365,CLI0015,27,3,2022-10-08 22:16:00,411.53,USD,1.08,Credit,Complete,20660.29,false,648.0,3,Standard,Assurance Vie,Paiement CB,Lyon-Part-Dieu
TXN000070,CLI0119,33,2,2023-01-21 10:38:00,-1453.11,EUR,1.0,Debit,Complete,40567.24,false,793.0,1,Premium,Compte Courant,Virement,Bordeaux-Meriadeck
TXN001106,CLI0049,44,3,2024-06-01 08:29:00,1381.3,USD,1.08,Credit,Complete,3743.99,false,593.0,3,Standard,Credit Immobilier,Prelevement,Lyon-Part-Dieu
TXN000408,CLI0147,49,6,2023-06-22 02:25:00,1530.38,EUR,1.0,Credit,Complete,24098.03,false,812.0,1,Premium,Credit Immobilier,Virement,Nice-Massena
TXN000520,CLI0054,57,2,2023-07-02 16:43:00,-223.01,EUR,1.0,Debit,Complete,24362.72,true,347.0,3,Standard,PEA,Retrait DAB,Bordeaux-Meriadeck
TXN001213,CLI0040,45,6,2022-06-04 00:46:00,26.45,USD,1.08,Credit,Complete,31343.71,false,491.0,2,Risque,Livret A,Retrait DAB,Nice-Massena
TXN000033,CLI0074,34,8,2023-12-09 18:19:00,-1934.87,EUR,1.0,Debit,Complete,15175.87,false,633.0,3,Standard,Assurance Vie,Depot especes,Nantes-Commerce
TXN000391,CLI0139,15,1,2024-11-02 12:46:00,-1647.17,EUR,1.0,Debit,Complete,12015.45,false,674.0,3,Standard,PEA,Virement international,Marseille-Vieux-Port
TXN001613,CLI0115,15,5,2023-07-05 19:30:00,527.27,EUR,1.0,Credit,Complete,38034.42,false,709.0,3,Standard,PEA,Virement international,Toulouse-Capitole
TXN001748,CLI0144,18,7,2023-11-24 05:28:03,380.77,EUR,1.0,Credit,Complete,6760.48,true,361.0,2,Risque,Credit Immobilier,Paiement CB,Paris-Centre
TXN001565,CLI0006,13,5,2022-06-01 06:53:00,383.19,EUR,1.0,Credit,Complete,37799.0,false,620.0,3,Standard,Credit Consommation,Prelevement,Toulouse-Capitole
TXN000983,CLI0030,24,3,2023-04-01 23:04:00,-2751.5,GBP,0.86,Debit,Complete,36802.54,true,391.0,2,Risque,Assurance Vie,Virement international,Lyon-Part-Dieu
TXN001938,CLI0099,16,8,2022-12-20 10:16:00,-88888.0,EUR,1.0,Debit,Rejete,44685.8,true,664.0,3,Standard,Compte Epargne,Virement,Nantes-Commerce
TXN001421,CLI0016,15,2,2022-04-28 09:15:00,-1796.19,EUR,1.0,Debit,Complete,26358.01,false,716.0,3,Standard,PEA,Virement international,Bordeaux-Meriadeck
TXN000175,CLI0093,59,1,2023-05-24 21:42:00,1097.28,EUR,1.0,Credit,Complete,32287.06,false,786.0,1,Premium,Compte Courant,Prelevement,Marseille-Vieux-Port
TXN001487,CLI0043,20,2,2023-11-15 18:15:00,-843.94,EUR,1.0,Debit,Complete,15448.27,false,735.0,1,Premium,PEA,Virement,Bordeaux-Meriadeck
TXN001889,CLI0062,27,5,2022-03-03 14:20:00,200.03,EUR,1.0,Credit,Complete,44539.48,false,640.0,3,Standard,Assurance Vie,Paiement CB,Toulouse-Capitole
TXN000505,CLI0139,19,1,2023-10-06 03:29:00,112.99,EUR,1.0,Credit,Complete,8072.0,false,674.0,3,Standard,Credit Auto,Retrait DAB,Marseille-Vieux-Port
TXN001466,CLI0113,31,3,2023-04-20 17:15:00,440.79,USD,1.08,Credit,Complete,49796.16,false,643.0,3,Standard,Credit Immobilier,Retrait DAB,Lyon-Part-Dieu
TXN000172,CLI0101,12,1,2023-02-14 18:34:00,1603.43,EUR,1.0,Credit,Rejete,23134.95,false,655.0,3,Standard,Compte Courant,Virement international,Marseille-Vieux-Port
TXN001408,CLI0129,33,7,2024-08-18 01:32:00,-1332.34,EUR,1.0,Debit,Complete,13138.14,false,573.0,2,Risque,Compte Courant,Virement,Paris-Centre
TXN001687,CLI0086,51,5,2023-05-07 13:23:00,290.87,EUR,1.0,Credit,Complete,46566.55,false,805.0,1,Premium,Assurance Vie,Retrait DAB,Toulouse-Capitole
TXN000503,CLI0122,55,8,2023-07-09 16:28:00,1265.49,EUR,1.0,Credit,Complete,35888.22,false,824.0,1,Premium,Compte Courant,Depot especes,Nantes-Commerce
TXN000665,CLI0050,3,3,2023-09-13 22:14:00,-741.06,GBP,0.86,Debit,Complete,24692.61,false,666.0,3,Standard,PEA,Prelevement,Lyon-Part-Dieu
TXN001711,CLI0145,1,3,2023-01-13 05:46:00,-2877.15,USD,1.08,Debit,Complete,44432.55,false,674.0,3,Standard,Compte Epargne,Depot especes,Lyon-Part-Dieu
TXN001574,CLI0081,62,5,2022-10-04 23:38:00,-2054.59,EUR,1.0,Debit,Rejete,12395.19,false,645.0,3,Standard,Credit Auto,Virement,Toulouse-Capitole
TXN000859,CLI0049,28,3,2022-12-07 19:24:00,-687.6,USD,1.08,Debit,Rejete,28884.14,false,593.0,3,Standard,Credit Consommation,Remboursement credit,Lyon-Part-Dieu
TXN000990,CLI0030,63,3,2022-09-20 15:53:03,-6476.83,USD,1.08,Debit,Complete,1545.23,true,391.0,2,Risque,Compte Epargne,Virement international,Lyon-Part-Dieu
TXN000402,CLI0147,21,6,2024-07-31 11:09:00,-458.3,EUR,1.0,Debit,Complete,40572.6,false,812.0,1,Premium,Credit Consommation,Depot especes,Nice-Massena
TXN000496,CLI0011,28,2,2024-12-07 14:43:00,-2617.09,EUR,1.0,Debit,En attente,1940.2,false,672.0,3,Standard,Credit Consommation,Remboursement credit,Bordeaux-Meriadeck
TXN000054,CLI0122,44,8,2022-06-24 02:27:00,334.87,EUR,1.0,Credit,Complete,29364.61,false,824.0,1,Premium,Credit Immobilier,Prelevement,Nantes-Commerce
TXN000164,CLI0070,53,8,2023-12-30 17:24:00,99999.99,EUR,1.0,Credit,Complete,30968.93,true,645.0,2,Risque,Compte Epargne,Interets,Nantes-Commerce
TXN000713,CLI0035,9,3,2024-08-08 15:29:00,-732.25,USD,1.08,Debit,Complete,21942.41,false,600.0,3,Standard,Credit Consommation,Virement international,Lyon-Part-Dieu
TXN000479,CLI0113,55,3,2023-12-08 01:41:00,829.97,EUR,1.0,Credit,Complete,19997.37,false,643.0,3,Standard,Compte Courant,Depot especes,Lyon-Part-Dieu
TXN000094,CLI0015,59,3,2024-04-11 11:32:00,2413.23,USD,1.08,Credit,Complete,30417.89,false,648.0,3,Standard,Compte Courant,Prelevement,Lyon-Part-Dieu
TXN000260,CLI0119,43,2,2022-09-11 21:01:00,-763.72,EUR,1.0,Debit,Complete,43536.99,false,793.0,1,Premium,Credit Auto,Remboursement credit,Bordeaux-Meriadeck
TXN000915,CLI0129,60,7,2023-07-09 04:46:00,630.35,MAD,10.85,Credit,Complete,1703.62,false,573.0,2,Risque,Livret A,Depot especes,Paris-Centre
TXN001272,CLI0116,47,2,2022-07-14 00:43:00,81.62,EUR,1.0,Credit,En attente,22277.06,false,620.0,3,Standard,Compte Courant,Retrait DAB,Bordeaux-Meriadeck
TXN000106,CLI0107,16,4,2023-08-17 20:19:00,1474.69,EUR,1.0,Credit,Complete,3741.35,true,420.0,2,Risque,Compte Epargne,Virement,Lille-Grand-Place
TXN000813,CLI0150,13,8,2024-02-22 20:16:00,2616.58,USD,1.08,Credit,Complete,11109.89,false,648.0,3,Standard,Credit Consommation,Prelevement,Nantes-Commerce
TXN000218,CLI0007,51,8,2022-01-20 10:00:00,-384.29,EUR,1.0,Debit,Complete,26537.74,false,635.0,3,Standard,Assurance Vie,Retrait DAB,Nantes-Commerce
TXN001082,CLI0135,57,8,2024-01-15 21:02:00,-211.28,USD,1.08,Debit,Complete,13646.53,false,593.0,3,Standard,PEA,Retrait DAB,Nantes-Commerce
TXN001860,CLI0120,16,3,2024-08-30 04:47:00,-1199.84,EUR,1.0,Debit,Complete,8955.06,false,718.0,3,Standard,Compte Epargne,Virement,Lyon-Part-Dieu
TXN000064,CLI0107,61,4,2022-02-12 10:10:00,404.63,EUR,1.0,Credit,Complete,42239.77,true,420.0,2,Risque,PEA,Paiement CB,Lille-Grand-Place
TXN000157,CLI0028,42,3,2023-05-09 06:39:00,1603.05,EUR,1.0,Credit,Complete,4043.06,false,667.0,3,Standard,Assurance Vie,Prelevement,Lyon-Part-Dieu
TXN000660,CLI0032,46,7,2023-07-27 13:13:00,1850.81,USD,1.08,Credit,En attente,47275.88,false,621.0,3,Standard,PEA,Depot especes,Paris-Centre
TXN000234,CLI0145,47,3,2024-10-05 17:19:00,-104.27,GBP,0.86,Debit,Complete,11018.57,false,674.0,3,Standard,Compte Courant,Retrait DAB,Lyon-Part-Dieu
TXN000996,CLI0064,33,4,2022-02-11 16:06:00,1529.42,EUR,1.0,Credit,Complete,15143.18,false,800.0,1,Premium,Compte Courant,Virement,Lille-Grand-Place
TXN000587,CLI0035,49,3,2023-09-18 10:36:00,-292.58,EUR,1.0,Debit,Complete,34319.09,false,600.0,3,Standard,Credit Immobilier,Virement,Lyon-Part-Dieu
TXN000305,CLI0038,62,2,2023-08-28 06:48:00,-1646.46,USD,1.08,Debit,Complete,43414.97,false,516.0,2,Risque,Credit Auto,Virement,Bordeaux-Meriadeck
TXN001991,CLI0106,44,8,2023-10-06 03:29:00,-324.8,EUR,1.0,Debit,En attente,35799.27,false,652.0,3,Standard,Credit Immobilier,Prelevement,Nantes-Commerce
TXN000282,CLI0068,2,3,2024-04-19 09:10:00,-38.91,EUR,1.0,Debit,Complete,24085.13,false,605.0,3,Standard,Credit Consommation,Retrait DAB,Lyon-Part-Dieu
TXN000897,CLI0094,6,7,2024-11-17 06:49:00,-1230.6,MAD,10.85,Debit,Complete,15426.62,false,435.0,2,Risque,Compte Epargne,Remboursement credit,Paris-Centre
TXN000913,CLI0143,21,3,2023-08-14 02:51:00,-919.44,EUR,1.0,Debit,Complete,29694.27,false,782.0,1,Premium,Credit Consommation,Depot especes,Lyon-Part-Dieu
TXN001755,CLI0015,35,3,2024-04-27 08:42:00,-2655.14,GBP,0.86,Debit,Complete,23866.72,false,648.0,3,Standard,Livret A,Interets,Lyon-Part-Dieu
TXN000208,CLI0138,38,2,2023-09-27 02:32:00,2766.73,EUR,1.0,Credit,Complete,19597.5,false,749.0,1,Premium,Credit Immobilier,Depot especes,Bordeaux-Meriadeck
TXN000222,CLI0020,11,2,2022-08-12 04:06:00,-98.9,EUR,1.0,Debit,Complete,17978.54,false,660.0,3,Standard,Compte Epargne,Retrait DAB,Bordeaux-Meriadeck
TXN001782,CLI0042,47,2,2022-02-10 01:14:00,-440.09,EUR,1.0,Debit,Complete,37281.79,false,638.0,3,Standard,Compte Courant,Retrait DAB,Bordeaux-Meriadeck
TXN001008,CLI0096,46,2,2024-12-07 21:13:00,2418.3,EUR,1.0,Credit,Complete,12636.84,false,710.0,3,Standard,PEA,Depot especes,Bordeaux-Meriadeck
TXN001585,CLI0065,6,2,2022-01-13 17:00:00,369.63,MAD,10.85,Credit,Complete,24777.26,false,645.0,3,Standard,Compte Epargne,Remboursement credit,Bordeaux-Meriadeck
TXN001415,CLI0017,34,2,2023-08-28 23:10:00,1589.08,USD,1.08,Credit,Complete,8013.78,false,649.0,3,Standard,Assurance Vie,Depot especes,Bordeaux-Meriadeck
TXN001027,CLI0145,48,3,2022-07-05 05:46:00,-304.93,EUR,1.0,Debit,Complete,39457.96,false,674.0,3,Standard,Compte Courant,Interets,Lyon-Part-Dieu
TXN000023,CLI0124,5,5,2022-10-24 12:12:00,-2769.51,EUR,1.0,Debit,Complete,13884.75,false,585.0,3,Standard,Credit Immobilier,Interets,Toulouse-Capitole
TXN000473,CLI0023,47,1,2022-06-09 21:40:00,278.81,EUR,1.0,Credit,En attente,26798.16,false,636.0,3,Standard,Compte Courant,Retrait DAB,Marseille-Vieux-Port
TXN001623,CLI0082,10,7,2022-09-16 00:54:00,-1755.03,USD,1.08,Debit,Complete,103.04,false,813.0,1,Premium,PEA,Remboursement credit,Paris-Centre
TXN000853,CLI0111,5,7,2023-03-10 00:48:00,-2066.83,EUR,1.0,Debit,Complete,3556.03,false,645.0,3,Standard,Credit Immobilier,Interets,Paris-Centre
TXN000603,CLI0107,52,4,2024-10-17 21:06:00,-2667.73,EUR,1.0,Debit,Complete,29557.89,true,420.0,2,Risque,Livret A,Prelevement,Lille-Grand-Place
TXN000646,CLI0001,37,4,2022-05-19 01:26:00,-1469.47,EUR,1.0,Debit,En attente,39089.33,false,586.0,3,Standard,Credit Auto,Prelevement,Lille-Grand-Place
TXN000829,CLI0001,45,4,2022-02-05 11:35:00,-247.48,MAD,10.85,Debit,Complete,17532.44,false,586.0,3,Standard,Livret A,Retrait DAB,Lille-Grand-Place
TXN001779,CLI0112,38,1,2023-01-05 03:39:00,465.68,EUR,1.0,Credit,Complete,9746.07,false,636.0,3,Standard,Credit Immobilier,Depot especes,Marseille-Vieux-Port
TXN000443,CLI0054,28,2,2023-11-15 11:35:00,-2427.83,EUR,1.0,Debit,Complete,12795.43,false,347.0,3,Standard,Credit Consommation,Remboursement credit,Bordeaux-Meriadeck
TXN001255,CLI0143,30,3,2024-09-09 02:46:00,-352.06,EUR,1.0,Debit,Complete,1591.92,false,782.0,1,Premium,Compte Epargne,Paiement CB,Lyon-Part-Dieu
TXN000161,CLI0009,1,6,2023-10-07 00:13:00,1781.76,CHF,0.97,Credit,En attente,15033.92,false,645.0,3,Standard,Compte Epargne,Depot especes,Nice-Massena
TXN001795,CLI0145,55,3,2023-04-03 19:17:00,2029.93,EUR,1.0,Credit,Complete,36934.89,false,674.0,3,Standard,Compte Courant,Depot especes,Lyon-Part-Dieu
TXN000755,CLI0081,6,5,2022-01-04 09:03:00,-1790.68,EUR,1.0,Debit,Rejete,16050.19,false,645.0,3,Standard,Compte Epargne,Remboursement credit,Toulouse-Capitole
TXN000978,CLI0046,46,2,2023-03-08 13:33:00,870.86,EUR,1.0,Credit,Complete,14311.07,false,841.0,1,Premium,PEA,Depot especes,Bordeaux-Meriadeck
TXN001540,CLI0045,3,2,2022-02-20 00:36:00,-1333.53,USD,1.08,Debit,Complete,35200.05,false,704.0,3,Standard,PEA,Prelevement,Bordeaux-Meriadeck
TXN001031,CLI0116,1,6,2024-02-29 04:34:00,1727.7,EUR,1.0,Credit,Complete,40564.33,false,620.0,3,Standard,Compte Epargne,Depot especes,Nice-Massena
TXN001372,CLI0056,34,5,2024-11-09 07:26:00,-65.6,EUR,1.0,Debit,Complete,36519.58,true,384.0,2,Risque,Assurance Vie,Depot especes,Toulouse-Capitole
TXN000092,CLI0021,64,1,2023-10-06 03:29:00,-997.57,EUR,1.0,Debit,Complete,30170.82,false,697.0,3,Standard,Assurance Vie,Remboursement credit,Marseille-Vieux-Port
TXN001628,CLI0090,54,8,2024-02-01 00:39:00,-575.1,EUR,1.0,Debit,Rejete,32881.17,false,682.0,3,Standard,Livret A,Virement,Nantes-Commerce
TXN001261,CLI0065,38,2,2024-01-05 20:29:00,-1379.77,EUR,1.0,Debit,En attente,17238.34,false,645.0,3,Standard,Credit Immobilier,Depot especes,Bordeaux-Meriadeck
TXN001724,CLI0132,15,2,2022-09-13 04:02:00,1436.61,EUR,1.0,Credit,Complete,38752.33,false,663.0,3,Standard,PEA,Virement international,Bordeaux-Meriadeck
TXN000675,CLI0015,27,3,2024-06-03 02:06:00,345.23,EUR,1.0,Credit,Complete,20143.98,false,648.0,3,Standard,Assurance Vie,Paiement CB,Lyon-Part-Dieu
TXN000435,CLI0140,16,1,2024-10-07 07:13:00,-1787.14,EUR,1.0,Debit,Complete,30100.71,false,609.0,3,Standard,Compte Epargne,Virement,Marseille-Vieux-Port
TXN001846,CLI0064,30,4,2022-06-18 12:51:00,-142.35,EUR,1.0,Debit,Complete,44675.74,false,800.0,1,Premium,Compte Epargne,Paiement CB,Lille-Grand-Place
TXN000571,CLI0139,36,1,2023-10-06 03:29:00,4219.88,EUR,1.0,Credit,En attente,31429.41,false,674.0,3,Standard,Credit Immobilier,Virement international,Marseille-Vieux-Port
TXN001360,CLI0090,16,8,2024-03-08 13:06:00,2431.46,EUR,1.0,Credit,Complete,9588.17,false,682.0,3,Standard,Compte Epargne,Virement,Nantes-Commerce
TXN000668,CLI0071,19,7,2022-02-17 22:43:00,-275.81,GBP,0.86,Debit,Complete,21413.01,false,797.0,1,Premium,Credit Auto,Retrait DAB,Paris-Centre
TXN000526,CLI0124,36,5,2022-04-07 04:22:00,2418.18,MAD,10.85,Credit,Complete,14333.8,false,585.0,3,Standard,Credit Immobilier,Virement international,Toulouse-Capitole
TXN001840,CLI0137,42,1,2022-09-09 01:18:00,1016.83,GBP,0.86,Credit,Complete,23105.82,false,725.0,1,Premium,Assurance Vie,Prelevement,Marseille-Vieux-Port
TXN000390,CLI0090,36,8,2023-07-18 19:58:00,-6912.37,USD,1.08,Debit,Complete,40988.99,true,682.0,3,Standard,Credit Immobilier,Virement international,Nantes-Commerce
TXN000612,CLI0119,18,2,2022-06-17 16:01:03,74.69,EUR,1.0,Credit,Complete,42161.2,false,793.0,1,Premium,Credit Immobilier,Paiement CB,Bordeaux-Meriadeck
TXN000318,CLI0059,29,7,2024-07-12 20:25:00,-227.85,EUR,1.0,Debit,Complete,32107.0,false,594.0,3,Standard,Livret A,Paiement CB,Paris-Centre
TXN000624,CLI0127,18,6,2022-04-07 00:22:00,-442.83,EUR,1.0,Debit,Complete,42987.14,false,645.0,3,Standard,Credit Immobilier,Paiement CB,Nice-Massena
TXN000523,CLI0038,5,2,2023-10-06 03:29:00,-116.94,EUR,1.0,Debit,Complete,21064.49,false,516.0,2,Risque,Credit Immobilier,Interets,Bordeaux-Meriadeck
TXN000570,CLI0087,27,5,2024-12-23 15:27:00,120.67,EUR,1.0,Credit,Complete,15065.46,false,607.0,3,Standard,Assurance Vie,Paiement CB,Toulouse-Capitole
TXN000729,CLI0109,34,3,2023-09-13 09:36:00,1372.4,EUR,1.0,Credit,Complete,24110.42,false,701.0,3,Standard,Assurance Vie,Depot especes,Lyon-Part-Dieu
TXN000232,CLI0062,61,5,2022-04-25 07:36:00,426.32,EUR,1.0,Credit,En attente,49577.94,false,640.0,3,Standard,PEA,Paiement CB,Toulouse-Capitole
TXN000987,CLI0054,46,2,2023-06-23 19:24:00,-1911.53,EUR,1.0,Debit,Complete,32881.35,false,347.0,3,Standard,PEA,Depot especes,Bordeaux-Meriadeck
TXN000495,CLI0062,48,5,2023-09-23 15:34:00,2896.61,EUR,1.0,Credit,Complete,2897.12,false,640.0,3,Standard,Compte Courant,Interets,Toulouse-Capitole
TXN000374,CLI0084,5,1,2023-07-12 17:28:00,448.59,EUR,1.0,Credit,Complete,22881.52,false,684.0,3,Standard,Credit Immobilier,Interets,Marseille-Vieux-Port
TXN001792,CLI0114,28,8,2024-10-27 22:07:00,1089.41,EUR,1.0,Credit,Complete,15015.54,false,838.0,1,Premium,Credit Consommation,Remboursement credit,Nantes-Commerce
TXN001207,CLI0127,41,6,2024-05-05 05:23:00,-2561.2,EUR,1.0,Debit,Rejete,45223.57,false,645.0,3,Standard,Assurance Vie,Virement,Nice-Massena
TXN000144,CLI0134,31,6,2023-07-18 01:35:00,475.29,EUR,1.0,Credit,Complete,21417.31,false,600.0,3,Standard,Credit Immobilier,Retrait DAB,Nice-Massena
TXN000717,CLI0096,2,3,2022-02-02 13:01:00,-494.86,EUR,1.0,Debit,Complete,3252.26,false,710.0,3,Standard,Credit Consommation,Retrait DAB,Lyon-Part-Dieu
TXN001431,CLI0108,22,7,2022-03-16 22:47:00,-2578.97,EUR,1.0,Debit,En attente,2238.39,true,375.0,2,Risque,Compte Epargne,Prelevement,Paris-Centre
TXN000181,CLI0111,28,7,2023-02-09 14:37:00,-1317.18,EUR,1.0,Debit,Complete,37641.04,false,645.0,3,Standard,Credit Consommation,Remboursement credit,Paris-Centre
TXN000502,CLI0125,22,4,2023-01-03 02:45:00,1972.68,EUR,1.0,Credit,Complete,39632.81,false,810.0,1,Premium,Compte Epargne,Prelevement,Lille-Grand-Place
TXN001788,CLI0104,60,8,2022-08-03 07:27:00,1678.84,EUR,1.0,Credit,Complete,3811.84,false,645.0,3,Standard,Livret A,Depot especes,Nantes-Commerce
TXN001079,CLI0094,10,7,2022-12-15 11:41:00,509.84,EUR,1.0,Credit,Complete,18961.14,false,435.0,2,Risque,PEA,Remboursement credit,Paris-Centre
TXN001022,CLI0140,44,1,2022-03-01 19:57:00,2154.27,EUR,1.0,Credit,Complete,6669.25,false,609.0,3,Standard,Credit Immobilier,Prelevement,Marseille-Vieux-Port
TXN000026,CLI0106,49,8,2024-08-26 22:58:00,-2443.66,EUR,1.0,Debit,Complete,1947.28,false,652.0,3,Standard,Credit Immobilier,Virement,Nantes-Commerce
TXN000204,CLI0073,16,1,2023-09-10 06:33:00,0.0,GBP,0.86,Debit,Complete,2823.0,false,645.0,1,Premium,Compte Epargne,Virement,Marseille-Vieux-Port
TXN000441,CLI0074,14,2,2023-10-11 08:33:00,1746.67,EUR,1.0,Credit,Complete,24870.21,false,633.0,3,Standard,Credit Immobilier,Remboursement credit,Bordeaux-Meriadeck
TXN000825,CLI0020,62,2,2022-11-01 20:09:00,-994.76,GBP,0.86,Debit,Complete,5746.89,false,660.0,3,Standard,Credit Auto,Virement,Bordeaux-Meriadeck
TXN001144,CLI0011,63,2,2024-06-20 14:36:00,-88888.0,EUR,1.0,Debit,Complete,31443.11,true,672.0,3,Standard,Compte Epargne,Virement international,Bordeaux-Meriadeck
TXN000352,CLI0004,3,2,2023-08-06 23:53:00,1699.39,CHF,0.97,Credit,Rejete,13897.74,false,645.0,3,Standard,PEA,Prelevement,Bordeaux-Meriadeck
TXN000330,CLI0024,14,3,2022-01-22 21:15:00,2551.55,EUR,1.0,Credit,Complete,7104.5,false,592.0,3,Standard,Credit Immobilier,Remboursement credit,Lyon-Part-Dieu
TXN001445,CLI0144,2,7,2023-03-28 10:42:00,338.02,EUR,1.0,Credit,En attente,26058.41,true,361.0,2,Risque,Credit Consommation,Retrait DAB,Paris-Centre
TXN000108,CLI0103,34,7,2024-11-20 17:06:00,-991.39,USD,1.08,Debit,Complete,7129.79,false,683.0,3,Standard,Assurance Vie,Depot especes,Paris-Centre
TXN001324,CLI0141,42,4,2022-11-11 12:21:00,-1998.82,MAD,10.85,Debit,Complete,38129.23,false,726.0,1,Premium,Assurance Vie,Prelevement,Lille-Grand-Place
TXN000747,CLI0122,17,8,2022-01-07 20:52:00,1000.44,USD,1.08,Credit,Rejete,36817.07,false,824.0,1,Premium,Compte Courant,Remboursement credit,Nantes-Commerce
TXN001658,CLI0039,59,4,2024-03-15 14:14:00,2394.01,EUR,1.0,Credit,Complete,33949.08,false,645.0,3,Standard,Compte Courant,Prelevement,Lille-Grand-Place
TXN001495,CLI0094,25,7,2023-08-13 05:32:00,1205.4,USD,1.08,Credit,Rejete,40639.65,false,435.0,2,Risque,Livret A,Virement international,Paris-Centre
TXN001614,CLI0111,6,7,2023-08-26 17:09:00,1164.87,EUR,1.0,Credit,Complete,30385.97,false,645.0,3,Standard,Compte Epargne,Remboursement credit,Paris-Centre
TXN001225,CLI0087,51,5,2024-03-14 05:19:00,418.29,EUR,1.0,Credit,Complete,24378.09,false,607.0,3,Standard,Assurance Vie,Retrait DAB,Toulouse-Capitole
TXN001828,CLI0137,11,1,2023-11-29 05:06:00,-358.05,GBP,0.86,Debit,Complete,14596.42,false,725.0,1,Premium,Compte Epargne,Retrait DAB,Marseille-Vieux-Port
TXN001114,CLI0117,41,4,2024-05-10 12:54:00,-345.19,EUR,1.0,Debit,Complete,21764.03,false,645.0,3,Standard,Assurance Vie,Virement,Lille-Grand-Place
TXN001778,CLI0081,24,5,2024-03-05 20:25:00,2397.8,USD,1.08,Credit,Complete,6025.72,false,645.0,3,Standard,Assurance Vie,Virement international,Toulouse-Capitole
TXN001066,CLI0103,30,7,2023-11-16 14:41:00,102.69,EUR,1.0,Credit,Complete,20963.19,false,683.0,3,Standard,Compte Epargne,Paiement CB,Paris-Centre
TXN001133,CLI0109,19,3,2024-03-31 09:24:00,452.46,EUR,1.0,Credit,Complete,6892.38,false,701.0,3,Standard,Credit Auto,Retrait DAB,Lyon-Part-Dieu
TXN001851,CLI0138,61,2,2024-11-08 14:48:00,-149.42,CHF,0.97,Debit,Complete,35374.9,false,749.0,1,Premium,PEA,Paiement CB,Bordeaux-Meriadeck
TXN000406,CLI0014,4,2,2023-10-16 17:36:00,-91.8,EUR,1.0,Debit,Complete,33714.4,false,673.0,3,Standard,Credit Consommation,Paiement CB,Bordeaux-Meriadeck
TXN001825,CLI0075,18,6,2023-10-06 03:29:00,250.01,GBP,0.86,Credit,Complete,19934.78,false,645.0,3,Standard,Credit Immobilier,Paiement CB,Nice-Massena
TXN000437,CLI0090,54,8,2022-03-08 21:36:03,-2522.14,EUR,1.0,Debit,Complete,20906.15,false,682.0,3,Standard,Livret A,Virement,Nantes-Commerce
TXN001202,CLI0075,30,6,2022-11-24 04:10:00,-219.29,EUR,1.0,Debit,Complete,27660.83,false,645.0,3,Standard,Compte Epargne,Paiement CB,Nice-Massena
TXN000792,CLI0069,3,1,2024-06-18 05:08:00,-1093.53,MAD,10.85,Debit,En attente,35490.05,false,647.0,3,Standard,PEA,Prelevement,Marseille-Vieux-Port
TXN001879,CLI0059,18,7,2024-11-10 13:17:00,235.54,EUR,1.0,Credit,Complete,28746.8,false,594.0,3,Standard,Credit Immobilier,Paiement CB,Paris-Centre
TXN001007,CLI0108,64,7,2022-08-29 13:18:00,2173.83,EUR,1.0,Credit,Complete,30793.51,true,375.0,2,Risque,Assurance Vie,Remboursement credit,Paris-Centre
TXN001955,CLI0084,61,1,2023-12-18 19:46:00,314.12,EUR,1.0,Credit,Complete,30220.79,false,684.0,3,Standard,PEA,Paiement CB,Marseille-Vieux-Port
TXN000015,CLI0146,23,5,2024-08-17 22:19:00,355.87,EUR,1.0,Credit,Complete,29942.03,false,583.0,3,Standard,Credit Auto,Paiement CB,Toulouse-Capitole
TXN000452,CLI0023,12,1,2022-04-05 03:33:00,6176.21,EUR,1.0,Credit,Complete,15675.93,true,636.0,3,Standard,Compte Courant,Virement international,Marseille-Vieux-Port
TXN000525,CLI0084,56,1,2024-12-21 17:28:00,-200000.0,EUR,1.0,Credit,Complete,13074.37,true,684.0,3,Standard,Assurance Vie,Interets,Marseille-Vieux-Port
TXN000113,CLI0099,35,8,2023-07-27 19:43:00,-1852.58,USD,1.08,Debit,Complete,39765.37,false,664.0,3,Standard,Livret A,Interets,Nantes-Commerce
TXN001566,CLI0042,47,2,2022-08-10 07:13:00,-248.05,USD,1.08,Debit,Complete,49052.53,false,638.0,3,Standard,Compte Courant,Retrait DAB,Bordeaux-Meriadeck
TXN000584,CLI0061,30,1,2022-11-25 14:40:00,172.25,EUR,1.0,Credit,Complete,13774.42,true,341.0,2,Risque,Compte Epargne,Paiement CB,Marseille-Vieux-Port
TXN001382,CLI0070,1,8,2024-06-16 04:01:00,2353.97,EUR,1.0,Credit,Complete,47430.92,true,645.0,2,Risque,Compte Epargne,Depot especes,Nantes-Commerce
TXN000279,CLI0137,54,1,2022-04-09 21:06:00,-1978.02,EUR,1.0,Debit,Complete,19074.66,false,725.0,1,Premium,Livret A,Virement,Marseille-Vieux-Port
TXN001331,CLI0040,3,6,2024-11-01 11:26:00,-2240.44,USD,1.08,Debit,Complete,12200.46,false,491.0,2,Risque,PEA,Prelevement,Nice-Massena
TXN001673,CLI0015,25,3,2023-04-18 14:29:00,-3784.87,USD,1.08,Debit,Complete,11289.82,false,648.0,3,Standard,Livret A,Virement international,Lyon-Part-Dieu
TXN000031,CLI0092,36,8,2023-05-16 16:26:00,4614.24,EUR,1.0,Credit,Complete,30513.64,false,717.0,3,Standard,Credit Immobilier,Virement international,Nantes-Commerce
TXN000698,CLI0054,39,2,2024-08-17 23:52:00,1411.13,EUR,1.0,Credit,Complete,21496.77,true,347.0,3,Standard,PEA,Interets,Bordeaux-Meriadeck
TXN001099,CLI0071,15,7,2023-08-06 03:30:00,1247.42,EUR,1.0,Credit,Rejete,36649.21,false,797.0,1,Premium,PEA,Virement international,Paris-Centre
TXN000539,CLI0063,62,7,2023-07-22 15:04:00,-1816.73,EUR,1.0,Debit,Complete,43430.46,true,426.0,2,Risque,Credit Auto,Virement,Paris-Centre
TXN001735,CLI0135,58,8,2022-04-08 18:21:00,-1526.49,EUR,1.0,Debit,Complete,11004.46,false,593.0,3,Standard,Credit Auto,Depot especes,Nantes-Commerce
TXN001966,CLI0089,19,2,2023-07-06 08:05:00,150000.0,EUR,1.0,Credit,Complete,37592.71,true,638.0,3,Standard,Credit Auto,Retrait DAB,Bordeaux-Meriadeck
TXN001627,CLI0116,57,6,2024-05-09 02:24:00,-471.97,EUR,1.0,Debit,Complete,3388.96,false,620.0,3,Standard,PEA,Retrait DAB,Nice-Massena
TXN001208,CLI0007,40,8,2022-12-08 01:41:00,-754.47,EUR,1.0,Debit,Rejete,16942.14,false,635.0,3,Standard,Credit Auto,Interets,Nantes-Commerce
TXN000159,CLI0142,39,5,2022-01-20 22:10:00,293.92,EUR,1.0,Credit,Complete,42912.22,false,676.0,3,Standard,PEA,Interets,Toulouse-Capitole
TXN001567,CLI0012,8,4,2024-11-12 03:25:00,179.58,EUR,1.0,Credit,En attente,18079.78,false,778.0,1,Premium,Compte Courant,Paiement CB,Lille-Grand-Place
TXN001502,CLI0002,4,3,2022-05-01 12:47:00,-23.9,EUR,1.0,Debit,Complete,24527.94,false,606.0,3,Standard,Credit Consommation,Paiement CB,Lyon-Part-Dieu
TXN000969,CLI0093,11,1,2022-08-25 22:15:00,233.6,EUR,1.0,Credit,Complete,17664.03,false,786.0,1,Premium,Compte Epargne,Retrait DAB,Marseille-Vieux-Port
TXN001639,CLI0021,12,1,2022-11-23 06:36:00,1625.62,MAD,10.85,Credit,Complete,16731.99,false,697.0,3,Standard,Compte Courant,Virement international,Marseille-Vieux-Port
TXN000004,CLI0076,57,3,2023-05-14 09:42:00,-299.15,EUR,1.0,Debit,Complete,37322.18,true,326.0,2,Risque,PEA,Retrait DAB,Lyon-Part-Dieu
TXN000120,CLI0123,64,2,2022-12-21 14:58:00,-1622.72,EUR,1.0,Debit,Complete,9693.98,false,595.0,3,Standard,Assurance Vie,Remboursement credit,Bordeaux-Meriadeck
TXN000342,CLI0139,16,1,2024-06-02 16:26:00,-1142.61,CHF,0.97,Debit,Complete,40134.78,false,674.0,3,Standard,Compte Epargne,Virement,Marseille-Vieux-Port
TXN000710,CLI0062,21,5,2023-08-21 21:58:00,246.89,EUR,1.0,Credit,En attente,20622.78,false,640.0,3,Standard,Credit Consommation,Depot especes,Toulouse-Capitole
TXN000582,CLI0009,20,6,2023-05-06 08:35:00,1184.84,USD,1.08,Credit,En attente,34293.89,false,645.0,3,Standard,PEA,Virement,Nice-Massena
TXN001843,CLI0111,22,7,2023-08-21 14:42:00,776.62,EUR,1.0,Credit,Complete,12046.5,false,645.0,3,Standard,Compte Epargne,Prelevement,Paris-Centre
TXN001528,CLI0089,60,2,2024-10-13 00:49:00,336.65,USD,1.08,Credit,Complete,9618.75,false,638.0,3,Standard,Livret A,Depot especes,Bordeaux-Meriadeck
TXN001597,CLI0027,52,3,2024-03-22 14:30:00,-1540.21,USD,1.08,Debit,Complete,17332.48,true,305.0,2,Risque,Livret A,Prelevement,Lyon-Part-Dieu
TXN001742,CLI0077,57,7,2023-11-02 12:24:00,-126.22,EUR,1.0,Debit,Complete,10314.71,true,322.0,2,Risque,PEA,Retrait DAB,Paris-Centre
TXN000386,CLI0112,12,1,2023-07-20 18:07:00,-3287.3,EUR,1.0,Debit,Complete,34568.5,false,636.0,3,Standard,Compte Courant,Virement international,Marseille-Vieux-Port
TXN000075,CLI0093,50,1,2023-01-05 06:21:00,-2845.62,EUR,1.0,Debit,Rejete,7831.76,false,786.0,1,Premium,Credit Consommation,Virement,Marseille-Vieux-Port
TXN000183,CLI0100,64,4,2023-12-14 11:54:00,-1400.69,EUR,1.0,Debit,En attente,29549.4,false,656.0,3,Standard,Assurance Vie,Remboursement credit,Lille-Grand-Place
TXN001212,CLI0022,9,5,2022-08-21 00:51:00,1202.5,GBP,0.86,Credit,Complete,18732.08,false,787.0,3,Standard,Credit Consommation,Virement international,Toulouse-Capitole
TXN000881,CLI0099,14,8,2023-12-24 11:57:00,-1916.46,EUR,1.0,Debit,En attente,47909.06,false,664.0,3,Standard,Credit Immobilier,Remboursement credit,Nantes-Commerce
TXN000343,CLI0098,25,2,2022-07-20 13:08:00,2185.24,EUR,1.0,Credit,Complete,43850.64,false,580.0,3,Standard,Livret A,Virement international,Bordeaux-Meriadeck
TXN000661,CLI0067,48,7,2023-10-21 10:13:03,1406.41,EUR,1.0,Credit,En attente,6772.91,true,337.0,2,Risque,Compte Courant,Interets,Paris-Centre
TXN000847,CLI0032,5,7,2023-08-11 12:26:00,2578.15,EUR,1.0,Credit,Complete,25672.71,false,621.0,3,Standard,Credit Immobilier,Interets,Paris-Centre
TXN000955,CLI0079,41,7,2023-12-14 00:58:00,1845.78,EUR,1.0,Credit,Complete,29588.84,false,689.0,3,Standard,Assurance Vie,Virement,Paris-Centre
TXN000933,CLI0041,2,2,2022-08-06 15:59:00,-346.07,EUR,1.0,Debit,Rejete,40446.92,false,643.0,3,Standard,Credit Consommation,Retrait DAB,Bordeaux-Meriadeck
TXN000267,CLI0007,32,8,2023-06-16 13:25:00,-1195.41,MAD,10.85,Debit,Complete,35697.13,false,635.0,3,Standard,Credit Consommation,Interets,Nantes-Commerce
TXN000052,CLI0076,32,3,2024-05-31 03:50:03,2120.25,EUR,1.0,Credit,Complete,44415.74,true,326.0,2,Risque,Credit Consommation,Interets,Lyon-Part-Dieu
TXN000125,CLI0121,37,1,2022-10-09 00:35:00,-2934.84,USD,1.08,Debit,Complete,10052.85,false,645.0,1,Premium,Credit Auto,Prelevement,Marseille-Vieux-Port
TXN001088,CLI0117,62,4,2024-04-13 19:17:00,-1503.19,EUR,1.0,Debit,Complete,47576.64,false,645.0,3,Standard,Credit Auto,Virement,Lille-Grand-Place
TXN000419,CLI0008,4,8,2023-12-01 12:42:00,85.89,EUR,1.0,Credit,Complete,28687.64,false,744.0,1,Premium,Credit Consommation,Paiement CB,Nantes-Commerce
TXN000283,CLI0061,54,1,2022-07-02 03:53:00,-1743.75,EUR,1.0,Debit,Complete,3844.91,false,341.0,2,Risque,Livret A,Virement,Marseille-Vieux-Port
TXN001156,CLI0094,18,7,2024-01-17 07:20:00,-279.38,EUR,1.0,Debit,Complete,41389.65,false,435.0,2,Risque,Credit Immobilier,Paiement CB,Paris-Centre
TXN001681,CLI0066,57,6,2022-10-09 23:21:00,471.6,USD,1.08,Credit,Complete,7650.15,false,656.0,3,Standard,PEA,Retrait DAB,Nice-Massena
TXN000597,CLI0129,5,7,2024-08-16 04:05:00,-986.09,CHF,0.97,Debit,Complete,15732.15,false,573.0,2,Risque,Credit Immobilier,Interets,Paris-Centre
TXN001459,CLI0044,47,3,2024-04-01 03:29:00,-281.45,EUR,1.0,Debit,Complete,49805.93,false,469.0,2,Risque,Compte Courant,Retrait DAB,Lyon-Part-Dieu
TXN001743,CLI0047,2,3,2022-11-19 21:47:00,85.15,GBP,0.86,Credit,Complete,14708.48,true,397.0,2,Risque,Credit Consommation,Retrait DAB,Lyon-Part-Dieu
TXN000652,CLI0007,36,8,2022-07-06 03:06:00,-4425.88,EUR,1.0,Debit,Complete,4572.47,false,635.0,3,Standard,Credit Immobilier,Virement international,Nantes-Commerce
TXN000674,CLI0022,49,5,2024-02-12 10:56:00,-2550.69,CHF,0.97,Debit,Complete,40139.12,false,787.0,3,Standard,Credit Immobilier,Virement,Toulouse-Capitole
TXN000759,CLI0040,31,6,2023-04-06 22:47:00,45.23,GBP,0.86,Credit,Complete,36397.03,false,491.0,2,Risque,Credit Immobilier,Retrait DAB,Nice-Massena
TXN001816,CLI0064,24,4,2023-10-20 17:20:00,1533.56,EUR,1.0,Credit,Complete,42100.74,false,800.0,1,Premium,Assurance Vie,Virement international,Lille-Grand-Place
TXN001177,CLI0046,9,2,2022-04-02 06:06:00,-3766.42,USD,1.08,Debit,Complete,3740.88,false,841.0,1,Premium,Credit Consommation,Virement international,Bordeaux-Meriadeck
TXN000577,CLI0022,25,2,2022-05-11 13:57:00,3034.79,EUR,1.0,Credit,Complete,42006.54,false,787.0,3,Standard,Livret A,Virement international,Bordeaux-Meriadeck
TXN001700,CLI0046,60,2,2023-01-17 10:29:00,2004.58,EUR,1.0,Credit,Complete,30250.34,false,841.0,1,Premium,Livret A,Depot especes,Bordeaux-Meriadeck
TXN001781,CLI0131,42,1,2024-07-03 04:52:00,2293.04,EUR,1.0,Credit,Complete,26389.61,false,838.0,1,Premium,Assurance Vie,Prelevement,Marseille-Vieux-Port
TXN001167,CLI0002,36,3,2022-02-26 18:36:00,-3123.72,EUR,1.0,Debit,Complete,31081.53,false,606.0,3,Standard,Credit Immobilier,Virement international,Lyon-Part-Dieu
TXN001377,CLI0004,7,2,2023-02-27 14:09:00,483.61,EUR,1.0,Credit,Complete,16323.07,false,645.0,3,Standard,Livret A,Remboursement credit,Bordeaux-Meriadeck
TXN000822,CLI0029,35,7,2022-08-14 07:06:00,-2871.58,EUR,1.0,Debit,Complete,6005.71,false,696.0,3,Standard,Livret A,Interets,Paris-Centre
TXN000384,CLI0064,41,4,2022-07-12 16:42:00,-2947.24,EUR,1.0,Debit,En attente,8014.71,false,800.0,1,Premium,Assurance Vie,Virement,Lille-Grand-Place
TXN000719,CLI0102,10,1,2023-03-14 03:22:00,-1003.94,EUR,1.0,Debit,Complete,10717.12,false,645.0,3,Standard,PEA,Remboursement credit,Marseille-Vieux-Port
TXN001454,CLI0083,62,3,2022-12-29 20:33:00,627.9,EUR,1.0,Credit,Complete,31386.19,false,643.0,3,Standard,Credit Auto,Virement,Lyon-Part-Dieu
TXN000392,CLI0017,10,2,2024-10-15 17:09:00,-1858.47,EUR,1.0,Debit,Complete,26207.71,false,649.0,3,Standard,PEA,Remboursement credit,Bordeaux-Meriadeck
TXN000995,CLI0051,46,1,2024-03-21 22:14:00,-906.05,GBP,0.86,Debit,Complete,10859.19,false,645.0,1,Premium,PEA,Depot especes,Marseille-Vieux-Port
TXN000058,CLI0080,12,2,2023-01-07 04:36:00,-5327.29,EUR,1.0,Debit,Complete,26571.09,true,645.0,1,Premium,Compte Courant,Virement international,Bordeaux-Meriadeck
TXN001874,CLI0092,15,8,2022-03-17 04:06:00,1029.14,EUR,1.0,Credit,Rejete,26897.5,false,717.0,3,Standard,PEA,Virement international,Nantes-Commerce
TXN000722,CLI0035,26,3,2023-10-14 21:30:00,-726.61,EUR,1.0,Debit,Complete,32065.54,false,600.0,3,Standard,Credit Auto,Virement international,Lyon-Part-Dieu
TXN001877,CLI0131,31,1,2023-10-06 03:29:00,-294.51,EUR,1.0,Debit,Complete,15108.7,false,838.0,1,Premium,Credit Immobilier,Retrait DAB,Marseille-Vieux-Port
TXN001442,CLI0076,49,3,2023-09-27 18:39:00,2387.28,USD,1.08,Credit,En attente,5506.91,true,326.0,2,Risque,Credit Immobilier,Virement,Lyon-Part-Dieu
TXN000545,CLI0135,3,2,2022-06-06 03:52:00,-437.13,EUR,1.0,Debit,Complete,18192.17,false,593.0,3,Standard,PEA,Prelevement,Bordeaux-Meriadeck
TXN001651,CLI0105,48,6,2022-01-27 20:01:00,-1223.46,EUR,1.0,Debit,Complete,19404.18,false,634.0,3,Standard,Compte Courant,Interets,Nice-Massena
TXN000999,CLI0006,30,5,2023-02-20 03:16:00,485.25,EUR,1.0,Credit,Complete,4743.81,false,620.0,3,Standard,Compte Epargne,Paiement CB,Toulouse-Capitole
TXN000117,CLI0107,4,4,2022-02-24 19:30:00,147.45,USD,1.08,Credit,Complete,29217.81,true,420.0,2,Risque,Credit Consommation,Paiement CB,Lille-Grand-Place
TXN001354,CLI0085,21,5,2023-02-15 00:43:00,-1317.03,EUR,1.0,Debit,En attente,1132.48,true,390.0,2,Risque,Credit Consommation,Depot especes,Toulouse-Capitole
TXN000270,CLI0096,29,3,2024-08-07 03:30:03,45.76,EUR,1.0,Credit,Complete,9807.74,false,710.0,3,Standard,Livret A,Paiement CB,Lyon-Part-Dieu
TXN000723,CLI0060,54,1,2022-09-12 09:15:00,2226.84,EUR,1.0,Credit,Complete,18788.73,false,645.0,1,Premium,Livret A,Virement,Marseille-Vieux-Port
TXN001484,CLI0136,12,7,2024-10-30 03:35:00,-5742.8,EUR,1.0,Debit,Rejete,24532.64,true,590.0,3,Standard,Compte Courant,Virement international,Paris-Centre
TXN000082,CLI0026,36,4,2022-10-09 01:18:00,-7355.69,USD,1.08,Debit,Complete,23508.6,true,699.0,3,Standard,Credit Immobilier,Virement international,Lille-Grand-Place
TXN001675,CLI0011,21,2,2024-12-23 06:07:00,-2835.13,EUR,1.0,Debit,Complete,37119.52,false,672.0,3,Standard,Credit Consommation,Depot especes,Bordeaux-Meriadeck
TXN001368,CLI0021,51,1,2023-09-30 17:48:00,279.83,EUR,1.0,Credit,En attente,32929.2,false,697.0,3,Standard,Assurance Vie,Retrait DAB,Marseille-Vieux-Port
TXN001363,CLI0002,25,3,2022-06-24 04:53:00,-948.62,GBP,0.86,Debit,Complete,23724.15,false,606.0,3,Standard,Livret A,Virement international,Lyon-Part-Dieu
TXN000753,CLI0017,63,2,2024-02-21 20:41:00,6323.64,EUR,1.0,Credit,Complete,11255.19,true,649.0,3,Standard,Compte Epargne,Virement international,Bordeaux-Meriadeck
TXN001937,CLI0079,57,7,2023-01-16 14:18:00,414.24,EUR,1.0,Credit,Complete,33618.78,false,689.0,3,Standard,PEA,Retrait DAB,Paris-Centre
TXN001330,CLI0014,4,1,2023-06-12 03:52:00,-91.03,GBP,0.86,Debit,En attente,12512.03,false,673.0,3,Standard,Credit Consommation,Paiement CB,Marseille-Vieux-Port
TXN000397,CLI0135,57,8,2023-01-02 17:47:00,287.91,EUR,1.0,Credit,Complete,35157.27,false,593.0,3,Standard,PEA,Retrait DAB,Nantes-Commerce
TXN001367,CLI0036,44,1,2022-07-14 08:49:00,1034.67,EUR,1.0,Credit,Complete,29153.19,false,572.0,2,Risque,Credit Immobilier,Prelevement,Marseille-Vieux-Port
TXN000521,CLI0135,3,8,2024-12-25 21:52:00,-1621.92,EUR,1.0,Debit,Complete,47273.73,false,593.0,3,Standard,PEA,Prelevement,Nantes-Commerce
TXN000019,CLI0103,33,7,2023-10-07 08:20:00,391.97,EUR,1.0,Credit,Complete,27175.42,false,683.0,3,Standard,Compte Courant,Virement,Paris-Centre
TXN001053,CLI0127,43,6,2023-12-09 14:44:00,1870.86,CHF,0.97,Credit,Complete,16396.77,false,645.0,3,Standard,Credit Auto,Remboursement credit,Nice-Massena
TXN000272,CLI0118,46,4,2023-01-05 02:31:00,1031.26,EUR,1.0,Credit,Complete,335.2,false,641.0,3,Standard,PEA,Depot especes,Lille-Grand-Place
TXN001695,CLI0072,26,1,2024-01-13 21:17:00,-5965.17,EUR,1.0,Debit,Complete,42222.66,true,606.0,3,Standard,Credit Auto,Virement international,Marseille-Vieux-Port
TXN000489,CLI0028,40,3,2022-07-31 01:04:00,257.72,USD,1.08,Credit,Complete,24935.3,false,667.0,3,Standard,Credit Auto,Interets,Lyon-Part-Dieu
TXN001796,CLI0035,41,3,2024-08-31 04:48:00,-1871.16,EUR,1.0,Debit,Complete,21949.85,false,600.0,3,Standard,Assurance Vie,Virement,Lyon-Part-Dieu
TXN001112,CLI0103,45,7,2023-10-06 03:29:00,79.83,EUR,1.0,Credit,Complete,10560.93,false,683.0,3,Standard,Livret A,Retrait DAB,Paris-Centre
TXN001308,CLI0024,38,3,2022-04-13 08:05:00,-1599.5,EUR,1.0,Debit,Complete,42939.16,false,592.0,3,Standard,Credit Immobilier,Depot especes,Lyon-Part-Dieu
TXN001300,CLI0070,5,8,2023-05-20 13:14:00,763.97,EUR,1.0,Credit,En attente,14045.59,true,645.0,2,Risque,Credit Immobilier,Interets,Nantes-Commerce
TXN000641,CLI0034,53,2,2022-06-09 11:43:00,1602.45,EUR,1.0,Credit,Complete,29256.76,false,457.0,2,Risque,Compte Epargne,Interets,Bordeaux-Meriadeck
TXN001032,CLI0074,2,8,2024-10-28 17:53:00,-376.7,EUR,1.0,Debit,Complete,23437.64,false,633.0,3,Standard,Credit Consommation,Retrait DAB,Nantes-Commerce
TXN000779,CLI0142,61,5,2022-04-09 05:20:00,-474.32,EUR,1.0,Debit,Complete,33922.81,false,676.0,3,Standard,PEA,Paiement CB,Toulouse-Capitole
TXN001074,CLI0038,18,2,2022-08-17 23:10:00,195.9,USD,1.08,Credit,En attente,39798.1,false,516.0,2,Risque,Credit Immobilier,Paiement CB,Bordeaux-Meriadeck
TXN001978,CLI0015,46,3,2023-08-17 13:17:00,-219.12,EUR,1.0,Debit,Complete,26567.2,false,648.0,3,Standard,PEA,Depot especes,Lyon-Part-Dieu
TXN001233,CLI0016,5,2,2022-01-07 10:22:00,-2483.27,EUR,1.0,Debit,Complete,47837.71,false,716.0,3,Standard,Credit Immobilier,Interets,Bordeaux-Meriadeck
TXN000465,CLI0116,27,6,2024-07-04 06:13:00,-347.13,EUR,1.0,Debit,En attente,46840.16,false,620.0,3,Standard,Assurance Vie,Paiement CB,Nice-Massena
TXN000223,CLI0054,48,2,2023-06-27 03:05:03,514.97,EUR,1.0,Credit,Complete,42843.01,true,347.0,3,Standard,Compte Courant,Interets,Bordeaux-Meriadeck
TXN000178,CLI0037,26,4,2024-07-21 06:33:00,-3966.82,EUR,1.0,Debit,Complete,22677.11,false,622.0,3,Standard,Credit Auto,Virement international,Lille-Grand-Place
TXN000895,CLI0053,22,7,2023-10-06 03:29:00,-88.73,EUR,1.0,Debit,Complete,5316.28,false,645.0,3,Standard,Compte Epargne,Prelevement,Paris-Centre
TXN001005,CLI0132,44,2,2024-05-21 22:04:00,1158.27,CHF,0.97,Credit,Complete,6161.74,false,663.0,3,Standard,Credit Immobilier,Prelevement,Bordeaux-Meriadeck
TXN000238,CLI0045,6,2,2023-08-27 04:11:00,2200.05,EUR,1.0,Credit,Complete,38564.44,false,704.0,3,Standard,Compte Epargne,Remboursement credit,Bordeaux-Meriadeck
TXN001523,CLI0136,32,7,2023-02-10 19:47:00,-2202.56,CHF,0.97,Debit,Complete,16931.93,false,590.0,3,Standard,Credit Consommation,Interets,Paris-Centre
TXN000959,CLI0004,37,2,2023-10-20 08:54:00,-577.41,EUR,1.0,Debit,Complete,1946.49,false,645.0,3,Standard,Credit Auto,Prelevement,Bordeaux-Meriadeck
TXN000286,CLI0092,35,8,2023-07-04 23:05:00,-1149.24,MAD,10.85,Debit,Complete,48119.27,false,717.0,3,Standard,Livret A,Interets,Nantes-Commerce
TXN001295,CLI0150,23,8,2024-05-11 06:17:00,-44.48,EUR,1.0,Debit,Complete,23870.77,false,648.0,3,Standard,Credit Auto,Paiement CB,Nantes-Commerce
TXN000029,CLI0098,24,2,2024-09-26 17:02:00,-5016.18,EUR,1.0,Debit,Rejete,37363.64,false,580.0,3,Standard,Assurance Vie,Virement international,Bordeaux-Meriadeck
TXN000639,CLI0149,31,6,2023-08-06 21:50:00,411.24,EUR,1.0,Credit,Complete,26031.37,false,575.0,2,Risque,Credit Immobilier,Retrait DAB,Nice-Massena
TXN001537,CLI0024,39,3,2024-11-23 01:34:00,-88.73,EUR,1.0,Debit,Complete,7491.79,false,592.0,3,Standard,PEA,Interets,Lyon-Part-Dieu
TXN000569,CLI0020,45,2,2022-04-08 09:36:00,-212.97,EUR,1.0,Debit,Complete,28951.84,false,660.0,3,Standard,Livret A,Retrait DAB,Bordeaux-Meriadeck
TXN001912,CLI0103,49,7,2024-12-17 13:00:00,-2480.2,EUR,1.0,Debit,Complete,36526.04,false,683.0,3,Standard,Credit Immobilier,Virement,Paris-Centre
TXN000563,CLI0126,53,2,2022-11-17 16:03:00,-1204.59,EUR,1.0,Debit,Complete,17702.91,false,514.0,2,Risque,Compte Epargne,Interets,Bordeaux-Meriadeck
TXN001436,CLI0144,21,7,2024-12-10 08:18:00,-2261.51,EUR,1.0,Debit,Complete,27771.08,true,361.0,2,Risque,Credit Consommation,Depot especes,Paris-Centre
TXN001708,CLI0144,34,7,2024-10-06 21:50:00,-2533.35,USD,1.08,Debit,Complete,12987.71,true,361.0,2,Risque,Assurance Vie,Depot especes,Paris-Centre
TXN001931,CLI0040,39,6,2024-05-19 03:20:00,1443.75,EUR,1.0,Credit,Complete,45728.26,false,491.0,2,Risque,PEA,Interets,Nice-Massena
TXN001803,CLI0139,2,1,2022-03-26 10:30:00,166.46,GBP,0.86,Credit,Complete,36870.98,false,674.0,3,Standard,Credit Consommation,Retrait DAB,Marseille-Vieux-Port
TXN000333,CLI0083,44,3,2024-12-03 20:53:00,856.81,USD,1.08,Credit,Complete,18988.07,false,643.0,3,Standard,Credit Immobilier,Prelevement,Lyon-Part-Dieu
TXN001690,CLI0096,43,3,2024-07-03 05:07:00,-2567.67,EUR,1.0,Debit,Complete,13881.58,false,710.0,3,Standard,Credit Auto,Remboursement credit,Lyon-Part-Dieu
TXN001179,CLI0062,36,5,2024-03-09 07:23:00,-7357.15,MAD,10.85,Debit,Complete,12384.04,true,640.0,3,Standard,Credit Immobilier,Virement international,Toulouse-Capitole
TXN001655,CLI0034,14,2,2022-08-05 14:34:00,801.57,EUR,1.0,Credit,Complete,28676.84,false,457.0,2,Risque,Credit Immobilier,Remboursement credit,Bordeaux-Meriadeck
TXN001090,CLI0047,53,3,2024-11-09 15:31:00,-531.24,EUR,1.0,Debit,Complete,4818.94,true,397.0,2,Risque,Compte Epargne,Interets,Lyon-Part-Dieu
TXN001015,CLI0001,26,4,2022-04-17 04:32:00,-6496.43,EUR,1.0,Debit,Complete,25068.72,true,586.0,3,Standard,Credit Auto,Virement international,Lille-Grand-Place
TXN001491,CLI0136,44,7,2024-12-08 15:35:00,227.42,USD,1.08,Credit,Complete,435.65,false,590.0,3,Standard,Credit Immobilier,Prelevement,Paris-Centre
TXN000417,CLI0118,33,4,2024-12-20 09:21:00,1495.3,EUR,1.0,Credit,Complete,17660.46,false,641.0,3,Standard,Compte Courant,Virement,Lille-Grand-Place
TXN000839,CLI0146,33,5,2024-09-17 01:03:00,978.01,EUR,1.0,Credit,Rejete,37608.8,false,583.0,3,Standard,Compte Courant,Virement,Toulouse-Capitole
TXN000145,CLI0127,41,2,2024-02-20 16:20:00,-2104.11,MAD,10.85,Debit,Complete,37745.36,false,645.0,3,Standard,Assurance Vie,Virement,Bordeaux-Meriadeck
TXN001073,CLI0016,23,2,2022-03-23 11:25:00,-363.98,GBP,0.86,Debit,Complete,6290.44,false,716.0,3,Standard,Credit Auto,Paiement CB,Bordeaux-Meriadeck
TXN000758,CLI0032,30,7,2024-09-06 20:53:00,-123.54,MAD,10.85,Debit,Complete,40529.49,false,621.0,3,Standard,Compte Epargne,Paiement CB,Paris-Centre
TXN000919,CLI0081,12,2,2024-05-25 14:26:00,-7699.29,EUR,1.0,Debit,Rejete,21103.84,true,645.0,3,Standard,Compte Courant,Virement international,Bordeaux-Meriadeck
TXN000737,CLI0099,6,8,2022-06-14 16:58:00,-607.03,USD,1.08,Debit,Complete,15180.76,false,664.0,3,Standard,Compte Epargne,Remboursement credit,Nantes-Commerce
TXN000142,CLI0009,32,6,2022-04-10 07:47:00,-180.5,EUR,1.0,Debit,Complete,38825.57,false,645.0,3,Standard,Credit Consommation,Interets,Nice-Massena
TXN000968,CLI0136,41,7,2024-12-10 16:28:00,-984.97,EUR,1.0,Debit,En attente,16501.36,false,590.0,3,Standard,Assurance Vie,Virement,Paris-Centre
TXN001925,CLI0063,63,7,2022-10-18 02:20:00,-628.37,USD,1.08,Debit,En attente,41190.23,true,426.0,2,Risque,Compte Epargne,Virement international,Paris-Centre
TXN000821,CLI0007,11,8,2022-10-29 11:41:00,157.69,EUR,1.0,Credit,Complete,35771.07,false,635.0,3,Standard,Compte Epargne,Retrait DAB,Nantes-Commerce
TXN000725,CLI0072,24,1,2022-03-23 16:50:00,7825.03,EUR,1.0,Credit,Complete,11527.6,true,606.0,3,Standard,Assurance Vie,Virement international,Marseille-Vieux-Port
TXN001995,CLI0127,19,6,2023-01-10 01:56:00,100.98,EUR,1.0,Credit,Complete,38597.63,false,645.0,3,Standard,Credit Auto,Retrait DAB,Nice-Massena
TXN001216,CLI0127,21,6,2022-05-06 14:11:00,-1547.37,EUR,1.0,Debit,Complete,43921.01,false,645.0,3,Standard,Credit Consommation,Depot especes,Nice-Massena
TXN001787,CLI0099,45,8,2024-09-17 13:57:00,-378.55,EUR,1.0,Debit,En attente,48177.41,false,664.0,3,Standard,Livret A,Retrait DAB,Nantes-Commerce
TXN001950,CLI0048,41,5,2024-04-26 18:50:00,-1671.3,CHF,0.97,Debit,Complete,19936.28,false,670.0,3,Standard,Assurance Vie,Virement,Toulouse-Capitole
TXN000909,CLI0006,1,5,2023-03-28 21:09:00,-1103.72,MAD,10.85,Debit,Complete,37243.82,false,620.0,3,Standard,Compte Epargne,Depot especes,Toulouse-Capitole
TXN000043,CLI0138,38,2,2024-01-30 21:47:00,0.0,EUR,1.0,Debit,En attente,32780.6,false,749.0,1,Premium,Credit Immobilier,Depot especes,Bordeaux-Meriadeck
TXN001125,CLI0013,31,5,2022-01-30 04:40:00,36.37,MAD,10.85,Credit,Complete,684.45,true,351.0,2,Risque,Credit Immobilier,Retrait DAB,Toulouse-Capitole
TXN000268,CLI0137,5,1,2024-01-05 16:19:00,2543.99,CHF,0.97,Credit,Complete,23591.97,false,725.0,1,Premium,Credit Immobilier,Interets,Marseille-Vieux-Port
TXN000954,CLI0099,5,8,2024-02-23 12:28:00,-181.03,EUR,1.0,Debit,Complete,26671.35,false,664.0,3,Standard,Credit Immobilier,Interets,Nantes-Commerce
TXN000274,CLI0110,10,5,2024-09-04 12:00:00,-161.29,EUR,1.0,Debit,Rejete,44611.12,false,629.0,3,Standard,PEA,Remboursement credit,Toulouse-Capitole
TXN001841,CLI0103,37,7,2024-12-23 15:13:00,-1168.39,CHF,0.97,Debit,Complete,34541.34,false,683.0,3,Standard,Credit Auto,Prelevement,Paris-Centre
TXN001689,CLI0138,16,2,2023-09-20 16:05:00,-2453.56,EUR,1.0,Debit,Complete,16222.52,false,749.0,1,Premium,Compte Epargne,Virement,Bordeaux-Meriadeck
TXN000488,CLI0046,5,2,2023-02-15 19:25:00,-576.4,EUR,1.0,Debit,Complete,21619.55,false,841.0,1,Premium,Credit Immobilier,Interets,Bordeaux-Meriadeck
TXN000501,CLI0113,11,3,2022-03-25 04:06:00,399.71,CHF,0.97,Credit,Complete,879.95,false,643.0,3,Standard,Compte Epargne,Retrait DAB,Lyon-Part-Dieu
TXN000727,CLI0083,55,3,2022-01-13 02:55:00,1500.34,EUR,1.0,Credit,Complete,7162.45,false,643.0,3,Standard,Compte Courant,Depot especes,Lyon-Part-Dieu
TXN000858,CLI0105,29,6,2022-01-08 14:53:00,431.49,EUR,1.0,Credit,Complete,37310.81,false,634.0,3,Standard,Livret A,Paiement CB,Nice-Massena
TXN001626,CLI0072,49,1,2024-09-21 16:41:00,2838.69,EUR,1.0,Credit,Complete,13164.7,false,606.0,3,Standard,Credit Immobilier,Virement,Marseille-Vieux-Port
TXN000944,CLI0010,26,3,2024-05-02 19:47:00,-4976.97,MAD,10.85,Debit,En attente,13598.37,false,816.0,1,Premium,Credit Auto,Virement international,Lyon-Part-Dieu
TXN001089,CLI0077,23,7,2023-05-25 10:17:00,-345.36,GBP,0.86,Debit,Complete,37854.95,true,322.0,2,Risque,Credit Auto,Paiement CB,Paris-Centre
TXN001992,CLI0100,26,4,2023-08-13 03:58:00,-6041.15,EUR,1.0,Debit,Complete,44748.51,true,656.0,3,Standard,Credit Auto,Virement international,Lille-Grand-Place
TXN001785,CLI0042,17,2,2022-12-17 21:49:00,1715.44,GBP,0.86,Credit,Complete,26745.7,false,638.0,3,Standard,Compte Courant,Remboursement credit,Bordeaux-Meriadeck
TXN001541,CLI0065,32,2,2022-09-04 17:00:00,1034.6,EUR,1.0,Credit,Complete,7913.57,false,645.0,3,Standard,Credit Consommation,Interets,Bordeaux-Meriadeck
TXN001194,CLI0139,11,1,2022-09-14 20:22:00,-119.89,MAD,10.85,Debit,Complete,22670.36,false,674.0,3,Standard,Compte Epargne,Retrait DAB,Marseille-Vieux-Port
TXN000173,CLI0054,32,2,2022-05-22 13:43:00,1522.94,USD,1.08,Credit,Complete,7791.75,true,347.0,3,Standard,Credit Consommation,Interets,Bordeaux-Meriadeck
TXN001127,CLI0068,5,3,2023-07-27 20:49:00,-1567.75,EUR,1.0,Debit,Complete,40368.73,false,605.0,3,Standard,Credit Immobilier,Interets,Lyon-Part-Dieu
TXN001949,CLI0148,2,4,2022-12-26 03:53:00,223.92,EUR,1.0,Credit,Complete,40342.93,false,713.0,3,Standard,Credit Consommation,Retrait DAB,Lille-Grand-Place
TXN001342,CLI0019,29,4,2023-10-06 03:29:00,-364.95,USD,1.08,Debit,En attente,33446.64,false,505.0,2,Risque,Livret A,Paiement CB,Lille-Grand-Place
TXN000542,CLI0132,57,2,2023-01-11 03:38:00,-381.26,USD,1.08,Debit,Complete,34279.86,false,663.0,3,Standard,PEA,Retrait DAB,Bordeaux-Meriadeck
TXN000462,CLI0111,7,7,2023-12-02 17:44:00,746.66,EUR,1.0,Credit,Complete,35624.25,false,645.0,3,Standard,Livret A,Remboursement credit,Paris-Centre
TXN001834,CLI0047,45,3,2023-03-06 16:32:00,-200000.0,EUR,1.0,Debit,Complete,28948.3,true,397.0,2,Risque,Livret A,Retrait DAB,Lyon-Part-Dieu
TXN001986,CLI0060,44,1,2022-06-22 18:14:00,774.55,EUR,1.0,Credit,Complete,14964.14,false,645.0,1,Premium,Credit Immobilier,Prelevement,Marseille-Vieux-Port
TXN001340,CLI0131,27,1,2024-04-01 13:51:00,466.64,EUR,1.0,Credit,Complete,10606.31,false,838.0,1,Premium,Assurance Vie,Paiement CB,Marseille-Vieux-Port
TXN000952,CLI0036,47,1,2023-03-08 03:23:00,367.96,EUR,1.0,Credit,Rejete,34947.26,false,572.0,2,Risque,Compte Courant,Retrait DAB,Marseille-Vieux-Port
TXN000798,CLI0047,2,3,2022-11-01 07:07:00,-83.5,MAD,10.85,Debit,En attente,21372.52,true,397.0,2,Risque,Credit Consommation,Retrait DAB,Lyon-Part-Dieu
TXN001532,CLI0059,46,7,2023-07-31 16:41:00,-2838.2,EUR,1.0,Debit,Complete,43216.35,false,594.0,3,Standard,PEA,Depot especes,Paris-Centre
TXN001081,CLI0058,55,1,2022-09-02 20:12:00,-1101.68,EUR,1.0,Debit,Complete,42302.72,false,704.0,3,Standard,Compte Courant,Depot especes,Marseille-Vieux-Port
TXN001596,CLI0038,8,2,2023-04-15 10:54:00,-130.17,EUR,1.0,Debit,Complete,43174.82,false,516.0,2,Risque,Compte Courant,Paiement CB,Bordeaux-Meriadeck
TXN000492,CLI0092,15,8,2024-03-31 01:40:00,7976.72,USD,1.08,Credit,Complete,48050.18,true,717.0,3,Standard,PEA,Virement international,Nantes-Commerce
TXN000588,CLI0082,56,7,2022-10-01 08:11:00,2078.03,EUR,1.0,Credit,Complete,20783.37,false,813.0,1,Premium,Assurance Vie,Interets,Paris-Centre
TXN000124,CLI0036,13,1,2023-05-06 07:03:00,-2026.01,EUR,1.0,Debit,Complete,20723.74,false,572.0,2,Risque,Credit Consommation,Prelevement,Marseille-Vieux-Port
TXN001572,CLI0101,28,1,2024-05-14 19:42:00,1638.29,CHF,0.97,Credit,Complete,29130.3,false,655.0,3,Standard,Credit Consommation,Remboursement credit,Marseille-Vieux-Port
TXN001648,CLI0004,2,2,2022-08-31 00:17:00,187.14,USD,1.08,Credit,Complete,25373.47,false,645.0,3,Standard,Credit Consommation,Retrait DAB,Bordeaux-Meriadeck
TXN000250,CLI0134,6,6,2024-08-30 18:56:00,-745.14,MAD,10.85,Debit,En attente,35743.85,false,600.0,3,Standard,Compte Epargne,Remboursement credit,Nice-Massena
TXN001859,CLI0062,44,5,2024-09-15 22:39:00,963.22,EUR,1.0,Credit,Complete,13924.69,false,640.0,3,Standard,Credit Immobilier,Prelevement,Toulouse-Capitole
TXN001428,CLI0101,25,1,2023-12-10 04:56:00,-651.97,EUR,1.0,Debit,Complete,43555.0,false,655.0,3,Standard,Livret A,Virement international,Marseille-Vieux-Port
TXN001080,CLI0125,60,4,2024-09-14 05:30:00,-2696.54,GBP,0.86,Debit,Complete,15534.48,false,810.0,1,Premium,Livret A,Depot especes,Lille-Grand-Place
TXN000107,CLI0016,46,2,2024-09-18 14:13:00,-1053.57,EUR,1.0,Debit,Complete,43052.79,false,716.0,3,Standard,PEA,Depot especes,Bordeaux-Meriadeck
TXN001191,CLI0122,64,8,2024-03-03 14:58:00,2256.8,EUR,1.0,Credit,Complete,49400.08,false,824.0,1,Premium,Assurance Vie,Remboursement credit,Nantes-Commerce
TXN001985,CLI0088,41,2,2024-01-10 13:12:00,-596.08,MAD,10.85,Debit,Complete,1036.28,true,413.0,3,Standard,Assurance Vie,Virement,Bordeaux-Meriadeck
TXN001907,CLI0065,24,2,2023-06-10 18:50:00,1542.13,EUR,1.0,Credit,Complete,32176.62,false,645.0,3,Standard,Assurance Vie,Virement international,Bordeaux-Meriadeck
TXN000615,CLI0123,53,2,2023-10-06 03:29:00,2448.74,USD,1.08,Credit,Complete,4472.99,false,595.0,3,Standard,Compte Epargne,Interets,Bordeaux-Meriadeck
TXN001777,CLI0001,62,4,2022-12-30 18:59:00,1532.3,USD,1.08,Credit,Complete,24074.03,false,586.0,3,Standard,Credit Auto,Virement,Lille-Grand-Place
TXN000155,CLI0060,37,1,2022-01-19 06:32:00,-1395.23,USD,1.08,Debit,Complete,885.02,false,645.0,1,Premium,Credit Auto,Prelevement,Marseille-Vieux-Port
TXN001017,CLI0055,58,2,2023-07-23 22:09:00,2527.63,CHF,0.97,Credit,Complete,12601.9,false,703.0,3,Standard,Credit Auto,Depot especes,Bordeaux-Meriadeck
TXN000781,CLI0069,62,1,2024-01-29 22:49:00,784.88,CHF,0.97,Credit,Complete,49313.69,false,647.0,3,Standard,Credit Auto,Virement,Marseille-Vieux-Port
TXN001075,CLI0054,27,2,2022-06-01 14:57:00,0.0,EUR,1.0,Credit,Complete,34490.79,true,347.0,3,Standard,Assurance Vie,Paiement CB,Bordeaux-Meriadeck
TXN000638,CLI0130,15,3,2022-09-13 14:19:00,-200000.0,EUR,1.0,Debit,Rejete,40288.84,true,586.0,3,Standard,PEA,Virement international,Lyon-Part-Dieu
TXN001043,CLI0007,47,8,2022-12-31 07:23:00,-193.89,CHF,0.97,Debit,Complete,37609.05,false,635.0,3,Standard,Compte Courant,Retrait DAB,Nantes-Commerce
TXN001211,CLI0109,64,3,2022-09-29 11:46:00,-821.68,USD,1.08,Debit,Complete,45676.53,false,701.0,3,Standard,Assurance Vie,Remboursement credit,Lyon-Part-Dieu
TXN000311,CLI0092,44,8,2023-10-13 16:14:00,-2873.11,USD,1.08,Debit,Complete,26898.09,false,717.0,3,Standard,Credit Immobilier,Prelevement,Nantes-Commerce
TXN001013,CLI0056,30,5,2022-07-29 04:51:00,270.71,EUR,1.0,Credit,Complete,38621.74,true,384.0,2,Risque,Compte Epargne,Paiement CB,Toulouse-Capitole
TXN001071,CLI0119,59,2,2023-11-10 05:15:00,1413.53,GBP,0.86,Credit,Complete,34132.98,false,793.0,1,Premium,Compte Courant,Prelevement,Bordeaux-Meriadeck
TXN001737,CLI0030,32,2,2024-09-07 10:19:00,-2702.75,USD,1.08,Debit,Complete,35516.79,true,391.0,2,Risque,Credit Consommation,Interets,Bordeaux-Meriadeck
TXN000128,CLI0146,37,5,2023-11-18 09:29:00,-2967.84,CHF,0.97,Debit,En attente,6796.58,false,583.0,3,Standard,Credit Auto,Prelevement,Toulouse-Capitole
TXN000979,CLI0031,27,2,2024-06-17 07:56:00,101.27,EUR,1.0,Credit,Rejete,37698.09,false,559.0,2,Risque,Assurance Vie,Paiement CB,Bordeaux-Meriadeck
TXN001424,CLI0083,19,3,2024-04-12 01:46:00,-56.88,EUR,1.0,Debit,Complete,16439.31,false,643.0,3,Standard,Credit Auto,Retrait DAB,Lyon-Part-Dieu
TXN001552,CLI0067,37,7,2022-06-21 07:23:00,2068.82,GBP,0.86,Credit,En attente,44882.6,true,337.0,2,Risque,Credit Auto,Prelevement,Paris-Centre
TXN001192,CLI0117,56,4,2022-11-10 14:34:00,-2644.36,CHF,0.97,Debit,Complete,8800.22,false,645.0,3,Standard,Assurance Vie,Interets,Lille-Grand-Place
TXN001393,CLI0092,48,8,2022-12-03 00:47:00,337.66,EUR,1.0,Credit,Complete,9707.98,false,717.0,3,Standard,Compte Courant,Interets,Nantes-Commerce
TXN001588,CLI0043,50,2,2023-05-30 07:47:00,-2291.18,EUR,1.0,Debit,Complete,34852.07,false,735.0,1,Premium,Credit Consommation,Virement,Bordeaux-Meriadeck
TXN001325,CLI0051,44,1,2023-07-19 12:14:00,-173.58,EUR,1.0,Debit,Complete,28507.81,false,645.0,1,Premium,Credit Immobilier,Prelevement,Marseille-Vieux-Port
TXN000044,CLI0126,28,2,2023-07-27 01:44:00,-1143.06,CHF,0.97,Debit,Complete,5057.8,false,514.0,2,Risque,Credit Consommation,Remboursement credit,Bordeaux-Meriadeck
TXN000457,CLI0051,37,1,2024-08-11 18:08:00,324.1,MAD,10.85,Credit,Complete,15588.55,false,645.0,1,Premium,Credit Auto,Prelevement,Marseille-Vieux-Port
TXN001397,CLI0055,3,2,2022-08-11 13:14:00,-2114.08,EUR,1.0,Debit,En attente,7954.12,false,703.0,3,Standard,PEA,Prelevement,Bordeaux-Meriadeck
TXN000788,CLI0139,22,1,2024-09-16 09:16:00,678.54,EUR,1.0,Credit,Complete,15310.51,false,674.0,3,Standard,Compte Epargne,Prelevement,Marseille-Vieux-Port
TXN001067,CLI0108,7,7,2022-03-01 19:14:00,458.79,EUR,1.0,Credit,Complete,36634.18,true,375.0,2,Risque,Livret A,Remboursement credit,Paris-Centre
TXN001406,CLI0007,34,8,2023-10-03 12:43:00,389.71,MAD,10.85,Credit,Complete,13114.12,false,635.0,3,Standard,Assurance Vie,Depot especes,Nantes-Commerce
TXN000202,CLI0043,40,2,2023-03-13 20:47:00,-496.55,EUR,1.0,Debit,Complete,4425.73,false,735.0,1,Premium,Credit Auto,Interets,Bordeaux-Meriadeck
TXN001581,CLI0095,61,8,2024-02-20 04:54:00,324.1,USD,1.08,Credit,Complete,2804.2,false,668.0,3,Standard,PEA,Paiement CB,Nantes-Commerce
TXN001294,CLI0065,37,2,2024-03-16 00:04:00,607.34,MAD,10.85,Credit,Complete,49543.6,false,645.0,3,Standard,Credit Auto,Prelevement,Bordeaux-Meriadeck
TXN001804,CLI0068,3,3,2024-05-01 07:00:00,490.66,EUR,1.0,Credit,En attente,2457.44,false,605.0,3,Standard,PEA,Prelevement,Lyon-Part-Dieu
TXN001014,CLI0071,5,7,2022-01-06 07:13:00,319.45,EUR,1.0,Credit,Complete,23825.65,false,797.0,1,Premium,Credit Immobilier,Interets,Paris-Centre
TXN001975,CLI0034,46,2,2024-10-24 17:15:00,-2139.18,MAD,10.85,Debit,Complete,27031.06,false,457.0,2,Risque,PEA,Depot especes,Bordeaux-Meriadeck
TXN001147,CLI0068,38,3,2023-10-22 23:25:00,2272.29,EUR,1.0,Credit,Complete,42846.65,false,605.0,3,Standard,Credit Immobilier,Depot especes,Lyon-Part-Dieu
TXN001718,CLI0055,12,2,2024-10-14 11:51:00,-1641.93,EUR,1.0,Debit,Complete,1006.19,false,703.0,3,Standard,Compte Courant,Virement international,Bordeaux-Meriadeck
TXN000708,CLI0024,30,2,2024-07-23 11:44:00,424.47,EUR,1.0,Credit,Complete,40518.24,false,592.0,3,Standard,Compte Epargne,Paiement CB,Bordeaux-Meriadeck
TXN001235,CLI0050,27,3,2024-02-10 13:44:00,-412.92,EUR,1.0,Debit,Complete,14875.56,false,666.0,3,Standard,Assurance Vie,Paiement CB,Lyon-Part-Dieu
TXN001035,CLI0042,53,2,2022-02-14 14:51:00,1869.01,EUR,1.0,Credit,Complete,23731.25,false,638.0,3,Standard,Compte Epargne,Interets,Bordeaux-Meriadeck
TXN001351,CLI0149,23,6,2022-01-09 16:14:00,39.46,EUR,1.0,Credit,Complete,212.3,false,575.0,2,Risque,Credit Auto,Paiement CB,Nice-Massena
TXN000366,CLI0133,25,4,2023-09-07 08:35:00,-6896.32,USD,1.08,Debit,Complete,3095.82,true,677.0,3,Standard,Livret A,Virement international,Lille-Grand-Place
TXN000709,CLI0045,7,2,2024-06-03 14:24:00,-2736.96,EUR,1.0,Debit,Complete,47289.8,false,704.0,3,Standard,Livret A,Remboursement credit,Bordeaux-Meriadeck
TXN001952,CLI0021,17,2,2024-07-01 01:56:00,-1060.18,CHF,0.97,Debit,Complete,9994.4,false,697.0,3,Standard,Compte Courant,Remboursement credit,Bordeaux-Meriadeck
TXN001638,CLI0013,15,5,2024-07-01 14:59:00,-2358.26,EUR,1.0,Debit,Complete,16844.62,true,351.0,2,Risque,PEA,Virement international,Toulouse-Capitole
TXN001040,CLI0053,17,7,2023-05-17 04:43:00,1688.28,EUR,1.0,Credit,Complete,17301.12,false,645.0,3,Standard,Compte Courant,Remboursement credit,Paris-Centre
TXN000908,CLI0125,23,4,2022-01-28 11:19:00,360.88,EUR,1.0,Credit,Complete,34320.63,false,810.0,1,Premium,Credit Auto,Paiement CB,Lille-Grand-Place
TXN000850,CLI0024,63,3,2024-12-31 14:06:00,869.42,EUR,1.0,Credit,Complete,10053.6,false,592.0,3,Standard,Compte Epargne,Virement international,Lyon-Part-Dieu
TXN001653,CLI0074,30,8,2024-02-07 07:01:00,-21.33,EUR,1.0,Debit,Complete,42340.91,false,633.0,3,Standard,Compte Epargne,Paiement CB,Nantes-Commerce
TXN000575,CLI0050,33,3,2023-09-28 14:31:00,-1701.48,EUR,1.0,Debit,Complete,13708.33,false,666.0,3,Standard,Compte Courant,Virement,Lyon-Part-Dieu
TXN001259,CLI0121,46,1,2024-01-31 23:35:00,-1645.26,EUR,1.0,Debit,Complete,29052.57,false,645.0,1,Premium,PEA,Depot especes,Marseille-Vieux-Port
TXN000946,CLI0051,14,1,2022-02-07 17:30:00,203.81,USD,1.08,Credit,Complete,21399.0,false,645.0,1,Premium,Credit Immobilier,Remboursement credit,Marseille-Vieux-Port
TXN001750,CLI0006,11,5,2023-10-06 03:29:00,52.51,EUR,1.0,Credit,Complete,18323.49,false,620.0,3,Standard,Compte Epargne,Retrait DAB,Toulouse-Capitole
TXN000483,CLI0062,45,5,2023-01-04 10:35:00,-25.08,EUR,1.0,Debit,Complete,4975.17,false,640.0,3,Standard,Livret A,Retrait DAB,Toulouse-Capitole
TXN000547,CLI0054,58,2,2024-05-20 22:48:00,-2362.89,MAD,10.85,Debit,Complete,2221.6,true,347.0,3,Standard,Credit Auto,Depot especes,Bordeaux-Meriadeck
TXN001815,CLI0018,56,2,2022-10-21 20:29:00,-1509.23,EUR,1.0,Debit,Complete,27324.33,true,328.0,2,Risque,Assurance Vie,Interets,Bordeaux-Meriadeck
TXN001321,CLI0132,5,2,2024-09-08 02:22:00,-1027.78,EUR,1.0,Debit,Complete,5155.01,false,663.0,3,Standard,Credit Immobilier,Interets,Bordeaux-Meriadeck
TXN000235,CLI0135,39,8,2023-02-17 04:21:00,2164.97,EUR,1.0,Credit,Complete,7470.83,false,593.0,3,Standard,PEA,Interets,Nantes-Commerce
TXN001270,CLI0138,37,2,2023-12-20 21:31:00,-2984.18,EUR,1.0,Debit,Complete,4432.75,false,749.0,1,Premium,Credit Auto,Prelevement,Bordeaux-Meriadeck
TXN000132,CLI0067,24,7,2022-05-08 21:07:00,-3830.08,USD,1.08,Debit,Complete,31971.7,true,337.0,2,Risque,Assurance Vie,Virement international,Paris-Centre
TXN001111,CLI0091,50,8,2024-06-19 03:53:00,-2846.64,EUR,1.0,Debit,Complete,22395.94,false,442.0,2,Risque,Credit Consommation,Virement,Nantes-Commerce
TXN000225,CLI0116,2,6,2022-07-28 04:07:00,25.74,EUR,1.0,Credit,Complete,41201.3,false,620.0,3,Standard,Credit Consommation,Retrait DAB,Nice-Massena
TXN000063,CLI0091,3,8,2022-03-28 13:01:00,-1406.28,EUR,1.0,Debit,Complete,28712.64,false,442.0,2,Risque,PEA,Prelevement,Nantes-Commerce
TXN000102,CLI0019,5,4,2024-11-25 11:08:00,2639.98,EUR,1.0,Credit,Complete,6538.74,false,505.0,2,Risque,Credit Immobilier,Interets,Lille-Grand-Place
TXN001813,CLI0084,60,1,2023-04-20 17:14:00,-971.99,EUR,1.0,Debit,Rejete,14444.75,false,684.0,3,Standard,Livret A,Depot especes,Marseille-Vieux-Port
TXN000363,CLI0093,61,1,2023-06-23 07:17:03,246.25,EUR,1.0,Credit,Complete,21254.75,false,786.0,1,Premium,PEA,Paiement CB,Marseille-Vieux-Port
TXN001504,CLI0047,24,3,2023-10-20 08:47:00,7791.71,EUR,1.0,Credit,Complete,19007.59,true,397.0,2,Risque,Assurance Vie,Virement international,Lyon-Part-Dieu
TXN000301,CLI0064,27,4,2023-12-04 09:28:00,-406.3,EUR,1.0,Debit,Complete,27435.52,false,800.0,1,Premium,Assurance Vie,Paiement CB,Lille-Grand-Place
TXN000484,CLI0027,48,3,2023-08-04 08:12:03,150.42,EUR,1.0,Credit,En attente,32864.62,true,305.0,2,Risque,Compte Courant,Interets,Lyon-Part-Dieu
TXN000261,CLI0142,63,5,2023-06-14 23:53:00,-5573.03,EUR,1.0,Debit,Complete,42705.68,true,676.0,3,Standard,Compte Epargne,Virement international,Toulouse-Capitole
TXN001954,CLI0145,8,2,2024-06-06 07:58:00,-286.5,USD,1.08,Debit,Complete,37835.98,false,674.0,3,Standard,Compte Courant,Paiement CB,Bordeaux-Meriadeck
TXN000899,CLI0136,53,2,2023-10-06 03:29:00,-1095.56,EUR,1.0,Debit,Complete,25445.55,false,590.0,3,Standard,Compte Epargne,Interets,Bordeaux-Meriadeck
TXN001892,CLI0101,46,1,2023-10-06 03:29:00,-256.58,EUR,1.0,Debit,En attente,23431.69,false,655.0,3,Standard,PEA,Depot especes,Marseille-Vieux-Port
TXN001140,CLI0127,64,6,2022-08-04 08:53:00,-2185.95,EUR,1.0,Debit,Complete,16508.6,false,645.0,3,Standard,Assurance Vie,Remboursement credit,Nice-Massena
TXN000288,CLI0041,3,2,2024-09-15 18:43:00,1342.58,EUR,1.0,Credit,Complete,43142.53,false,643.0,3,Standard,PEA,Prelevement,Bordeaux-Meriadeck
TXN000739,CLI0054,6,2,2022-01-14 05:52:00,-1500.58,USD,1.08,Debit,Complete,32760.61,true,347.0,3,Standard,Compte Epargne,Remboursement credit,Bordeaux-Meriadeck
TXN001976,CLI0029,1,7,2022-01-16 09:49:00,-1651.06,USD,1.08,Debit,Complete,19171.97,false,696.0,3,Standard,Compte Epargne,Depot especes,Paris-Centre
TXN001915,CLI0128,52,1,2024-08-13 20:35:00,1274.08,EUR,1.0,Credit,En attente,37907.75,false,683.0,3,Standard,Livret A,Prelevement,Marseille-Vieux-Port
TXN001679,CLI0111,6,7,2023-09-20 19:49:00,-606.27,MAD,10.85,Debit,Complete,15184.81,false,645.0,3,Standard,Compte Epargne,Remboursement credit,Paris-Centre
TXN000922,CLI0086,59,5,2024-09-13 22:21:00,-2599.73,GBP,0.86,Debit,Complete,25861.58,false,805.0,1,Premium,Compte Courant,Prelevement,Toulouse-Capitole
TXN000833,CLI0036,29,1,2023-11-22 14:50:00,-329.53,EUR,1.0,Debit,Complete,44069.74,false,572.0,2,Risque,Livret A,Paiement CB,Marseille-Vieux-Port
TXN001625,CLI0118,38,4,2022-10-06 08:54:00,2600.32,EUR,1.0,Credit,En attente,30590.22,false,641.0,3,Standard,Credit Immobilier,Depot especes,Lille-Grand-Place
TXN001647,CLI0094,50,7,2022-05-15 01:00:00,-2948.57,CHF,0.97,Debit,Rejete,38665.78,false,435.0,2,Risque,Credit Consommation,Virement,Paris-Centre
TXN000412,CLI0022,42,5,2023-05-13 19:59:00,485.65,USD,1.08,Credit,Complete,34720.38,false,787.0,3,Standard,Assurance Vie,Prelevement,Toulouse-Capitole
TXN000377,CLI0126,39,2,2024-05-31 09:38:00,-732.09,EUR,1.0,Debit,Complete,44119.89,false,514.0,2,Risque,PEA,Interets,Bordeaux-Meriadeck
TXN000263,CLI0045,16,2,2023-09-18 22:45:00,-1946.08,EUR,1.0,Debit,Complete,23004.0,false,704.0,3,Standard,Compte Epargne,Virement,Bordeaux-Meriadeck
TXN001865,CLI0003,15,3,2023-10-04 00:03:00,-947.08,EUR,1.0,Debit,Rejete,28197.98,false,587.0,3,Standard,PEA,Virement international,Lyon-Part-Dieu
TXN001926,CLI0100,42,4,2022-01-20 06:12:00,1123.74,EUR,1.0,Credit,En attente,7911.38,false,656.0,3,Standard,Assurance Vie,Prelevement,Lille-Grand-Place
TXN000670,CLI0058,20,1,2024-05-10 17:28:00,-982.91,EUR,1.0,Debit,Complete,28633.8,false,704.0,3,Standard,PEA,Virement,Marseille-Vieux-Port
TXN001203,CLI0121,29,1,2023-05-26 03:42:00,473.79,USD,1.08,Credit,Complete,6866.38,false,645.0,1,Premium,Livret A,Paiement CB,Marseille-Vieux-Port
TXN001047,CLI0130,17,3,2022-01-24 15:41:00,-2881.77,USD,1.08,Debit,Complete,13006.59,false,586.0,3,Standard,Compte Courant,Remboursement credit,Lyon-Part-Dieu
TXN000367,CLI0066,56,6,2022-07-17 14:47:00,-1037.24,GBP,0.86,Debit,Complete,20646.87,false,656.0,3,Standard,Assurance Vie,Interets,Nice-Massena
TXN000013,CLI0075,41,6,2023-08-03 22:55:00,1389.39,EUR,1.0,Credit,Complete,31290.39,false,645.0,3,Standard,Assurance Vie,Virement,Nice-Massena
TXN000130,CLI0076,45,3,2024-04-10 13:32:00,-177.4,EUR,1.0,Debit,Complete,7116.53,true,326.0,2,Risque,Livret A,Retrait DAB,Lyon-Part-Dieu
TXN000682,CLI0011,32,2,2022-01-08 20:14:00,-2095.0,EUR,1.0,Debit,Complete,36755.85,false,672.0,3,Standard,Credit Consommation,Interets,Bordeaux-Meriadeck
TXN000510,CLI0050,24,3,2023-02-19 10:08:00,450.34,MAD,10.85,Credit,Complete,42597.4,false,666.0,3,Standard,Assurance Vie,Virement international,Lyon-Part-Dieu
TXN001138,CLI0032,35,7,2023-12-01 08:02:00,1175.43,EUR,1.0,Credit,Complete,21352.94,false,621.0,3,Standard,Livret A,Interets,Paris-Centre
TXN001195,CLI0100,32,4,2023-10-30 21:25:00,-442.69,EUR,1.0,Debit,Complete,9629.16,false,656.0,3,Standard,Credit Consommation,Interets,Lille-Grand-Place
TXN001373,CLI0049,56,3,2022-05-02 13:13:00,-1859.11,EUR,1.0,Debit,Complete,20285.58,false,593.0,3,Standard,Assurance Vie,Interets,Lyon-Part-Dieu
TXN001806,CLI0092,64,8,2023-06-19 18:12:00,2485.13,EUR,1.0,Credit,Complete,28517.16,false,717.0,3,Standard,Assurance Vie,Remboursement credit,Nantes-Commerce
TXN001640,CLI0084,13,1,2023-09-26 23:01:00,2014.94,EUR,1.0,Credit,Complete,4258.4,false,684.0,3,Standard,Credit Consommation,Prelevement,Marseille-Vieux-Port
TXN000654,CLI0106,9,8,2022-09-05 01:12:00,2069.06,EUR,1.0,Credit,Complete,37644.26,false,652.0,3,Standard,Credit Consommation,Virement international,Nantes-Commerce
TXN000598,CLI0033,56,3,2023-07-30 23:23:00,-2782.4,GBP,0.86,Debit,Complete,38102.04,false,584.0,3,Standard,Assurance Vie,Interets,Lyon-Part-Dieu
TXN000958,CLI0071,3,7,2023-08-29 10:36:00,1214.07,MAD,10.85,Credit,Complete,12600.61,false,797.0,1,Premium,PEA,Prelevement,Paris-Centre
TXN000373,CLI0022,14,5,2023-05-22 23:18:00,-1357.32,EUR,1.0,Debit,Complete,33211.1,false,787.0,3,Standard,Credit Immobilier,Remboursement credit,Toulouse-Capitole
TXN000039,CLI0076,63,3,2024-08-17 02:09:00,-6082.38,GBP,0.86,Debit,Rejete,40248.92,true,326.0,2,Risque,Compte Epargne,Virement international,Lyon-Part-Dieu
TXN001740,CLI0053,39,7,2024-03-16 11:33:00,-2135.59,EUR,1.0,Debit,Complete,31437.42,false,645.0,3,Standard,PEA,Interets,Paris-Centre
TXN001420,CLI0095,31,8,2024-10-22 16:11:00,-418.6,EUR,1.0,Debit,Complete,41604.49,false,668.0,3,Standard,Credit Immobilier,Retrait DAB,Nantes-Commerce
TXN000077,CLI0047,58,2,2022-03-31 13:23:00,-2045.27,USD,1.08,Debit,Complete,37644.32,true,397.0,2,Risque,Credit Auto,Depot especes,Bordeaux-Meriadeck
TXN001402,CLI0135,37,8,2023-11-12 17:08:00,-2492.92,EUR,1.0,Debit,Complete,10344.49,false,593.0,3,Standard,Credit Auto,Prelevement,Nantes-Commerce
TXN000994,CLI0098,59,2,2023-11-14 11:49:00,-2309.74,USD,1.08,Debit,Complete,18168.68,false,580.0,3,Standard,Compte Courant,Prelevement,Bordeaux-Meriadeck
TXN001959,CLI0130,6,2,2022-01-06 13:47:00,-1510.73,EUR,1.0,Debit,Complete,1182.85,false,586.0,3,Standard,Compte Epargne,Remboursement credit,Bordeaux-Meriadeck
TXN000302,CLI0081,31,5,2023-08-19 21:22:00,-462.17,EUR,1.0,Debit,Complete,34746.17,false,645.0,3,Standard,Credit Immobilier,Retrait DAB,Toulouse-Capitole
TXN001276,CLI0088,5,2,2024-06-29 22:58:00,-392.46,EUR,1.0,Debit,Complete,47338.95,true,413.0,3,Standard,Credit Immobilier,Interets,Bordeaux-Meriadeck
TXN001895,CLI0084,12,1,2023-08-11 21:55:00,-7159.58,EUR,1.0,Debit,Complete,30120.59,true,684.0,3,Standard,Compte Courant,Virement international,Marseille-Vieux-Port
TXN001214,CLI0118,25,4,2022-08-05 19:07:00,-638.1,USD,1.08,Debit,Complete,35940.89,false,641.0,3,Standard,Livret A,Virement international,Lille-Grand-Place
TXN000215,CLI0082,4,7,2024-02-03 03:32:00,-343.2,GBP,0.86,Debit,Complete,49072.55,false,813.0,1,Premium,Credit Consommation,Paiement CB,Paris-Centre
TXN001050,CLI0117,17,4,2023-07-31 01:07:00,-2610.3,EUR,1.0,Debit,En attente,34350.74,false,645.0,3,Standard,Compte Courant,Remboursement credit,Lille-Grand-Place
TXN000339,CLI0121,5,1,2024-04-21 19:09:00,2394.12,EUR,1.0,Credit,Complete,25589.16,false,645.0,1,Premium,Credit Immobilier,Interets,Marseille-Vieux-Port
TXN000259,CLI0146,20,5,2023-02-16 01:15:00,-147.56,EUR,1.0,Debit,Complete,13771.48,false,583.0,3,Standard,PEA,Virement,Toulouse-Capitole
TXN001231,CLI0064,5,4,2022-02-09 10:32:00,-2648.15,EUR,1.0,Debit,Complete,4157.25,false,800.0,1,Premium,Credit Immobilier,Interets,Lille-Grand-Place
TXN001254,CLI0053,13,7,2022-03-04 15:11:00,-92.31,CHF,0.97,Debit,Complete,44333.36,false,645.0,3,Standard,Credit Consommation,Prelevement,Paris-Centre
TXN000567,CLI0069,54,1,2023-10-06 03:29:00,-1732.54,USD,1.08,Debit,Complete,5092.83,false,647.0,3,Standard,Livret A,Virement,Marseille-Vieux-Port
TXN001493,CLI0143,43,3,2023-10-27 18:32:00,1275.76,EUR,1.0,Credit,Complete,43143.37,false,782.0,1,Premium,Credit Auto,Remboursement credit,Lyon-Part-Dieu
TXN001630,CLI0052,62,2,2022-05-26 13:37:00,-976.03,EUR,1.0,Debit,Complete,35062.99,false,838.0,1,Premium,Credit Auto,Virement,Bordeaux-Meriadeck
TXN000681,CLI0122,53,8,2023-11-10 18:36:00,2891.04,EUR,1.0,Credit,Complete,5331.91,false,824.0,1,Premium,Compte Epargne,Interets,Nantes-Commerce
TXN000424,CLI0060,19,1,2024-01-06 02:44:00,-394.32,USD,1.08,Debit,Complete,18760.57,false,645.0,1,Premium,Credit Auto,Retrait DAB,Marseille-Vieux-Port
TXN001435,CLI0088,26,2,2024-05-30 16:35:00,1630.55,EUR,1.0,Credit,Complete,24314.98,true,413.0,3,Standard,Credit Auto,Virement international,Bordeaux-Meriadeck
TXN000101,CLI0023,52,1,2024-09-07 16:26:00,0.0,EUR,1.0,Credit,Complete,15919.68,false,636.0,3,Standard,Livret A,Prelevement,Marseille-Vieux-Port
TXN000309,CLI0031,64,2,2023-07-26 17:16:00,433.7,EUR,1.0,Credit,Complete,23369.93,false,559.0,2,Risque,Assurance Vie,Remboursement credit,Bordeaux-Meriadeck
TXN000777,CLI0093,9,1,2022-10-27 07:17:00,-276.93,USD,1.08,Debit,Complete,5339.64,false,786.0,1,Premium,Credit Consommation,Virement international,Marseille-Vieux-Port
TXN000629,CLI0094,12,7,2022-09-09 06:28:00,7763.17,GBP,0.86,Credit,Complete,40476.35,true,435.0,2,Risque,Compte Courant,Virement international,Paris-Centre
TXN000655,CLI0099,22,8,2023-10-14 14:35:00,-1250.88,EUR,1.0,Debit,Complete,45695.38,false,664.0,3,Standard,Compte Epargne,Prelevement,Nantes-Commerce
TXN001522,CLI0023,59,1,2024-04-04 03:08:00,-2744.19,EUR,1.0,Debit,Complete,36177.67,false,636.0,3,Standard,Compte Courant,Prelevement,Marseille-Vieux-Port
TXN001791,CLI0095,60,8,2024-12-06 03:54:00,-1979.86,EUR,1.0,Debit,Complete,23407.74,false,668.0,3,Standard,Livret A,Depot especes,Nantes-Commerce
TXN001551,CLI0132,48,2,2022-12-18 03:05:00,1261.69,GBP,0.86,Credit,Complete,33055.96,false,663.0,3,Standard,Compte Courant,Interets,Bordeaux-Meriadeck
TXN001301,CLI0001,2,4,2024-06-10 18:55:00,-307.86,USD,1.08,Debit,Complete,42379.38,false,586.0,3,Standard,Credit Consommation,Retrait DAB,Lille-Grand-Place
TXN000482,CLI0091,6,8,2023-07-13 10:17:00,-837.91,EUR,1.0,Debit,Complete,33797.03,false,442.0,2,Risque,Compte Epargne,Remboursement credit,Nantes-Commerce
TXN001569,CLI0071,62,7,2024-05-02 12:54:00,236.38,USD,1.08,Credit,En attente,46574.76,false,797.0,1,Premium,Credit Auto,Virement,Paris-Centre
TXN000038,CLI0052,34,2,2024-01-20 16:32:00,2744.79,USD,1.08,Credit,En attente,47214.97,false,838.0,1,Premium,Assurance Vie,Depot especes,Bordeaux-Meriadeck
TXN001309,CLI0072,55,1,2023-10-01 05:33:00,247.0,EUR,1.0,Credit,Complete,39176.73,false,606.0,3,Standard,Compte Courant,Depot especes,Marseille-Vieux-Port
TXN001970,CLI0103,1,7,2023-07-16 15:20:00,495.88,CHF,0.97,Credit,Complete,5233.99,false,683.0,3,Standard,Compte Epargne,Depot especes,Paris-Centre
TXN001601,CLI0040,54,6,2023-10-06 03:29:00,2124.08,EUR,1.0,Credit,Complete,22525.77,false,491.0,2,Risque,Livret A,Virement,Nice-Massena
TXN001358,CLI0072,42,1,2022-07-08 11:11:00,-1194.25,EUR,1.0,Debit,Complete,45554.9,false,606.0,3,Standard,Assurance Vie,Prelevement,Marseille-Vieux-Port
TXN001239,CLI0009,23,6,2022-03-22 16:03:00,366.93,EUR,1.0,Credit,Complete,3487.94,false,645.0,3,Standard,Credit Auto,Paiement CB,Nice-Massena
TXN000549,CLI0025,59,3,2023-02-25 18:57:00,640.07,CHF,0.97,Credit,Complete,42308.49,false,688.0,3,Standard,Compte Courant,Prelevement,Lyon-Part-Dieu
TXN000129,CLI0130,5,3,2022-08-19 10:10:00,2206.8,EUR,1.0,Credit,Complete,16921.9,false,586.0,3,Standard,Credit Immobilier,Interets,Lyon-Part-Dieu
TXN001423,CLI0032,62,7,2023-02-11 07:37:00,319.69,EUR,1.0,Credit,Complete,20309.23,false,621.0,3,Standard,Credit Auto,Virement,Paris-Centre
TXN000601,CLI0127,49,6,2024-09-20 14:31:00,381.85,EUR,1.0,Credit,Complete,4769.54,false,645.0,3,Standard,Credit Immobilier,Virement,Nice-Massena
TXN001659,CLI0117,36,4,2024-07-12 10:54:00,-4611.63,USD,1.08,Debit,Complete,29720.48,false,645.0,3,Standard,Credit Immobilier,Virement international,Lille-Grand-Place
TXN000658,CLI0011,62,2,2023-08-16 20:10:00,51.6,GBP,0.86,Credit,Complete,12619.36,false,672.0,3,Standard,Credit Auto,Virement,Bordeaux-Meriadeck
TXN000041,CLI0096,13,3,2024-08-23 00:39:00,2658.49,USD,1.08,Credit,Complete,31806.66,false,710.0,3,Standard,Credit Consommation,Prelevement,Lyon-Part-Dieu
TXN000855,CLI0110,26,5,2023-09-01 05:12:00,-2924.35,MAD,10.85,Debit,Complete,39214.48,false,629.0,3,Standard,Credit Auto,Virement international,Toulouse-Capitole
TXN001728,CLI0085,33,5,2023-05-16 11:20:00,-2112.14,EUR,1.0,Debit,Complete,19367.43,true,390.0,2,Risque,Compte Courant,Virement,Toulouse-Capitole
TXN001486,CLI0050,29,3,2022-09-03 21:57:00,265.91,EUR,1.0,Credit,En attente,29990.15,false,666.0,3,Standard,Livret A,Paiement CB,Lyon-Part-Dieu
TXN000811,CLI0030,41,3,2024-01-26 10:05:00,2841.96,EUR,1.0,Credit,Complete,20476.31,true,391.0,2,Risque,Assurance Vie,Virement,Lyon-Part-Dieu
TXN000296,CLI0116,42,6,2023-03-31 00:21:00,1097.66,EUR,1.0,Credit,Complete,18757.13,false,620.0,3,Standard,Assurance Vie,Prelevement,Nice-Massena
TXN000690,CLI0131,26,1,2024-08-08 05:20:00,-5757.4,EUR,1.0,Debit,Complete,24790.12,true,838.0,1,Premium,Credit Auto,Virement international,Marseille-Vieux-Port
TXN000448,CLI0030,4,3,2023-10-07 22:02:00,-150.32,USD,1.08,Debit,Complete,41489.93,false,391.0,2,Risque,Credit Consommation,Paiement CB,Lyon-Part-Dieu
TXN001957,CLI0013,23,5,2024-05-29 01:08:00,418.61,MAD,10.85,Credit,Complete,16623.27,true,351.0,2,Risque,Credit Auto,Paiement CB,Toulouse-Capitole
TXN000637,CLI0139,8,1,2023-09-15 23:27:00,-493.74,EUR,1.0,Debit,Complete,13061.85,false,674.0,3,Standard,Compte Courant,Paiement CB,Marseille-Vieux-Port
TXN001923,CLI0048,1,5,2022-09-06 12:37:00,162.25,MAD,10.85,Credit,Complete,42361.11,false,670.0,3,Standard,Compte Epargne,Depot especes,Toulouse-Capitole
TXN001730,CLI0058,15,1,2024-01-30 18:29:00,-5808.32,EUR,1.0,Debit,Complete,26497.91,true,704.0,3,Standard,PEA,Virement international,Marseille-Vieux-Port
TXN001376,CLI0064,33,4,2024-03-19 04:13:00,-865.82,USD,1.08,Debit,Complete,35890.1,false,800.0,1,Premium,Compte Courant,Virement,Lille-Grand-Place
TXN001605,CLI0055,55,2,2022-04-02 03:00:00,-596.09,EUR,1.0,Debit,Complete,34614.08,false,703.0,3,Standard,Compte Courant,Depot especes,Bordeaux-Meriadeck
TXN000963,CLI0091,54,8,2023-10-06 03:29:00,-1545.47,EUR,1.0,Debit,Complete,16356.87,false,442.0,2,Risque,Livret A,Virement,Nantes-Commerce
TXN000530,CLI0075,55,6,2024-06-24 10:44:00,-381.33,USD,1.08,Debit,Complete,27592.9,false,645.0,3,Standard,Compte Courant,Depot especes,Nice-Massena
TXN001593,CLI0022,5,5,2024-03-26 06:15:00,2010.27,EUR,1.0,Credit,Complete,1632.18,false,787.0,3,Standard,Credit Immobilier,Interets,Toulouse-Capitole
TXN001449,CLI0026,60,4,2024-12-18 10:36:03,1043.71,USD,1.08,Credit,Complete,9682.84,false,699.0,3,Standard,Livret A,Depot especes,Lille-Grand-Place
TXN001215,CLI0024,50,3,2023-04-23 06:03:00,-2165.09,EUR,1.0,Debit,Complete,9945.26,false,592.0,3,Standard,Credit Consommation,Virement,Lyon-Part-Dieu
TXN001707,CLI0010,13,3,2023-10-06 03:29:00,344.34,EUR,1.0,Credit,En attente,27957.96,false,816.0,1,Premium,Credit Consommation,Prelevement,Lyon-Part-Dieu
TXN001284,CLI0093,11,1,2024-04-12 01:48:00,227.3,GBP,0.86,Credit,Complete,33615.63,false,786.0,1,Premium,Compte Epargne,Retrait DAB,Marseille-Vieux-Port
TXN000595,CLI0066,3,6,2022-05-01 01:21:00,-2796.64,EUR,1.0,Debit,Rejete,46972.16,false,656.0,3,Standard,PEA,Prelevement,Nice-Massena
TXN000731,CLI0006,14,5,2022-06-20 09:38:00,1634.73,EUR,1.0,Credit,Complete,23236.2,false,620.0,3,Standard,Credit Immobilier,Remboursement credit,Toulouse-Capitole
TXN001637,CLI0129,51,7,2022-12-29 10:51:00,129.37,EUR,1.0,Credit,Complete,6981.2,false,573.0,2,Risque,Assurance Vie,Retrait DAB,Paris-Centre
TXN000580,CLI0071,39,7,2022-04-25 15:34:00,1155.38,EUR,1.0,Credit,Complete,23795.22,false,797.0,1,Premium,PEA,Interets,Paris-Centre
TXN000770,CLI0081,59,5,2023-10-06 03:29:00,-309.07,EUR,1.0,Debit,Complete,6323.38,false,645.0,3,Standard,Compte Courant,Prelevement,Toulouse-Capitole
TXN000767,CLI0131,31,1,2024-09-09 08:44:00,377.77,EUR,1.0,Credit,Complete,49997.71,false,838.0,1,Premium,Credit Immobilier,Retrait DAB,Marseille-Vieux-Port
TXN001359,CLI0023,37,1,2023-12-02 05:33:00,-2454.89,EUR,1.0,Debit,Rejete,37889.99,false,636.0,3,Standard,Credit Auto,Prelevement,Marseille-Vieux-Port
TXN001526,CLI0084,21,1,2023-08-11 12:08:00,100.49,EUR,1.0,Credit,Complete,18399.69,false,684.0,3,Standard,Credit Consommation,Depot especes,Marseille-Vieux-Port
TXN001836,CLI0148,50,4,2022-10-30 17:55:00,-1304.42,EUR,1.0,Debit,Complete,39487.0,false,713.0,3,Standard,Credit Consommation,Virement,Lille-Grand-Place
TXN000486,CLI0065,30,2,2022-06-05 20:29:00,-462.89,EUR,1.0,Debit,Complete,33412.2,false,645.0,3,Standard,Compte Epargne,Paiement CB,Bordeaux-Meriadeck
TXN000196,CLI0148,60,4,2024-09-20 10:57:00,-2063.53,EUR,1.0,Debit,Complete,41851.44,false,713.0,3,Standard,Livret A,Depot especes,Lille-Grand-Place
TXN001610,CLI0005,39,4,2024-04-07 05:00:00,1141.67,GBP,0.86,Credit,Rejete,29457.48,false,694.0,3,Standard,PEA,Interets,Lille-Grand-Place
TXN001503,CLI0053,35,7,2024-12-26 05:49:00,-1441.4,EUR,1.0,Debit,Complete,8929.36,false,645.0,3,Standard,Livret A,Interets,Paris-Centre
TXN001483,CLI0124,21,5,2023-12-05 12:10:00,-2907.45,CHF,0.97,Debit,Complete,11191.29,false,585.0,3,Standard,Credit Consommation,Depot especes,Toulouse-Capitole
TXN001055,CLI0066,42,6,2024-06-06 03:50:00,-615.35,GBP,0.86,Debit,Complete,27003.97,false,656.0,3,Standard,Assurance Vie,Prelevement,Nice-Massena
TXN001267,CLI0049,54,3,2023-08-29 03:13:00,597.86,EUR,1.0,Credit,Complete,22684.71,false,593.0,3,Standard,Livret A,Virement,Lyon-Part-Dieu
TXN000481,CLI0004,8,2,2024-07-08 12:43:00,-171.53,CHF,0.97,Debit,Complete,26611.54,false,645.0,3,Standard,Compte Courant,Paiement CB,Bordeaux-Meriadeck
TXN001499,CLI0126,34,2,2023-03-31 13:28:00,2701.66,EUR,1.0,Credit,Complete,7570.26,false,514.0,2,Risque,Assurance Vie,Depot especes,Bordeaux-Meriadeck
TXN000387,CLI0040,12,6,2023-05-25 05:31:00,912.93,USD,1.08,Credit,Complete,32264.29,false,491.0,2,Risque,Compte Courant,Virement international,Nice-Massena
TXN000258,CLI0105,53,6,2024-02-05 01:32:00,-2384.9,USD,1.08,Debit,Complete,42579.64,false,634.0,3,Standard,Compte Epargne,Interets,Nice-Massena
TXN001046,CLI0028,48,3,2023-12-11 21:46:00,349.15,GBP,0.86,Credit,Complete,6524.1,false,667.0,3,Standard,Compte Courant,Interets,Lyon-Part-Dieu
TXN000961,CLI0067,8,7,2024-10-10 04:14:00,-322.56,EUR,1.0,Debit,Complete,32764.58,true,337.0,2,Risque,Compte Courant,Paiement CB,Paris-Centre
TXN001379,CLI0063,5,7,2023-07-15 13:03:00,-793.73,EUR,1.0,Debit,Complete,44457.94,true,426.0,2,Risque,Credit Immobilier,Interets,Paris-Centre
TXN001914,CLI0013,37,5,2023-07-20 01:00:00,669.08,EUR,1.0,Credit,Complete,12111.02,true,351.0,2,Risque,Credit Auto,Prelevement,Toulouse-Capitole
TXN000789,CLI0132,41,2,2024-09-26 01:22:00,-67.38,CHF,0.97,Debit,Complete,357.21,false,663.0,3,Standard,Assurance Vie,Virement,Bordeaux-Meriadeck
TXN001178,CLI0053,35,7,2022-02-01 01:59:00,1175.39,EUR,1.0,Credit,En attente,336.47,false,645.0,3,Standard,Livret A,Interets,Paris-Centre
TXN001471,CLI0039,37,2,2022-12-23 02:36:00,459.3,EUR,1.0,Credit,Complete,47749.07,false,645.0,3,Standard,Credit Auto,Prelevement,Bordeaux-Meriadeck
TXN001249,CLI0093,48,1,2023-04-16 18:56:00,-2658.92,EUR,1.0,Debit,Complete,10899.54,false,786.0,1,Premium,Compte Courant,Interets,Marseille-Vieux-Port
TXN000940,CLI0026,42,4,2022-04-16 19:34:00,-1026.21,EUR,1.0,Debit,En attente,12643.95,false,699.0,3,Standard,Assurance Vie,Prelevement,Lille-Grand-Place
TXN000034,CLI0099,56,8,2024-02-21 18:22:00,0.0,EUR,1.0,Credit,Complete,41518.87,false,664.0,3,Standard,Assurance Vie,Interets,Nantes-Commerce
TXN000081,CLI0116,25,6,2024-04-29 01:25:00,-4115.66,CHF,0.97,Debit,Complete,1506.56,false,620.0,3,Standard,Livret A,Virement international,Nice-Massena
TXN001678,CLI0040,42,6,2023-10-06 03:29:00,228.31,EUR,1.0,Credit,Complete,1905.27,false,491.0,2,Risque,Assurance Vie,Prelevement,Nice-Massena
TXN001161,CLI0116,30,6,2023-10-06 03:29:00,293.53,EUR,1.0,Credit,Complete,27026.67,false,620.0,3,Standard,Compte Epargne,Paiement CB,Nice-Massena
TXN001072,CLI0105,48,6,2022-05-25 13:16:00,-2655.9,GBP,0.86,Debit,Complete,41404.92,false,634.0,3,Standard,Compte Courant,Interets,Nice-Massena
TXN001222,CLI0091,6,8,2024-08-03 10:59:00,150000.0,EUR,1.0,Credit,Complete,44964.57,true,442.0,2,Risque,Compte Epargne,Remboursement credit,Nantes-Commerce
TXN001289,CLI0126,24,2,2022-05-09 08:40:00,-2292.05,EUR,1.0,Debit,Complete,11469.33,false,514.0,2,Risque,Assurance Vie,Virement international,Bordeaux-Meriadeck
TXN001545,CLI0061,52,1,2023-07-07 18:00:00,979.39,GBP,0.86,Credit,Complete,8688.82,true,341.0,2,Risque,Livret A,Prelevement,Marseille-Vieux-Port
TXN001562,CLI0080,38,7,2022-01-24 04:35:00,-1047.15,EUR,1.0,Debit,Rejete,17843.01,false,645.0,1,Premium,Credit Immobilier,Depot especes,Paris-Centre
TXN000444,CLI0018,8,2,2023-10-26 00:07:00,-349.2,EUR,1.0,Debit,Complete,9781.38,true,328.0,2,Risque,Compte Courant,Paiement CB,Bordeaux-Meriadeck
TXN000066,CLI0131,44,1,2023-02-02 11:22:00,2195.77,EUR,1.0,Credit,Complete,7407.57,false,838.0,1,Premium,Credit Immobilier,Prelevement,Marseille-Vieux-Port
TXN001916,CLI0040,24,6,2022-04-15 23:32:00,2215.29,USD,1.08,Credit,Complete,31843.01,false,491.0,2,Risque,Assurance Vie,Virement international,Nice-Massena
TXN000828,CLI0099,13,8,2024-05-13 16:36:00,2340.95,EUR,1.0,Credit,Complete,11836.13,false,664.0,3,Standard,Credit Consommation,Prelevement,Nantes-Commerce
TXN000548,CLI0028,33,3,2024-11-17 18:03:00,1433.79,USD,1.08,Credit,Complete,33412.56,false,667.0,3,Standard,Compte Courant,Virement,Lyon-Part-Dieu
TXN001669,CLI0016,29,2,2023-07-25 15:17:00,334.32,EUR,1.0,Credit,Complete,48699.51,false,716.0,3,Standard,Livret A,Paiement CB,Bordeaux-Meriadeck
TXN000059,CLI0097,7,4,2022-11-19 11:19:00,2178.71,EUR,1.0,Credit,En attente,7863.44,true,397.0,2,Risque,Livret A,Remboursement credit,Lille-Grand-Place
TXN000854,CLI0104,44,8,2024-07-13 13:33:00,681.61,EUR,1.0,Credit,Complete,4712.82,false,645.0,3,Standard,Credit Immobilier,Prelevement,Nantes-Commerce
TXN001783,CLI0001,16,4,2023-02-07 23:10:00,-1640.76,EUR,1.0,Debit,Complete,4908.42,false,586.0,3,Standard,Compte Epargne,Virement,Lille-Grand-Place
TXN001591,CLI0066,4,6,2023-08-08 20:29:00,-182.5,USD,1.08,Debit,Complete,3927.52,false,656.0,3,Standard,Credit Consommation,Paiement CB,Nice-Massena
TXN000089,CLI0017,56,2,2023-10-06 03:29:00,-638.44,EUR,1.0,Debit,Complete,49457.22,false,649.0,3,Standard,Assurance Vie,Interets,Bordeaux-Meriadeck
TXN000566,CLI0017,30,2,2022-12-14 00:34:00,-176.54,EUR,1.0,Debit,Complete,45080.35,false,649.0,3,Standard,Compte Epargne,Paiement CB,Bordeaux-Meriadeck
TXN002000,CLI0072,45,1,2022-02-02 01:37:00,-394.89,EUR,1.0,Debit,Complete,21424.32,false,606.0,3,Standard,Livret A,Retrait DAB,Marseille-Vieux-Port
TXN001343,CLI0142,4,5,2023-03-06 15:41:00,-36.24,CHF,0.97,Debit,Complete,2540.72,false,676.0,3,Standard,Credit Consommation,Paiement CB,Toulouse-Capitole
TXN001291,CLI0049,46,3,2023-08-28 06:43:00,2073.64,GBP,0.86,Credit,Complete,23188.25,false,593.0,3,Standard,PEA,Depot especes,Lyon-Part-Dieu
TXN000255,CLI0147,53,6,2023-07-19 12:09:00,1873.82,EUR,1.0,Credit,Complete,44489.75,false,812.0,1,Premium,Compte Epargne,Interets,Nice-Massena
TXN001143,CLI0026,22,4,2023-05-04 11:37:00,2034.2,EUR,1.0,Credit,Complete,35942.62,false,699.0,3,Standard,Compte Epargne,Prelevement,Lille-Grand-Place
TXN001592,CLI0036,19,1,2024-07-05 09:49:00,277.89,EUR,1.0,Credit,Complete,31077.42,false,572.0,2,Risque,Credit Auto,Retrait DAB,Marseille-Vieux-Port
TXN000834,CLI0009,58,6,2022-01-23 12:53:00,1299.68,EUR,1.0,Credit,Complete,41492.96,false,645.0,3,Standard,Credit Auto,Depot especes,Nice-Massena
TXN000018,CLI0126,3,2,2024-04-16 10:20:00,2026.89,EUR,1.0,Credit,Complete,24823.9,false,514.0,2,Risque,PEA,Prelevement,Bordeaux-Meriadeck
TXN001009,CLI0119,57,2,2022-10-05 05:33:00,-363.24,CHF,0.97,Debit,Complete,7602.42,false,793.0,1,Premium,PEA,Retrait DAB,Bordeaux-Meriadeck
TXN001473,CLI0059,10,7,2023-05-29 16:18:00,0.0,MAD,10.85,Debit,Complete,30525.53,false,594.0,3,Standard,PEA,Remboursement credit,Paris-Centre
TXN000558,CLI0070,7,8,2024-04-08 15:32:03,872.73,EUR,1.0,Credit,Complete,24518.13,true,645.0,2,Risque,Livret A,Remboursement credit,Nantes-Commerce
TXN001323,CLI0089,26,2,2022-04-15 16:37:00,-1161.72,EUR,1.0,Debit,Complete,25747.18,false,638.0,3,Standard,Credit Auto,Virement international,Bordeaux-Meriadeck
TXN000100,CLI0032,19,7,2023-04-30 15:01:00,193.23,USD,1.08,Credit,Complete,27627.18,false,621.0,3,Standard,Credit Auto,Retrait DAB,Paris-Centre
TXN001958,CLI0044,39,3,2023-09-15 11:13:00,-1784.93,GBP,0.86,Debit,Complete,36167.02,false,469.0,2,Risque,PEA,Interets,Lyon-Part-Dieu
TXN000364,CLI0108,9,7,2024-03-31 08:28:00,-1603.14,EUR,1.0,Debit,Complete,36068.69,true,375.0,2,Risque,Credit Consommation,Virement international,Paris-Centre
TXN000973,CLI0009,6,6,2022-12-08 02:08:00,-1568.95,EUR,1.0,Debit,En attente,17782.95,false,645.0,3,Standard,Compte Epargne,Remboursement credit,Nice-Massena
TXN000866,CLI0102,41,1,2023-04-04 16:18:00,839.45,CHF,0.97,Credit,Complete,39777.4,false,645.0,3,Standard,Assurance Vie,Virement,Marseille-Vieux-Port
TXN000037,CLI0011,27,2,2022-03-10 18:23:00,-371.53,USD,1.08,Debit,Complete,20833.6,false,672.0,3,Standard,Assurance Vie,Paiement CB,Bordeaux-Meriadeck
TXN000097,CLI0048,56,5,2022-08-30 08:49:00,-817.85,EUR,1.0,Debit,Complete,49931.58,false,670.0,3,Standard,Assurance Vie,Interets,Toulouse-Capitole
TXN000095,CLI0113,33,3,2023-04-29 20:23:00,1118.34,EUR,1.0,Credit,Complete,33985.2,false,643.0,3,Standard,Compte Courant,Virement,Lyon-Part-Dieu
TXN001661,CLI0037,48,4,2024-12-02 05:04:00,804.71,EUR,1.0,Credit,Complete,6391.51,false,622.0,3,Standard,Compte Courant,Interets,Lille-Grand-Place
TXN000841,CLI0129,59,7,2022-11-04 00:37:00,-2398.4,EUR,1.0,Debit,Complete,7661.74,false,573.0,2,Risque,Compte Courant,Prelevement,Paris-Centre
TXN000135,CLI0130,2,3,2022-11-03 05:20:00,-430.15,EUR,1.0,Debit,Complete,24492.52,false,586.0,3,Standard,Credit Consommation,Retrait DAB,Lyon-Part-Dieu
TXN001703,CLI0048,32,5,2023-12-06 04:46:00,1151.91,USD,1.08,Credit,En attente,7503.09,false,670.0,3,Standard,Credit Consommation,Interets,Toulouse-Capitole
TXN001876,CLI0132,64,2,2024-08-07 12:03:00,-2728.17,EUR,1.0,Debit,Complete,13015.01,false,663.0,3,Standard,Assurance Vie,Remboursement credit,Bordeaux-Meriadeck
TXN001908,CLI0023,37,1,2024-10-06 06:34:00,-1673.77,EUR,1.0,Debit,Complete,42873.01,false,636.0,3,Standard,Credit Auto,Prelevement,Marseille-Vieux-Port
TXN000650,CLI0014,47,1,2024-10-26 00:07:00,-335.96,USD,1.08,Debit,Complete,10369.67,false,673.0,3,Standard,Compte Courant,Retrait DAB,Marseille-Vieux-Port
TXN001198,CLI0053,6,7,2022-12-19 08:47:00,2057.86,EUR,1.0,Credit,Complete,40061.76,false,645.0,3,Standard,Compte Epargne,Remboursement credit,Paris-Centre
TXN000150,CLI0053,64,7,2023-10-21 09:24:03,1425.44,CHF,0.97,Credit,Complete,25689.55,false,645.0,3,Standard,Assurance Vie,Remboursement credit,Paris-Centre
TXN001204,CLI0098,40,2,2022-12-16 00:37:00,2079.96,EUR,1.0,Credit,Complete,9173.5,false,580.0,3,Standard,Credit Auto,Interets,Bordeaux-Meriadeck
TXN001839,CLI0079,55,7,2023-10-08 11:07:00,-767.88,EUR,1.0,Debit,Complete,16471.7,false,689.0,3,Standard,Compte Courant,Depot especes,Paris-Centre
TXN000499,CLI0017,31,2,2024-04-03 10:07:00,488.41,EUR,1.0,Credit,Complete,48238.15,false,649.0,3,Standard,Credit Immobilier,Retrait DAB,Bordeaux-Meriadeck
TXN001759,CLI0038,31,2,2023-01-20 14:36:00,-389.32,EUR,1.0,Debit,Complete,4318.36,false,516.0,2,Risque,Credit Immobilier,Retrait DAB,Bordeaux-Meriadeck
TXN000807,CLI0034,29,2,2022-05-05 22:12:00,-375.54,EUR,1.0,Debit,Complete,37561.32,false,457.0,2,Risque,Livret A,Paiement CB,Bordeaux-Meriadeck
TXN000295,CLI0117,26,4,2022-04-22 07:54:00,3744.79,EUR,1.0,Credit,Complete,18228.4,false,645.0,3,Standard,Credit Auto,Virement international,Lille-Grand-Place
TXN000993,CLI0147,55,6,2022-08-14 19:39:00,1022.57,EUR,1.0,Credit,Rejete,1153.77,false,812.0,1,Premium,Compte Courant,Depot especes,Nice-Massena
TXN000224,CLI0038,44,2,2023-12-30 12:32:00,-194.4,USD,1.08,Debit,Complete,20279.17,false,516.0,2,Risque,Credit Immobilier,Prelevement,Bordeaux-Meriadeck
TXN000948,CLI0059,7,7,2022-04-04 00:55:00,2173.49,USD,1.08,Credit,Complete,21983.94,false,594.0,3,Standard,Livret A,Remboursement credit,Paris-Centre
TXN000667,CLI0145,21,3,2022-09-20 23:04:00,425.92,EUR,1.0,Credit,En attente,36472.05,false,674.0,3,Standard,Credit Consommation,Depot especes,Lyon-Part-Dieu
TXN001412,CLI0118,36,4,2022-02-04 19:49:00,5162.71,USD,1.08,Credit,Complete,3129.52,true,641.0,3,Standard,Credit Immobilier,Virement international,Lille-Grand-Place
TXN000863,CLI0026,52,4,2022-08-01 02:41:00,98.46,GBP,0.86,Credit,Complete,37611.17,false,699.0,3,Standard,Livret A,Prelevement,Lille-Grand-Place
TXN000401,CLI0078,41,1,2023-03-31 06:54:00,978.97,EUR,1.0,Credit,En attente,25612.45,false,647.0,3,Standard,Assurance Vie,Virement,Marseille-Vieux-Port
TXN001855,CLI0073,35,1,2023-05-30 03:14:00,2166.51,EUR,1.0,Credit,En attente,17520.42,false,645.0,1,Premium,Livret A,Interets,Marseille-Vieux-Port
TXN001440,CLI0043,64,2,2024-05-11 19:36:00,2433.81,USD,1.08,Credit,Complete,32123.29,false,735.0,1,Premium,Assurance Vie,Remboursement credit,Bordeaux-Meriadeck
TXN001224,CLI0103,12,7,2023-10-06 03:29:00,-7579.13,EUR,1.0,Debit,Complete,7580.0,true,683.0,3,Standard,Compte Courant,Virement international,Paris-Centre
TXN001447,CLI0145,14,3,2022-10-29 12:37:00,-2301.16,EUR,1.0,Debit,Complete,13375.32,false,674.0,3,Standard,Credit Immobilier,Remboursement credit,Lyon-Part-Dieu
TXN000513,CLI0064,11,4,2023-04-01 18:09:00,458.6,EUR,1.0,Credit,Rejete,2098.93,false,800.0,1,Premium,Compte Epargne,Retrait DAB,Lille-Grand-Place
TXN000617,CLI0138,31,2,2024-08-07 04:30:00,-222.5,EUR,1.0,Debit,Complete,22318.77,false,749.0,1,Premium,Credit Immobilier,Retrait DAB,Bordeaux-Meriadeck
TXN000616,CLI0035,49,3,2022-02-02 22:12:00,-2584.09,EUR,1.0,Debit,Complete,21845.84,false,600.0,3,Standard,Credit Immobilier,Virement,Lyon-Part-Dieu
TXN000686,CLI0029,36,7,2023-09-17 14:15:00,-3083.2,CHF,0.97,Debit,En attente,48857.38,false,696.0,3,Standard,Credit Immobilier,Virement international,Paris-Centre
TXN001619,CLI0119,25,2,2023-10-06 03:29:00,-3995.93,EUR,1.0,Debit,Complete,6984.69,false,793.0,1,Premium,Livret A,Virement international,Bordeaux-Meriadeck
TXN000680,CLI0038,50,2,2022-04-22 13:22:00,-626.45,EUR,1.0,Debit,Complete,17143.44,false,516.0,2,Risque,Credit Consommation,Virement,Bordeaux-Meriadeck
TXN000782,CLI0120,27,3,2024-05-26 16:45:00,443.07,EUR,1.0,Credit,Complete,4438.42,false,718.0,3,Standard,Assurance Vie,Paiement CB,Lyon-Part-Dieu
TXN001563,CLI0063,28,7,2022-09-14 00:32:00,2904.6,EUR,1.0,Credit,Complete,20066.51,true,426.0,2,Risque,Credit Consommation,Remboursement credit,Paris-Centre
TXN000943,CLI0036,45,1,2023-11-07 21:58:00,-441.57,EUR,1.0,Debit,Complete,28236.42,false,572.0,2,Risque,Livret A,Retrait DAB,Marseille-Vieux-Port
TXN000024,CLI0107,26,4,2024-11-05 08:52:00,220.01,CHF,0.97,Credit,Complete,22382.71,true,420.0,2,Risque,Credit Auto,Virement international,Lille-Grand-Place
TXN001105,CLI0145,52,3,2022-08-19 17:10:00,2405.84,MAD,10.85,Credit,Complete,23475.5,false,674.0,3,Standard,Livret A,Prelevement,Lyon-Part-Dieu
TXN000200,CLI0003,25,3,2024-05-14 22:08:00,-3926.06,GBP,0.86,Debit,Complete,5211.12,false,587.0,3,Standard,Livret A,Virement international,Lyon-Part-Dieu
TXN000306,CLI0144,51,7,2024-03-07 07:32:00,396.47,USD,1.08,Credit,Complete,2444.3,true,361.0,2,Risque,Assurance Vie,Retrait DAB,Paris-Centre
TXN000246,CLI0040,62,6,2024-05-25 02:18:00,2480.5,EUR,1.0,Credit,Complete,1384.21,false,491.0,2,Risque,Credit Auto,Virement,Nice-Massena
TXN000852,CLI0121,55,1,2023-10-18 18:02:00,2964.04,EUR,1.0,Credit,En attente,18138.49,false,645.0,1,Premium,Compte Courant,Depot especes,Marseille-Vieux-Port
TXN001297,CLI0141,8,4,2022-07-16 23:43:00,-223.17,EUR,1.0,Debit,Complete,16946.53,false,726.0,1,Premium,Compte Courant,Paiement CB,Lille-Grand-Place
TXN001519,CLI0051,48,1,2024-11-13 06:03:00,-1855.64,EUR,1.0,Debit,Complete,49609.7,false,645.0,1,Premium,Compte Courant,Interets,Marseille-Vieux-Port
TXN000468,CLI0112,57,1,2024-08-30 04:12:00,286.6,USD,1.08,Credit,Complete,7797.94,false,636.0,3,Standard,PEA,Retrait DAB,Marseille-Vieux-Port
TXN000656,CLI0005,27,4,2022-07-27 07:48:00,286.26,EUR,1.0,Credit,Complete,22354.51,false,694.0,3,Standard,Assurance Vie,Paiement CB,Lille-Grand-Place
TXN000021,CLI0074,32,8,2024-09-19 03:01:00,2920.78,CHF,0.97,Credit,Complete,15606.43,false,633.0,3,Standard,Credit Consommation,Interets,Nantes-Commerce
TXN000378,CLI0112,28,1,2024-03-09 12:14:00,-825.79,EUR,1.0,Debit,Complete,40017.96,false,636.0,3,Standard,Credit Consommation,Remboursement credit,Marseille-Vieux-Port
TXN000028,CLI0040,3,6,2023-06-27 10:39:00,2093.48,EUR,1.0,Credit,Complete,42981.17,false,491.0,2,Risque,PEA,Prelevement,Nice-Massena
TXN001629,CLI0081,58,5,2022-03-31 23:23:00,720.87,EUR,1.0,Credit,Complete,28518.64,false,645.0,3,Standard,Credit Auto,Depot especes,Toulouse-Capitole
TXN001620,CLI0076,14,3,2022-06-02 03:34:00,2035.27,EUR,1.0,Credit,Complete,30466.73,true,326.0,2,Risque,Credit Immobilier,Remboursement credit,Lyon-Part-Dieu
TXN000404,CLI0148,59,4,2023-09-08 01:46:00,-2434.61,EUR,1.0,Debit,En attente,16786.04,false,713.0,3,Standard,Compte Courant,Prelevement,Lille-Grand-Place
TXN000226,CLI0096,37,3,2023-06-15 02:01:00,-2991.63,EUR,1.0,Debit,Complete,4689.73,false,710.0,3,Standard,Credit Auto,Prelevement,Lyon-Part-Dieu
TXN000645,CLI0037,21,4,2024-05-13 01:59:00,2688.05,USD,1.08,Credit,Complete,37009.05,false,622.0,3,Standard,Credit Consommation,Depot especes,Lille-Grand-Place
TXN000875,CLI0020,31,2,2024-02-08 10:40:00,455.99,USD,1.08,Credit,Complete,45191.54,false,660.0,3,Standard,Credit Immobilier,Retrait DAB,Bordeaux-Meriadeck
TXN000784,CLI0074,40,8,2022-01-22 13:43:00,1550.61,GBP,0.86,Credit,Complete,34287.58,false,633.0,3,Standard,Credit Auto,Interets,Nantes-Commerce
TXN000873,CLI0037,49,4,2022-07-31 03:29:00,-2785.24,EUR,1.0,Debit,Complete,44740.78,false,622.0,3,Standard,Credit Immobilier,Virement,Lille-Grand-Place
TXN000618,CLI0125,53,4,2024-07-09 18:15:00,643.95,EUR,1.0,Credit,Complete,492.93,false,810.0,1,Premium,Compte Epargne,Interets,Lille-Grand-Place
TXN000794,CLI0069,22,1,2023-10-06 03:29:00,425.93,EUR,1.0,Credit,Complete,46185.71,false,647.0,3,Standard,Compte Epargne,Prelevement,Marseille-Vieux-Port
TXN001506,CLI0062,44,5,2023-01-08 22:28:00,2883.03,EUR,1.0,Credit,Complete,34405.39,false,640.0,3,Standard,Credit Immobilier,Prelevement,Toulouse-Capitole
TXN000085,CLI0132,11,2,2023-08-20 13:00:00,-315.11,USD,1.08,Debit,Complete,33443.92,false,663.0,3,Standard,Compte Epargne,Retrait DAB,Bordeaux-Meriadeck
TXN001897,CLI0045,45,2,2022-09-18 18:47:00,495.3,MAD,10.85,Credit,Complete,6342.16,false,704.0,3,Standard,Livret A,Retrait DAB,Bordeaux-Meriadeck
TXN001893,CLI0092,51,8,2022-11-24 07:22:00,-497.96,EUR,1.0,Debit,Complete,31025.77,false,717.0,3,Standard,Assurance Vie,Retrait DAB,Nantes-Commerce
TXN001395,CLI0035,16,3,2023-02-23 11:40:00,2281.94,EUR,1.0,Credit,Complete,3257.07,false,600.0,3,Standard,Compte Epargne,Virement,Lyon-Part-Dieu
TXN001704,CLI0039,39,4,2023-01-25 16:38:00,-1843.37,EUR,1.0,Debit,Complete,34590.38,false,645.0,3,Standard,PEA,Interets,Lille-Grand-Place
TXN000604,CLI0028,24,3,2022-06-16 14:53:00,-5720.11,EUR,1.0,Debit,Complete,389.69,true,667.0,3,Standard,Assurance Vie,Virement international,Lyon-Part-Dieu
TXN000818,CLI0069,46,1,2022-01-28 00:50:00,363.7,CHF,0.97,Credit,Complete,4339.76,false,647.0,3,Standard,PEA,Depot especes,Marseille-Vieux-Port
TXN000454,CLI0030,41,3,2024-11-18 03:13:00,-1650.46,MAD,10.85,Debit,Complete,35247.25,true,391.0,2,Risque,Assurance Vie,Virement,Lyon-Part-Dieu
TXN001547,CLI0127,11,6,2023-02-11 14:37:00,-230.73,EUR,1.0,Debit,Complete,27871.45,false,645.0,3,Standard,Compte Epargne,Retrait DAB,Nice-Massena
TXN001741,CLI0121,54,1,2024-05-31 02:59:00,-1742.31,EUR,1.0,Debit,Complete,18088.76,false,645.0,1,Premium,Livret A,Virement,Marseille-Vieux-Port
TXN001645,CLI0047,26,3,2023-06-16 14:40:00,-7146.65,MAD,10.85,Debit,Complete,47797.5,true,397.0,2,Risque,Credit Auto,Virement international,Lyon-Part-Dieu
TXN000814,CLI0069,57,1,2024-03-20 04:28:00,131.23,EUR,1.0,Credit,Complete,24002.44,false,647.0,3,Standard,PEA,Retrait DAB,Marseille-Vieux-Port
TXN001590,CLI0143,47,3,2023-06-03 11:51:00,381.16,EUR,1.0,Credit,Complete,47234.18,false,782.0,1,Premium,Compte Courant,Retrait DAB,Lyon-Part-Dieu
TXN000214,CLI0039,1,4,2022-03-14 17:51:00,2746.15,CHF,0.97,Credit,Complete,12488.33,false,645.0,3,Standard,Compte Epargne,Depot especes,Lille-Grand-Place
TXN001042,CLI0035,7,3,2023-08-03 21:46:00,2624.42,USD,1.08,Credit,Complete,33526.85,false,600.0,3,Standard,Livret A,Remboursement credit,Lyon-Part-Dieu
TXN001751,CLI0003,39,3,2022-10-18 15:39:00,1849.39,GBP,0.86,Credit,Complete,37444.8,false,587.0,3,Standard,PEA,Interets,Lyon-Part-Dieu
TXN000962,CLI0048,56,5,2023-10-06 03:29:00,722.46,EUR,1.0,Credit,Rejete,904.3,false,670.0,3,Standard,Assurance Vie,Interets,Toulouse-Capitole
TXN001057,CLI0103,38,7,2023-07-13 00:26:00,661.05,USD,1.08,Credit,Complete,23175.82,false,683.0,3,Standard,Credit Immobilier,Depot especes,Paris-Centre
TXN000560,CLI0078,37,2,2024-11-30 15:50:00,-1424.76,USD,1.08,Debit,Complete,13157.1,false,647.0,3,Standard,Credit Auto,Prelevement,Bordeaux-Meriadeck
TXN001701,CLI0059,37,7,2023-03-22 12:33:00,2428.06,USD,1.08,Credit,Rejete,45430.81,false,594.0,3,Standard,Credit Auto,Prelevement,Paris-Centre
TXN001488,CLI0084,61,1,2023-11-01 10:12:00,71.47,EUR,1.0,Credit,Complete,10801.93,false,684.0,3,Standard,PEA,Paiement CB,Marseille-Vieux-Port
TXN000535,CLI0109,10,3,2022-06-26 04:13:00,944.53,EUR,1.0,Credit,Complete,48008.76,false,701.0,3,Standard,PEA,Remboursement credit,Lyon-Part-Dieu
TXN000697,CLI0104,14,8,2022-01-25 15:41:00,1562.31,GBP,0.86,Credit,Complete,11456.17,false,645.0,3,Standard,Credit Immobilier,Remboursement credit,Nantes-Commerce
TXN001109,CLI0091,55,8,2022-10-31 06:19:00,-585.68,EUR,1.0,Debit,Complete,27049.8,false,442.0,2,Risque,Compte Courant,Depot especes,Nantes-Commerce
TXN001811,CLI0109,34,3,2023-01-06 03:38:00,-73.35,EUR,1.0,Debit,Complete,1567.04,false,701.0,3,Standard,Assurance Vie,Depot especes,Lyon-Part-Dieu
TXN001490,CLI0069,46,1,2022-08-12 09:49:00,-2387.74,USD,1.08,Debit,Complete,19208.33,false,647.0,3,Standard,PEA,Depot especes,Marseille-Vieux-Port
TXN000237,CLI0041,10,2,2024-09-24 20:20:00,563.9,USD,1.08,Credit,Complete,29488.61,false,643.0,3,Standard,PEA,Remboursement credit,Bordeaux-Meriadeck
TXN001901,CLI0022,5,2,2024-12-31 05:10:00,2823.59,MAD,10.85,Credit,Complete,33442.11,false,787.0,3,Standard,Credit Immobilier,Interets,Bordeaux-Meriadeck
TXN001258,CLI0012,10,4,2024-09-27 07:45:00,-2552.95,EUR,1.0,Debit,Complete,18428.13,false,778.0,1,Premium,PEA,Remboursement credit,Lille-Grand-Place
TXN001462,CLI0044,63,3,2024-03-21 09:32:00,535.41,EUR,1.0,Credit,Complete,49746.95,false,469.0,2,Risque,Compte Epargne,Virement international,Lyon-Part-Dieu
TXN000896,CLI0054,25,2,2023-10-06 03:29:00,5311.26,USD,1.08,Credit,En attente,11017.36,true,347.0,3,Standard,Livret A,Virement international,Bordeaux-Meriadeck
TXN001706,CLI0013,5,5,2023-01-19 12:38:00,1518.61,EUR,1.0,Credit,Complete,10075.17,true,351.0,2,Risque,Credit Immobilier,Interets,Toulouse-Capitole
TXN001206,CLI0039,52,4,2023-02-08 20:20:00,912.43,MAD,10.85,Credit,Complete,49180.19,false,645.0,3,Standard,Livret A,Prelevement,Lille-Grand-Place
TXN001622,CLI0068,15,3,2022-09-28 03:52:00,4517.71,EUR,1.0,Credit,Complete,41766.92,false,605.0,3,Standard,PEA,Virement international,Lyon-Part-Dieu
TXN000977,CLI0072,22,1,2023-10-06 03:29:00,1714.19,EUR,1.0,Credit,Complete,19264.98,false,606.0,3,Standard,Compte Epargne,Prelevement,Marseille-Vieux-Port
TXN000579,CLI0032,36,7,2024-03-09 23:47:00,-2040.32,EUR,1.0,Debit,Complete,10784.02,false,621.0,3,Standard,Credit Immobilier,Virement international,Paris-Centre
TXN001962,CLI0041,15,2,2023-05-22 06:11:00,-251.17,MAD,10.85,Debit,Complete,7782.82,false,643.0,3,Standard,PEA,Virement international,Bordeaux-Meriadeck
TXN001171,CLI0087,32,5,2024-03-07 14:07:00,-2022.68,CHF,0.97,Debit,Complete,12048.62,false,607.0,3,Standard,Credit Consommation,Interets,Toulouse-Capitole
TXN000819,CLI0036,48,1,2024-06-28 05:19:00,-1028.68,USD,1.08,Debit,Complete,13446.09,false,572.0,2,Risque,Compte Courant,Interets,Marseille-Vieux-Port
TXN001824,CLI0084,57,1,2024-11-14 01:06:00,265.7,EUR,1.0,Credit,Complete,23970.47,false,684.0,3,Standard,PEA,Retrait DAB,Marseille-Vieux-Port
TXN000982,CLI0117,18,4,2022-09-03 14:56:00,-227.49,CHF,0.97,Debit,Rejete,36608.52,false,645.0,3,Standard,Credit Immobilier,Paiement CB,Lille-Grand-Place
TXN001283,CLI0131,38,1,2022-05-20 15:32:00,-2970.11,GBP,0.86,Debit,Complete,37695.35,false,838.0,1,Premium,Credit Immobilier,Depot especes,Marseille-Vieux-Port
TXN000368,CLI0090,19,8,2022-12-24 09:22:00,-176.04,EUR,1.0,Debit,En attente,19115.44,false,682.0,3,Standard,Credit Auto,Retrait DAB,Nantes-Commerce
TXN001635,CLI0093,48,1,2023-05-11 10:55:00,-2759.27,EUR,1.0,Debit,Complete,13723.12,false,786.0,1,Premium,Compte Courant,Interets,Marseille-Vieux-Port
TXN001696,CLI0128,33,1,2023-02-02 20:10:00,2615.6,EUR,1.0,Credit,Complete,20605.01,false,683.0,3,Standard,Compte Courant,Virement,Marseille-Vieux-Port
TXN000300,CLI0046,46,2,2022-09-20 03:24:00,1989.69,USD,1.08,Credit,Complete,19294.67,false,841.0,1,Premium,PEA,Depot especes,Bordeaux-Meriadeck
TXN000049,CLI0017,48,2,2024-01-12 16:37:00,-371.71,EUR,1.0,Debit,Complete,45446.71,false,649.0,3,Standard,Compte Courant,Interets,Bordeaux-Meriadeck
TXN001705,CLI0057,12,6,2023-10-06 03:29:00,-879.44,EUR,1.0,Debit,Complete,4672.74,false,435.0,2,Risque,Compte Courant,Virement international,Nice-Massena
TXN000772,CLI0148,35,4,2023-10-06 03:29:00,-1637.72,USD,1.08,Debit,Complete,2332.3,false,713.0,3,Standard,Livret A,Interets,Lille-Grand-Place
TXN000148,CLI0049,50,2,2022-03-22 02:12:00,2423.72,EUR,1.0,Credit,Complete,43486.75,false,593.0,3,Standard,Credit Consommation,Virement,Bordeaux-Meriadeck
TXN001169,CLI0046,60,2,2024-06-30 00:39:00,-164.38,GBP,0.86,Debit,Complete,15652.1,false,841.0,1,Premium,Livret A,Depot especes,Bordeaux-Meriadeck
TXN000743,CLI0026,50,4,2022-01-15 21:37:00,-2378.16,EUR,1.0,Debit,Complete,462.37,false,699.0,3,Standard,Credit Consommation,Virement,Lille-Grand-Place
TXN001830,CLI0118,36,4,2024-01-30 15:21:00,5153.85,EUR,1.0,Credit,En attente,37120.67,true,641.0,3,Standard,Credit Immobilier,Virement international,Lille-Grand-Place
TXN001151,CLI0102,42,1,2022-07-05 22:38:00,2748.36,EUR,1.0,Credit,Complete,17074.18,false,645.0,3,Standard,Assurance Vie,Prelevement,Marseille-Vieux-Port
TXN001460,CLI0043,13,2,2022-12-01 00:24:00,382.23,EUR,1.0,Credit,Complete,48979.26,false,735.0,1,Premium,Credit Consommation,Prelevement,Bordeaux-Meriadeck
TXN000379,CLI0070,18,8,2024-12-25 08:26:00,-110.24,EUR,1.0,Debit,Complete,31880.95,true,645.0,2,Risque,Credit Immobilier,Paiement CB,Nantes-Commerce
TXN001899,CLI0079,55,7,2024-06-19 13:14:00,-2563.78,CHF,0.97,Debit,Complete,4496.82,false,689.0,3,Standard,Compte Courant,Depot especes,Paris-Centre
TXN000625,CLI0129,50,7,2023-11-23 13:07:00,-1871.81,GBP,0.86,Debit,Complete,49683.77,false,573.0,2,Risque,Credit Consommation,Virement,Paris-Centre
TXN000194,CLI0095,35,8,2023-11-02 18:00:00,2613.28,MAD,10.85,Credit,Complete,22976.62,false,668.0,3,Standard,Livret A,Interets,Nantes-Commerce
TXN001036,CLI0063,4,7,2023-11-23 15:43:00,-212.55,USD,1.08,Debit,Complete,45053.19,true,426.0,2,Risque,Credit Consommation,Paiement CB,Paris-Centre
TXN000543,CLI0078,8,1,2024-01-13 03:34:00,298.42,USD,1.08,Credit,Complete,14142.75,false,647.0,3,Standard,Compte Courant,Paiement CB,Marseille-Vieux-Port
TXN000516,CLI0118,20,4,2024-08-07 04:55:00,-2124.25,MAD,10.85,Debit,Complete,35224.71,false,641.0,3,Standard,PEA,Virement,Lille-Grand-Place
TXN000649,CLI0043,50,2,2023-09-25 17:41:00,415.16,EUR,1.0,Credit,Rejete,27137.53,false,735.0,1,Premium,Credit Consommation,Virement,Bordeaux-Meriadeck
TXN001844,CLI0125,55,4,2022-08-25 03:24:00,-906.02,EUR,1.0,Debit,Complete,41932.13,false,810.0,1,Premium,Compte Courant,Depot especes,Lille-Grand-Place
TXN000769,CLI0101,5,1,2022-09-12 06:42:00,-2697.93,EUR,1.0,Debit,Complete,22416.92,false,655.0,3,Standard,Credit Immobilier,Interets,Marseille-Vieux-Port
TXN000905,CLI0004,48,2,2022-02-12 05:16:00,-2649.71,EUR,1.0,Debit,Complete,48480.12,false,645.0,3,Standard,Compte Courant,Interets,Bordeaux-Meriadeck
TXN001134,CLI0077,54,7,2023-10-01 06:59:00,2213.71,EUR,1.0,Credit,Complete,20577.74,true,322.0,2,Risque,Livret A,Virement,Paris-Centre
TXN001489,CLI0108,39,2,2024-12-10 03:15:00,-2406.47,USD,1.08,Debit,Complete,47994.03,true,375.0,2,Risque,PEA,Interets,Bordeaux-Meriadeck
TXN001236,CLI0008,43,8,2024-08-10 04:28:00,1896.38,EUR,1.0,Credit,Complete,5476.47,false,744.0,1,Premium,Credit Auto,Remboursement credit,Nantes-Commerce
TXN001875,CLI0024,1,3,2024-04-08 22:18:00,2210.9,GBP,0.86,Credit,Complete,27844.53,false,592.0,3,Standard,Compte Epargne,Depot especes,Lyon-Part-Dieu
TXN000440,CLI0054,45,2,2022-08-12 18:46:00,-490.09,EUR,1.0,Debit,Complete,34463.85,true,347.0,3,Standard,Livret A,Retrait DAB,Bordeaux-Meriadeck
TXN000078,CLI0115,19,5,2023-09-26 15:57:00,-420.85,EUR,1.0,Debit,Complete,14160.41,false,709.0,3,Standard,Credit Auto,Retrait DAB,Toulouse-Capitole
TXN000332,CLI0068,26,3,2023-02-28 16:58:00,-6373.39,EUR,1.0,Debit,En attente,2091.24,true,605.0,3,Standard,Credit Auto,Virement international,Lyon-Part-Dieu
TXN001159,CLI0144,39,7,2022-04-28 11:30:00,-2609.35,EUR,1.0,Debit,Complete,35971.55,true,361.0,2,Risque,PEA,Interets,Paris-Centre
TXN001749,CLI0040,2,6,2022-02-03 04:21:00,212.61,EUR,1.0,Credit,Complete,597.05,false,491.0,2,Risque,Credit Consommation,Retrait DAB,Nice-Massena
TXN001725,CLI0125,43,4,2023-08-03 18:40:00,1395.48,EUR,1.0,Credit,Complete,2592.09,false,810.0,1,Premium,Credit Auto,Remboursement credit,Lille-Grand-Place
TXN000586,CLI0130,44,3,2023-11-01 14:44:00,-130.69,EUR,1.0,Debit,Complete,39571.86,false,586.0,3,Standard,Credit Immobilier,Prelevement,Lyon-Part-Dieu
TXN000718,CLI0025,21,3,2022-04-01 13:32:00,-367.67,USD,1.08,Debit,Complete,46722.94,false,688.0,3,Standard,Credit Consommation,Depot especes,Lyon-Part-Dieu
TXN001252,CLI0078,53,1,2022-11-23 03:03:00,1135.75,EUR,1.0,Credit,Complete,18703.77,false,647.0,3,Standard,Compte Epargne,Interets,Marseille-Vieux-Port
TXN001432,CLI0094,33,7,2023-11-23 07:31:00,-2810.0,USD,1.08,Debit,Complete,4889.67,false,435.0,2,Risque,Compte Courant,Virement,Paris-Centre
TXN000537,CLI0075,32,6,2023-09-11 18:19:00,1507.6,EUR,1.0,Credit,Complete,222.09,false,645.0,3,Standard,Credit Consommation,Interets,Nice-Massena
TXN001117,CLI0016,31,2,2023-08-24 11:39:00,-219.14,GBP,0.86,Debit,Complete,25978.12,false,716.0,3,Standard,Credit Immobilier,Retrait DAB,Bordeaux-Meriadeck
TXN001603,CLI0034,45,2,2023-04-09 18:28:00,-98.11,GBP,0.86,Debit,Complete,5725.21,false,457.0,2,Risque,Livret A,Retrait DAB,Bordeaux-Meriadeck
TXN000529,CLI0128,46,1,2023-10-18 04:00:00,-2911.94,CHF,0.97,Debit,Complete,14848.29,false,683.0,3,Standard,PEA,Depot especes,Marseille-Vieux-Port
TXN001115,CLI0077,47,7,2022-06-22 20:41:00,408.88,MAD,10.85,Credit,Rejete,13808.33,true,322.0,2,Risque,Compte Courant,Retrait DAB,Paris-Centre
TXN001664,CLI0002,15,3,2023-10-06 03:29:00,-1074.1,EUR,1.0,Debit,Complete,27575.0,false,606.0,3,Standard,PEA,Virement international,Lyon-Part-Dieu
TXN000141,CLI0089,55,2,2022-08-20 01:51:00,1997.58,EUR,1.0,Credit,Complete,3457.82,false,638.0,3,Standard,Compte Courant,Depot especes,Bordeaux-Meriadeck
TXN001766,CLI0128,63,1,2024-08-09 00:51:00,1496.44,EUR,1.0,Credit,Complete,34249.3,false,683.0,3,Standard,Compte Epargne,Virement international,Marseille-Vieux-Port
TXN000984,CLI0019,15,4,2022-03-20 13:06:00,7472.47,CHF,0.97,Credit,Complete,27952.7,true,505.0,2,Risque,PEA,Virement international,Lille-Grand-Place
TXN000466,CLI0089,3,2,2024-11-11 12:54:00,-426.29,EUR,1.0,Debit,En attente,48398.19,false,638.0,3,Standard,PEA,Prelevement,Bordeaux-Meriadeck
TXN000613,CLI0012,37,4,2023-09-02 10:37:00,2186.08,EUR,1.0,Credit,Complete,13327.21,false,778.0,1,Premium,Credit Auto,Prelevement,Lille-Grand-Place
TXN000163,CLI0021,63,1,2024-06-14 07:53:00,792.94,EUR,1.0,Credit,Rejete,16386.19,false,697.0,3,Standard,Compte Epargne,Virement international,Marseille-Vieux-Port
TXN000114,CLI0087,12,5,2023-02-12 19:32:00,-3330.82,USD,1.08,Debit,Complete,16718.73,false,607.0,3,Standard,Compte Courant,Virement international,Toulouse-Capitole
TXN001964,CLI0009,2,6,2024-10-29 17:51:00,288.93,GBP,0.86,Credit,Complete,37777.15,false,645.0,3,Standard,Credit Consommation,Retrait DAB,Nice-Massena
TXN001003,CLI0060,33,1,2023-06-01 13:19:00,2234.51,USD,1.08,Credit,Complete,28309.09,false,645.0,1,Premium,Compte Courant,Virement,Marseille-Vieux-Port
TXN000720,CLI0057,13,6,2023-07-25 20:39:00,-1138.49,USD,1.08,Debit,Complete,38400.5,false,435.0,2,Risque,Credit Consommation,Prelevement,Nice-Massena
TXN000904,CLI0123,61,2,2023-05-04 05:20:00,-347.09,GBP,0.86,Debit,En attente,7177.5,false,595.0,3,Standard,PEA,Paiement CB,Bordeaux-Meriadeck
TXN001170,CLI0075,13,6,2023-01-05 18:33:00,-543.79,EUR,1.0,Debit,Complete,49867.36,false,645.0,3,Standard,Credit Consommation,Prelevement,Nice-Massena
TXN001716,CLI0122,54,8,2023-05-30 18:04:00,2407.88,EUR,1.0,Credit,Complete,21463.14,false,824.0,1,Premium,Livret A,Virement,Nantes-Commerce
TXN000611,CLI0077,45,7,2023-08-29 18:03:00,284.48,EUR,1.0,Credit,Complete,20709.67,true,322.0,2,Risque,Livret A,Retrait DAB,Paris-Centre
TXN001312,CLI0044,18,3,2022-02-12 16:32:00,-449.52,EUR,1.0,Debit,Complete,7879.88,false,469.0,2,Risque,Credit Immobilier,Paiement CB,Lyon-Part-Dieu
TXN000531,CLI0079,50,7,2023-03-28 14:22:00,-322.82,EUR,1.0,Debit,Complete,11184.98,false,689.0,3,Standard,Credit Consommation,Virement,Paris-Centre
TXN001780,CLI0005,29,4,2022-04-04 09:10:00,-313.63,USD,1.08,Debit,Complete,24331.32,false,694.0,3,Standard,Livret A,Paiement CB,Lille-Grand-Place
TXN001736,CLI0148,23,4,2022-11-19 03:00:00,498.9,EUR,1.0,Credit,Complete,34594.47,false,713.0,3,Standard,Credit Auto,Paiement CB,Lille-Grand-Place
TXN000455,CLI0073,31,1,2023-09-30 19:57:00,-182.59,EUR,1.0,Debit,Complete,45174.29,false,645.0,1,Premium,Credit Immobilier,Retrait DAB,Marseille-Vieux-Port
TXN000804,CLI0011,51,2,2024-07-01 03:04:00,472.07,EUR,1.0,Credit,Complete,49483.27,false,672.0,3,Standard,Assurance Vie,Retrait DAB,Bordeaux-Meriadeck
TXN000431,CLI0007,38,8,2023-02-18 14:05:00,787.74,EUR,1.0,Credit,Complete,6264.86,false,635.0,3,Standard,Credit Immobilier,Depot especes,Nantes-Commerce
TXN000830,CLI0036,18,1,2024-05-12 07:13:00,-417.35,EUR,1.0,Debit,Complete,34819.46,false,572.0,2,Risque,Credit Immobilier,Paiement CB,Marseille-Vieux-Port
TXN001260,CLI0096,53,3,2023-08-22 04:52:00,2034.34,MAD,10.85,Credit,Complete,21642.4,false,710.0,3,Standard,Compte Epargne,Interets,Lyon-Part-Dieu
TXN000477,CLI0029,21,7,2022-11-06 21:28:00,-1140.81,CHF,0.97,Debit,Complete,39988.66,false,696.0,3,Standard,Credit Consommation,Depot especes,Paris-Centre
TXN001028,CLI0056,9,5,2023-05-21 09:53:00,5510.95,EUR,1.0,Credit,Complete,36931.71,true,384.0,2,Risque,Credit Consommation,Virement international,Toulouse-Capitole
TXN000626,CLI0091,54,8,2023-07-02 04:54:00,-2085.9,USD,1.08,Debit,Complete,46338.94,false,442.0,2,Risque,Livret A,Virement,Nantes-Commerce
TXN001790,CLI0017,48,2,2022-02-10 12:57:00,-1472.72,EUR,1.0,Debit,Complete,31494.57,false,649.0,3,Standard,Compte Courant,Interets,Bordeaux-Meriadeck
TXN000284,CLI0026,18,4,2024-07-24 09:16:00,-242.85,EUR,1.0,Debit,Complete,42627.21,false,699.0,3,Standard,Credit Immobilier,Paiement CB,Lille-Grand-Place
TXN000006,CLI0048,51,5,2024-09-18 08:46:00,303.0,EUR,1.0,Credit,Rejete,41648.16,false,670.0,3,Standard,Assurance Vie,Retrait DAB,Toulouse-Capitole
TXN001634,CLI0040,24,6,2024-04-05 07:43:00,-1628.77,USD,1.08,Debit,Complete,44094.27,false,491.0,2,Risque,Assurance Vie,Virement international,Nice-Massena
TXN000421,CLI0135,60,8,2022-10-25 20:59:00,-1716.29,EUR,1.0,Debit,Complete,47435.22,false,593.0,3,Standard,Livret A,Depot especes,Nantes-Commerce
TXN001818,CLI0014,50,1,2022-07-09 08:28:00,-1389.62,EUR,1.0,Debit,Complete,31967.57,false,673.0,3,Standard,Credit Consommation,Virement,Marseille-Vieux-Port
TXN001650,CLI0045,15,2,2023-05-14 11:43:00,-4623.24,EUR,1.0,Debit,Complete,1759.56,false,704.0,3,Standard,PEA,Virement international,Bordeaux-Meriadeck
TXN000920,CLI0036,27,1,2024-11-14 11:08:00,318.03,USD,1.08,Credit,Complete,42270.86,false,572.0,2,Risque,Assurance Vie,Paiement CB,Marseille-Vieux-Port
TXN000370,CLI0042,63,2,2023-10-11 20:18:00,5741.38,EUR,1.0,Credit,Complete,22300.43,true,638.0,3,Standard,Compte Epargne,Virement international,Bordeaux-Meriadeck
TXN000676,CLI0106,45,8,2022-01-22 14:24:00,-242.82,GBP,0.86,Debit,Complete,46885.48,false,652.0,3,Standard,Livret A,Retrait DAB,Nantes-Commerce
TXN000966,CLI0055,12,2,2024-11-06 18:45:00,-2883.61,EUR,1.0,Debit,Complete,7588.73,false,703.0,3,Standard,Compte Courant,Virement international,Bordeaux-Meriadeck
TXN000273,CLI0071,45,7,2022-12-12 18:48:00,96.05,USD,1.08,Credit,Complete,21742.2,false,797.0,1,Premium,Livret A,Retrait DAB,Paris-Centre
TXN000103,CLI0129,50,7,2023-10-06 03:29:00,-535.74,GBP,0.86,Debit,Complete,47051.11,false,573.0,2,Risque,Credit Consommation,Virement,Paris-Centre
TXN000276,CLI0129,61,7,2022-04-04 09:18:00,-238.84,EUR,1.0,Debit,Complete,34370.33,false,573.0,2,Risque,PEA,Paiement CB,Paris-Centre
TXN001411,CLI0148,6,4,2022-03-22 20:30:00,-206.46,USD,1.08,Debit,Complete,30749.02,false,713.0,3,Standard,Compte Epargne,Remboursement credit,Lille-Grand-Place
TXN000354,CLI0030,4,3,2023-05-28 22:28:00,483.71,GBP,0.86,Credit,Complete,48065.81,true,391.0,2,Risque,Credit Consommation,Paiement CB,Lyon-Part-Dieu
TXN000924,CLI0052,13,2,2022-11-10 19:56:00,-407.05,EUR,1.0,Debit,Complete,1330.35,false,838.0,1,Premium,Credit Consommation,Prelevement,Bordeaux-Meriadeck
TXN000326,CLI0081,57,5,2024-06-12 08:53:00,192.55,USD,1.08,Credit,Complete,23196.13,false,645.0,3,Standard,PEA,Retrait DAB,Toulouse-Capitole
TXN001396,CLI0041,53,2,2022-12-17 11:02:00,1622.44,EUR,1.0,Credit,Complete,38244.44,false,643.0,3,Standard,Compte Epargne,Interets,Bordeaux-Meriadeck
TXN001821,CLI0056,14,5,2022-05-21 22:12:00,756.96,EUR,1.0,Credit,Complete,1967.98,true,384.0,2,Risque,Credit Immobilier,Remboursement credit,Toulouse-Capitole
TXN001848,CLI0096,44,3,2022-01-03 04:31:00,-2941.38,EUR,1.0,Debit,Complete,10505.68,false,710.0,3,Standard,Credit Immobilier,Prelevement,Lyon-Part-Dieu
TXN000071,CLI0088,44,2,2022-12-20 01:15:00,2137.48,EUR,1.0,Credit,Complete,45905.05,true,413.0,3,Standard,Credit Immobilier,Prelevement,Bordeaux-Meriadeck
TXN000467,CLI0001,15,4,2023-08-01 00:15:00,3567.38,EUR,1.0,Credit,Complete,20361.03,false,586.0,3,Standard,PEA,Virement international,Lille-Grand-Place
TXN001362,CLI0051,20,1,2023-01-21 00:36:00,1098.49,EUR,1.0,Credit,Complete,20835.13,false,645.0,1,Premium,PEA,Virement,Marseille-Vieux-Port
TXN000047,CLI0060,24,1,2022-01-06 08:54:00,7875.42,USD,1.08,Credit,Complete,5585.32,true,645.0,1,Premium,Assurance Vie,Virement international,Marseille-Vieux-Port
TXN001314,CLI0042,62,2,2024-02-12 04:00:00,-897.25,EUR,1.0,Debit,Complete,19811.34,false,638.0,3,Standard,Credit Auto,Virement,Bordeaux-Meriadeck
TXN001104,CLI0005,10,4,2024-10-29 10:50:00,-1639.49,MAD,10.85,Debit,Complete,36748.25,false,694.0,3,Standard,PEA,Remboursement credit,Lille-Grand-Place
TXN000398,CLI0110,37,5,2023-01-05 17:25:00,1538.84,EUR,1.0,Credit,En attente,45134.0,false,629.0,3,Standard,Credit Auto,Prelevement,Toulouse-Capitole
TXN000826,CLI0110,23,5,2023-10-24 04:11:00,-388.42,EUR,1.0,Debit,Complete,34701.7,false,629.0,3,Standard,Credit Auto,Paiement CB,Toulouse-Capitole
TXN000051,CLI0019,3,4,2022-10-31 02:08:00,861.3,EUR,1.0,Credit,Complete,29909.85,false,505.0,2,Risque,PEA,Prelevement,Lille-Grand-Place
TXN000409,CLI0051,32,1,2023-02-06 17:39:00,-2991.38,EUR,1.0,Debit,Complete,38860.92,false,645.0,1,Premium,Credit Consommation,Interets,Marseille-Vieux-Port
TXN001355,CLI0034,4,2,2023-08-22 21:16:00,219.48,EUR,1.0,Credit,Complete,18135.34,false,457.0,2,Risque,Credit Consommation,Paiement CB,Bordeaux-Meriadeck
TXN000644,CLI0105,3,6,2023-08-17 01:33:00,-88888.0,EUR,1.0,Debit,Complete,24347.68,true,634.0,3,Standard,PEA,Prelevement,Nice-Massena
TXN000884,CLI0055,32,2,2023-10-06 03:29:00,-245.39,EUR,1.0,Debit,Complete,5235.72,false,703.0,3,Standard,Credit Consommation,Interets,Bordeaux-Meriadeck
TXN000785,CLI0137,3,1,2023-01-25 23:00:00,2156.77,EUR,1.0,Credit,Complete,36975.26,false,725.0,1,Premium,PEA,Prelevement,Marseille-Vieux-Port
TXN000540,CLI0122,37,8,2022-02-05 08:10:00,-1765.88,EUR,1.0,Debit,Complete,6861.32,false,824.0,1,Premium,Credit Auto,Prelevement,Nantes-Commerce
TXN000005,CLI0085,15,5,2023-07-09 09:16:00,1998.2,USD,1.08,Credit,Complete,26839.61,true,390.0,2,Risque,PEA,Virement international,Toulouse-Capitole
TXN000702,CLI0101,42,1,2023-01-21 15:06:00,1020.08,EUR,1.0,Credit,Complete,5305.23,false,655.0,3,Standard,Assurance Vie,Prelevement,Marseille-Vieux-Port
TXN000517,CLI0001,13,4,2023-11-13 16:02:00,924.94,EUR,1.0,Credit,Complete,4139.86,false,586.0,3,Standard,Credit Consommation,Prelevement,Lille-Grand-Place
TXN001979,CLI0139,1,1,2023-10-19 22:27:00,-2146.27,MAD,10.85,Debit,Complete,997.67,false,674.0,3,Standard,Compte Epargne,Depot especes,Marseille-Vieux-Port
TXN001319,CLI0065,48,2,2024-08-10 11:56:00,-653.84,EUR,1.0,Debit,Complete,7362.32,false,645.0,3,Standard,Compte Courant,Interets,Bordeaux-Meriadeck
TXN001866,CLI0004,33,2,2023-03-19 19:29:00,313.95,USD,1.08,Credit,Complete,8666.09,false,645.0,3,Standard,Compte Courant,Virement,Bordeaux-Meriadeck
TXN001516,CLI0096,12,3,2024-12-31 12:59:00,674.87,EUR,1.0,Credit,Complete,13978.7,false,710.0,3,Standard,Compte Courant,Virement international,Lyon-Part-Dieu
TXN000671,CLI0007,51,8,2024-05-17 02:58:00,-139.99,MAD,10.85,Debit,Complete,31302.21,false,635.0,3,Standard,Assurance Vie,Retrait DAB,Nantes-Commerce
TXN000817,CLI0004,59,2,2022-02-12 03:52:00,89.98,EUR,1.0,Credit,Complete,38528.87,false,645.0,3,Standard,Compte Courant,Prelevement,Bordeaux-Meriadeck
TXN001857,CLI0018,58,2,2023-04-22 02:39:00,152.81,GBP,0.86,Credit,Complete,465.41,true,328.0,2,Risque,Credit Auto,Depot especes,Bordeaux-Meriadeck
TXN001446,CLI0144,54,7,2023-08-07 00:57:00,-1066.81,GBP,0.86,Debit,Rejete,45122.2,true,361.0,2,Risque,Livret A,Virement,Paris-Centre
TXN000533,CLI0131,16,1,2024-01-10 12:09:00,-2162.09,CHF,0.97,Debit,Complete,14304.05,false,838.0,1,Premium,Compte Epargne,Virement,Marseille-Vieux-Port
TXN001405,CLI0150,3,8,2023-01-25 15:51:00,339.87,EUR,1.0,Credit,Complete,31579.22,false,648.0,3,Standard,PEA,Prelevement,Nantes-Commerce
TXN001078,CLI0033,34,3,2024-02-26 08:40:00,722.36,EUR,1.0,Credit,Complete,702.13,false,584.0,3,Standard,Assurance Vie,Depot especes,Lyon-Part-Dieu
TXN001292,CLI0134,46,6,2023-08-20 20:15:00,656.91,EUR,1.0,Credit,Complete,32409.12,false,600.0,3,Standard,PEA,Depot especes,Nice-Massena
TXN001128,CLI0125,48,4,2023-12-03 16:16:00,-236.2,USD,1.08,Debit,Rejete,6398.79,false,810.0,1,Premium,Compte Courant,Interets,Lille-Grand-Place
TXN000073,CLI0039,63,4,2022-10-17 11:19:00,7748.03,EUR,1.0,Credit,Complete,35470.82,true,645.0,3,Standard,Compte Epargne,Virement international,Lille-Grand-Place
TXN001019,CLI0144,2,7,2023-01-02 23:00:00,-114.0,EUR,1.0,Debit,Complete,15588.5,true,361.0,2,Risque,Credit Consommation,Retrait DAB,Paris-Centre
TXN000475,CLI0078,27,1,2024-08-27 18:10:00,294.97,EUR,1.0,Credit,Complete,31253.42,false,647.0,3,Standard,Assurance Vie,Paiement CB,Marseille-Vieux-Port
TXN001800,CLI0150,16,8,2023-10-10 00:50:00,1834.54,EUR,1.0,Credit,Complete,16400.68,false,648.0,3,Standard,Compte Epargne,Virement,Nantes-Commerce
TXN000359,CLI0092,55,2,2022-09-03 02:43:00,-2869.55,USD,1.08,Debit,Complete,27119.55,false,717.0,3,Standard,Compte Courant,Depot especes,Bordeaux-Meriadeck
TXN001165,CLI0111,29,7,2023-01-13 08:25:00,-116.29,EUR,1.0,Debit,Complete,37615.59,false,645.0,3,Standard,Livret A,Paiement CB,Paris-Centre
TXN000989,CLI0057,52,6,2023-08-12 13:28:00,1009.92,MAD,10.85,Credit,Complete,47820.14,false,435.0,2,Risque,Livret A,Prelevement,Nice-Massena
TXN001965,CLI0063,31,7,2023-08-27 07:25:00,461.19,GBP,0.86,Credit,Complete,26916.44,true,426.0,2,Risque,Credit Immobilier,Retrait DAB,Paris-Centre
TXN001771,CLI0082,36,7,2024-04-03 07:27:00,2106.04,USD,1.08,Credit,Complete,8700.79,false,813.0,1,Premium,Credit Immobilier,Virement international,Paris-Centre
TXN001327,CLI0017,57,2,2022-12-06 21:31:00,74.83,EUR,1.0,Credit,Complete,48974.96,false,649.0,3,Standard,PEA,Retrait DAB,Bordeaux-Meriadeck
TXN001463,CLI0061,5,1,2023-05-28 03:25:00,-1437.67,EUR,1.0,Debit,En attente,37071.73,true,341.0,2,Risque,Credit Immobilier,Interets,Marseille-Vieux-Port
TXN001296,CLI0100,12,4,2023-01-06 03:23:00,6128.97,EUR,1.0,Credit,Complete,13940.07,true,656.0,3,Standard,Compte Courant,Virement international,Lille-Grand-Place
TXN000189,CLI0056,10,5,2023-05-22 09:55:00,-2997.97,EUR,1.0,Debit,Complete,4440.45,true,384.0,2,Risque,PEA,Remboursement credit,Toulouse-Capitole
TXN000945,CLI0011,13,2,2024-11-05 07:41:03,-1083.26,EUR,1.0,Debit,Complete,2862.29,false,672.0,3,Standard,Credit Consommation,Prelevement,Bordeaux-Meriadeck
TXN001936,CLI0093,17,1,2024-09-11 17:41:00,-2270.28,GBP,0.86,Debit,Complete,24385.13,false,786.0,1,Premium,Compte Courant,Remboursement credit,Marseille-Vieux-Port
TXN001702,CLI0051,44,1,2023-12-10 11:45:00,504.82,EUR,1.0,Credit,En attente,1436.77,false,645.0,1,Premium,Credit Immobilier,Prelevement,Marseille-Vieux-Port
TXN000344,CLI0105,4,6,2022-01-15 18:33:00,-76.56,EUR,1.0,Debit,Complete,15863.5,false,634.0,3,Standard,Credit Consommation,Paiement CB,Nice-Massena
TXN000008,CLI0033,5,3,2022-01-26 18:18:00,-1434.72,EUR,1.0,Debit,Rejete,12698.67,false,584.0,3,Standard,Credit Immobilier,Interets,Lyon-Part-Dieu
TXN000760,CLI0077,1,7,2024-03-14 10:27:00,2049.8,MAD,10.85,Credit,Complete,26439.44,true,322.0,2,Risque,Compte Epargne,Depot especes,Paris-Centre
TXN001909,CLI0110,31,5,2023-11-22 21:37:00,-398.7,EUR,1.0,Debit,Complete,26458.93,false,629.0,3,Standard,Credit Immobilier,Retrait DAB,Toulouse-Capitole
TXN001391,CLI0138,47,2,2023-07-22 17:10:00,335.5,EUR,1.0,Credit,En attente,24528.52,false,749.0,1,Premium,Compte Courant,Retrait DAB,Bordeaux-Meriadeck
TXN000216,CLI0103,3,7,2023-08-02 09:20:00,-304.84,GBP,0.86,Debit,Complete,28233.96,false,683.0,3,Standard,PEA,Prelevement,Paris-Centre
TXN000110,CLI0132,40,2,2023-09-24 15:01:00,-315.64,EUR,1.0,Debit,Rejete,10835.71,false,663.0,3,Standard,Credit Auto,Interets,Bordeaux-Meriadeck
TXN001676,CLI0071,13,7,2024-03-13 05:09:00,1724.09,EUR,1.0,Credit,En attente,21048.0,false,797.0,1,Premium,Credit Consommation,Prelevement,Paris-Centre
TXN001333,CLI0095,22,8,2024-09-23 15:59:00,2876.91,EUR,1.0,Credit,Complete,11832.06,false,668.0,3,Standard,Compte Epargne,Prelevement,Nantes-Commerce
TXN001599,CLI0017,39,2,2023-03-22 14:45:00,-2363.62,EUR,1.0,Debit,Complete,29828.25,false,649.0,3,Standard,PEA,Interets,Bordeaux-Meriadeck
TXN001709,CLI0104,32,8,2024-06-25 08:08:00,478.19,EUR,1.0,Credit,Rejete,49125.33,false,645.0,3,Standard,Credit Consommation,Interets,Nantes-Commerce
TXN001052,CLI0010,52,3,2022-03-16 17:47:00,-1218.83,EUR,1.0,Debit,Complete,7317.75,false,816.0,1,Premium,Livret A,Prelevement,Lyon-Part-Dieu
TXN000231,CLI0082,2,7,2023-07-30 01:51:00,-495.94,EUR,1.0,Debit,Rejete,5096.7,false,813.0,1,Premium,Credit Consommation,Retrait DAB,Paris-Centre
TXN000607,CLI0100,64,4,2022-11-12 03:19:00,-1497.99,EUR,1.0,Debit,En attente,30215.33,false,656.0,3,Standard,Assurance Vie,Remboursement credit,Lille-Grand-Place
TXN000507,CLI0138,58,2,2022-03-01 15:32:00,392.39,EUR,1.0,Credit,Complete,16366.02,false,749.0,1,Premium,Credit Auto,Depot especes,Bordeaux-Meriadeck
TXN000416,CLI0099,45,8,2024-11-07 22:06:00,-453.86,MAD,10.85,Debit,Complete,25082.48,false,664.0,3,Standard,Livret A,Retrait DAB,Nantes-Commerce
TXN001727,CLI0115,53,5,2022-07-02 13:52:00,643.85,CHF,0.97,Credit,Complete,1785.36,false,709.0,3,Standard,Compte Epargne,Interets,Toulouse-Capitole
TXN000809,CLI0117,4,4,2023-03-28 09:45:00,-148.89,EUR,1.0,Debit,Complete,11987.02,false,645.0,3,Standard,Credit Consommation,Paiement CB,Lille-Grand-Place
TXN001356,CLI0074,8,8,2022-05-21 02:09:00,439.15,MAD,10.85,Credit,Rejete,3392.52,false,633.0,3,Standard,Compte Courant,Paiement CB,Nantes-Commerce
TXN000882,CLI0065,10,2,2024-12-22 11:25:00,-138.32,EUR,1.0,Debit,Complete,9377.15,false,645.0,3,Standard,PEA,Remboursement credit,Bordeaux-Meriadeck
TXN001250,CLI0047,36,3,2024-03-06 23:20:00,-3771.5,EUR,1.0,Debit,En attente,24060.76,true,397.0,2,Risque,Credit Immobilier,Virement international,Lyon-Part-Dieu
TXN000801,CLI0047,54,3,2023-10-21 06:18:00,1442.57,EUR,1.0,Credit,Complete,12687.93,true,397.0,2,Risque,Livret A,Virement,Lyon-Part-Dieu
TXN000376,CLI0067,34,7,2022-01-01 16:52:00,-2286.97,EUR,1.0,Debit,Complete,515.02,false,337.0,2,Risque,Assurance Vie,Depot especes,Paris-Centre
TXN000197,CLI0005,13,4,2022-11-20 14:29:00,51.99,CHF,0.97,Credit,Rejete,45479.42,false,694.0,3,Standard,Credit Consommation,Prelevement,Lille-Grand-Place
TXN001328,CLI0121,27,1,2023-11-09 20:42:00,-176.74,EUR,1.0,Debit,Complete,38936.98,false,645.0,1,Premium,Assurance Vie,Paiement CB,Marseille-Vieux-Port
TXN000065,CLI0063,28,7,2024-12-09 02:25:00,2618.05,EUR,1.0,Credit,Complete,8489.82,true,426.0,2,Risque,Credit Consommation,Remboursement credit,Paris-Centre
TXN001904,CLI0070,61,8,2022-06-14 21:10:00,297.53,EUR,1.0,Credit,Complete,20697.77,true,645.0,2,Risque,PEA,Paiement CB,Nantes-Commerce
TXN000848,CLI0081,12,5,2024-04-26 16:28:00,2250.05,EUR,1.0,Credit,Complete,32228.95,false,645.0,3,Standard,Compte Courant,Virement international,Toulouse-Capitole
TXN000380,CLI0116,8,6,2024-10-04 06:20:00,-29.31,USD,1.08,Debit,Complete,5203.45,false,620.0,3,Standard,Compte Courant,Paiement CB,Nice-Massena
TXN001320,CLI0026,30,4,2023-12-19 14:58:00,205.55,EUR,1.0,Credit,Complete,14768.16,false,699.0,3,Standard,Compte Epargne,Paiement CB,Lille-Grand-Place
TXN000972,CLI0051,58,1,2022-02-01 05:07:00,1284.95,GBP,0.86,Credit,Complete,6407.26,false,645.0,1,Premium,Credit Auto,Depot especes,Marseille-Vieux-Port
TXN001364,CLI0142,63,5,2022-03-08 20:20:00,-2119.09,EUR,1.0,Debit,Complete,42946.98,false,676.0,3,Standard,Compte Epargne,Virement international,Toulouse-Capitole
TXN001100,CLI0039,34,4,2023-02-14 17:05:00,-1342.87,EUR,1.0,Debit,Complete,40883.77,false,645.0,3,Standard,Assurance Vie,Depot especes,Lille-Grand-Place
TXN000139,CLI0115,6,5,2022-09-30 20:55:00,-1075.92,EUR,1.0,Debit,Complete,36420.12,false,709.0,3,Standard,Compte Epargne,Remboursement credit,Toulouse-Capitole
TXN000358,CLI0049,32,3,2023-04-26 23:15:00,-2624.59,USD,1.08,Debit,Complete,41833.1,false,593.0,3,Standard,Credit Consommation,Interets,Lyon-Part-Dieu
TXN000236,CLI0037,52,4,2024-01-18 02:23:00,2128.39,GBP,0.86,Credit,Complete,16197.9,false,622.0,3,Standard,Livret A,Prelevement,Lille-Grand-Place
TXN001418,CLI0075,49,6,2023-04-15 23:43:00,-1138.69,EUR,1.0,Debit,Complete,47965.0,false,645.0,3,Standard,Credit Immobilier,Virement,Nice-Massena
TXN000787,CLI0035,15,3,2024-05-15 15:24:00,1529.77,MAD,10.85,Credit,En attente,12563.28,false,600.0,3,Standard,PEA,Virement international,Lyon-Part-Dieu
TXN001438,CLI0096,59,3,2024-01-29 14:44:00,2097.2,EUR,1.0,Credit,Complete,49660.21,false,710.0,3,Standard,Compte Courant,Prelevement,Lyon-Part-Dieu
TXN001293,CLI0128,15,1,2024-09-18 22:17:00,-7473.37,EUR,1.0,Debit,Complete,30338.59,true,683.0,3,Standard,PEA,Virement international,Marseille-Vieux-Port
TXN001814,CLI0090,31,8,2022-04-26 00:47:00,-139.59,EUR,1.0,Debit,En attente,46532.86,false,682.0,3,Standard,Credit Immobilier,Retrait DAB,Nantes-Commerce
TXN000704,CLI0135,22,8,2024-01-25 16:00:00,556.89,EUR,1.0,Credit,Complete,49480.8,false,593.0,3,Standard,Compte Epargne,Prelevement,Nantes-Commerce
TXN000591,CLI0146,37,5,2024-12-12 13:49:00,-2763.97,EUR,1.0,Debit,Complete,35706.83,false,583.0,3,Standard,Credit Auto,Prelevement,Toulouse-Capitole
TXN001429,CLI0148,8,4,2023-08-22 07:14:00,-210.56,EUR,1.0,Debit,Complete,37850.41,false,713.0,3,Standard,Compte Courant,Paiement CB,Lille-Grand-Place
TXN000176,CLI0103,9,7,2024-05-31 03:00:00,0.0,MAD,10.85,Debit,Complete,19617.6,false,683.0,3,Standard,Credit Consommation,Virement international,Paris-Centre
TXN000436,CLI0002,47,3,2023-07-24 19:40:00,287.62,CHF,0.97,Credit,Complete,2847.69,false,606.0,3,Standard,Compte Courant,Retrait DAB,Lyon-Part-Dieu
TXN000823,CLI0022,16,5,2022-12-31 13:33:00,-200000.0,EUR,1.0,Debit,Complete,33396.94,true,787.0,3,Standard,Compte Epargne,Virement,Toulouse-Capitole
TXN001480,CLI0046,63,2,2023-07-04 08:11:00,-7487.0,GBP,0.86,Debit,Complete,17715.69,true,841.0,1,Premium,Compte Epargne,Virement international,Bordeaux-Meriadeck
TXN000375,CLI0145,7,3,2024-12-29 09:58:00,-1074.15,EUR,1.0,Debit,Complete,18352.59,false,674.0,3,Standard,Livret A,Remboursement credit,Lyon-Part-Dieu
TXN001132,CLI0043,36,2,2022-12-06 20:40:00,-6899.74,EUR,1.0,Debit,Complete,47761.01,true,735.0,1,Premium,Credit Immobilier,Virement international,Bordeaux-Meriadeck
TXN000803,CLI0093,36,1,2023-07-20 06:37:00,3195.58,EUR,1.0,Credit,Complete,30131.57,false,786.0,1,Premium,Credit Immobilier,Virement international,Marseille-Vieux-Port
TXN000083,CLI0002,22,3,2023-03-18 04:35:00,2823.67,EUR,1.0,Credit,Complete,14476.27,false,606.0,3,Standard,Compte Epargne,Prelevement,Lyon-Part-Dieu
TXN001086,CLI0014,9,1,2022-05-30 06:30:00,99999.99,USD,1.08,Debit,Complete,29509.86,true,673.0,3,Standard,Credit Consommation,Virement international,Marseille-Vieux-Port
TXN000438,CLI0046,60,2,2022-12-30 14:47:00,1757.95,USD,1.08,Credit,Complete,16208.81,false,841.0,1,Premium,Livret A,Depot especes,Bordeaux-Meriadeck
TXN000553,CLI0132,57,2,2023-10-06 03:29:00,-72.95,EUR,1.0,Debit,Complete,27900.89,false,663.0,3,Standard,PEA,Retrait DAB,Bordeaux-Meriadeck
TXN001774,CLI0058,38,1,2023-10-06 03:29:00,497.93,EUR,1.0,Credit,Complete,18668.45,false,704.0,3,Standard,Credit Immobilier,Depot especes,Marseille-Vieux-Port
TXN000806,CLI0031,14,2,2024-05-08 16:59:00,2859.71,EUR,1.0,Credit,Complete,34865.64,false,559.0,2,Risque,Credit Immobilier,Remboursement credit,Bordeaux-Meriadeck
TXN001097,CLI0052,19,2,2024-06-20 08:06:00,-55.72,EUR,1.0,Debit,En attente,29687.72,false,838.0,1,Premium,Credit Auto,Retrait DAB,Bordeaux-Meriadeck
TXN001163,CLI0042,45,2,2023-01-03 05:01:00,-331.72,EUR,1.0,Debit,Complete,4798.66,false,638.0,3,Standard,Livret A,Retrait DAB,Bordeaux-Meriadeck
TXN001611,CLI0113,22,3,2022-04-05 13:27:00,2918.71,EUR,1.0,Credit,Complete,3783.9,false,643.0,3,Standard,Compte Epargne,Prelevement,Lyon-Part-Dieu
TXN001287,CLI0038,20,2,2024-03-16 08:29:00,1967.99,EUR,1.0,Credit,Complete,26811.02,false,516.0,2,Risque,PEA,Virement,Bordeaux-Meriadeck
TXN001835,CLI0126,44,2,2023-11-21 18:00:00,-2668.15,EUR,1.0,Debit,Complete,22320.22,false,514.0,2,Risque,Credit Immobilier,Prelevement,Bordeaux-Meriadeck
TXN000177,CLI0129,60,7,2022-02-20 15:06:03,921.53,EUR,1.0,Credit,Complete,47039.74,false,573.0,2,Risque,Livret A,Depot especes,Paris-Centre
TXN000369,CLI0074,53,8,2022-10-24 05:40:00,-2432.77,EUR,1.0,Debit,Complete,3660.07,false,633.0,3,Standard,Compte Epargne,Interets,Nantes-Commerce
TXN000451,CLI0133,55,4,2022-03-16 14:24:00,-2155.35,EUR,1.0,Debit,Complete,2297.1,false,677.0,3,Standard,Compte Courant,Depot especes,Lille-Grand-Place
TXN000278,CLI0034,47,2,2024-10-30 05:07:00,195.96,USD,1.08,Credit,Complete,32052.02,false,457.0,2,Risque,Compte Courant,Retrait DAB,Bordeaux-Meriadeck
TXN001142,CLI0027,48,3,2024-02-09 19:33:00,2617.66,EUR,1.0,Credit,Complete,29558.12,true,305.0,2,Risque,Compte Courant,Interets,Lyon-Part-Dieu
TXN000572,CLI0133,1,4,2023-03-13 21:52:00,-2239.51,EUR,1.0,Debit,En attente,36358.09,false,677.0,3,Standard,Compte Epargne,Depot especes,Lille-Grand-Place
TXN000677,CLI0007,32,8,2023-01-30 03:06:00,86.25,EUR,1.0,Credit,En attente,6386.48,false,635.0,3,Standard,Credit Consommation,Interets,Nantes-Commerce
TXN001570,CLI0017,1,2,2022-03-27 17:34:00,2871.46,USD,1.08,Credit,Complete,27602.53,false,649.0,3,Standard,Compte Epargne,Depot especes,Bordeaux-Meriadeck
TXN001241,CLI0127,7,6,2024-12-10 13:41:00,2379.7,EUR,1.0,Credit,Complete,22480.06,false,645.0,3,Standard,Livret A,Remboursement credit,Nice-Massena
TXN000872,CLI0057,27,6,2023-05-18 23:49:00,-407.41,EUR,1.0,Debit,Complete,13820.74,false,435.0,2,Risque,Assurance Vie,Paiement CB,Nice-Massena
TXN000715,CLI0003,4,3,2024-01-04 05:13:00,362.92,EUR,1.0,Credit,Complete,2483.03,false,587.0,3,Standard,Credit Consommation,Paiement CB,Lyon-Part-Dieu
TXN001945,CLI0066,34,6,2022-06-07 18:45:00,-2594.83,EUR,1.0,Debit,Complete,9128.29,false,656.0,3,Standard,Assurance Vie,Depot especes,Nice-Massena
TXN000594,CLI0118,22,4,2022-09-30 10:44:00,-1222.79,EUR,1.0,Debit,Complete,36831.59,false,641.0,3,Standard,Compte Epargne,Prelevement,Lille-Grand-Place
TXN001577,CLI0096,41,3,2022-01-16 01:01:00,1802.65,EUR,1.0,Credit,Complete,15005.8,false,710.0,3,Standard,Assurance Vie,Virement,Lyon-Part-Dieu
TXN000628,CLI0027,58,3,2023-02-25 11:10:00,2198.63,EUR,1.0,Credit,Complete,5054.78,true,305.0,2,Risque,Credit Auto,Depot especes,Lyon-Part-Dieu
TXN000429,CLI0011,64,2,2022-04-11 06:18:00,1346.68,EUR,1.0,Credit,Complete,21180.86,false,672.0,3,Standard,Assurance Vie,Remboursement credit,Bordeaux-Meriadeck
TXN001710,CLI0037,34,4,2024-11-07 00:40:00,363.09,CHF,0.97,Credit,Rejete,17370.7,false,622.0,3,Standard,Assurance Vie,Depot especes,Lille-Grand-Place
TXN001033,CLI0009,22,6,2023-01-17 15:08:00,-1428.38,EUR,1.0,Debit,Complete,45073.62,false,645.0,3,Standard,Compte Epargne,Prelevement,Nice-Massena
TXN000721,CLI0128,22,1,2022-12-18 08:06:00,1819.61,USD,1.08,Credit,Complete,48621.11,false,683.0,3,Standard,Compte Epargne,Prelevement,Marseille-Vieux-Port
TXN000345,CLI0093,42,1,2023-06-04 08:54:00,1631.51,EUR,1.0,Credit,Rejete,19932.96,false,786.0,1,Premium,Assurance Vie,Prelevement,Marseille-Vieux-Port
TXN001384,CLI0146,44,5,2023-08-03 08:51:00,770.67,EUR,1.0,Credit,Complete,48874.84,false,583.0,3,Standard,Credit Immobilier,Prelevement,Toulouse-Capitole
TXN001253,CLI0072,43,1,2023-09-02 01:57:00,-404.23,USD,1.08,Debit,En attente,44379.36,false,606.0,3,Standard,Credit Auto,Remboursement credit,Marseille-Vieux-Port
TXN000426,CLI0057,19,6,2022-05-16 05:59:00,-478.26,USD,1.08,Debit,Complete,43352.07,false,435.0,2,Risque,Credit Auto,Retrait DAB,Nice-Massena
TXN001175,CLI0074,49,8,2022-03-27 06:05:00,956.0,EUR,1.0,Credit,Complete,36988.93,false,633.0,3,Standard,Credit Immobilier,Virement,Nantes-Commerce
TXN000974,CLI0103,45,2,2022-09-01 10:57:00,-415.86,USD,1.08,Debit,Rejete,2357.36,false,683.0,3,Standard,Livret A,Retrait DAB,Bordeaux-Meriadeck
TXN001666,CLI0087,31,5,2023-03-19 02:35:00,489.96,EUR,1.0,Credit,Complete,29136.03,false,607.0,3,Standard,Credit Immobilier,Retrait DAB,Toulouse-Capitole
TXN001684,CLI0073,32,1,2023-01-18 11:42:00,-219.93,MAD,10.85,Debit,Complete,47466.84,false,645.0,1,Premium,Credit Consommation,Interets,Marseille-Vieux-Port
TXN000519,CLI0144,37,2,2023-02-24 04:21:00,-753.97,EUR,1.0,Debit,Complete,37638.63,true,361.0,2,Risque,Credit Auto,Prelevement,Bordeaux-Meriadeck
TXN001524,CLI0138,54,2,2023-10-06 03:29:00,-2012.17,USD,1.08,Debit,Complete,39271.55,false,749.0,1,Premium,Livret A,Virement,Bordeaux-Meriadeck
TXN000880,CLI0080,34,7,2024-09-26 13:56:00,1366.17,USD,1.08,Credit,Complete,31183.26,false,645.0,1,Premium,Assurance Vie,Depot especes,Paris-Centre
TXN001271,CLI0065,37,2,2022-07-12 14:24:00,-2259.7,EUR,1.0,Debit,Complete,15559.7,false,645.0,3,Standard,Credit Auto,Prelevement,Bordeaux-Meriadeck
TXN001753,CLI0067,5,7,2022-03-01 06:17:00,2164.38,EUR,1.0,Credit,Complete,27055.17,true,337.0,2,Risque,Credit Immobilier,Interets,Paris-Centre
TXN001990,CLI0109,13,3,2024-05-21 21:09:00,2579.3,EUR,1.0,Credit,Rejete,44314.35,false,701.0,3,Standard,Credit Consommation,Prelevement,Lyon-Part-Dieu
TXN001051,CLI0065,6,2,2023-08-30 00:34:00,-838.34,EUR,1.0,Debit,Complete,16299.16,false,645.0,3,Standard,Compte Epargne,Remboursement credit,Bordeaux-Meriadeck
TXN000862,CLI0096,1,3,2022-11-30 17:27:00,1175.61,EUR,1.0,Credit,Complete,35134.42,false,710.0,3,Standard,Compte Epargne,Depot especes,Lyon-Part-Dieu
TXN001587,CLI0070,35,8,2024-04-16 08:54:00,534.12,EUR,1.0,Credit,Complete,5634.3,true,645.0,2,Risque,Livret A,Interets,Nantes-Commerce
TXN001054,CLI0010,34,3,2022-07-27 12:32:00,-2941.79,EUR,1.0,Debit,Complete,1216.94,false,816.0,1,Premium,Assurance Vie,Depot especes,Lyon-Part-Dieu
TXN001721,CLI0104,62,8,2024-12-07 15:13:00,-268.87,EUR,1.0,Debit,Complete,39914.7,false,645.0,3,Standard,Credit Auto,Virement,Nantes-Commerce
TXN000346,CLI0053,64,7,2024-09-15 05:23:00,-1699.33,EUR,1.0,Debit,Complete,38732.3,false,645.0,3,Standard,Assurance Vie,Remboursement credit,Paris-Centre
TXN000998,CLI0130,64,2,2022-11-07 03:47:00,-1785.18,EUR,1.0,Debit,Complete,21315.12,false,586.0,3,Standard,Assurance Vie,Remboursement credit,Bordeaux-Meriadeck
TXN000696,CLI0071,51,7,2022-10-10 22:47:00,-280.7,USD,1.08,Debit,Complete,17396.95,false,797.0,1,Premium,Assurance Vie,Retrait DAB,Paris-Centre
TXN001348,CLI0130,8,3,2024-12-18 18:39:00,-464.76,EUR,1.0,Debit,Complete,35983.45,false,586.0,3,Standard,Compte Courant,Paiement CB,Lyon-Part-Dieu
TXN001093,CLI0044,1,3,2022-11-18 10:33:03,2944.41,EUR,1.0,Credit,Complete,13542.22,false,469.0,2,Risque,Compte Epargne,Depot especes,Lyon-Part-Dieu
TXN000289,CLI0034,39,2,2022-08-20 13:28:00,-185.62,CHF,0.97,Debit,Complete,43429.78,false,457.0,2,Risque,PEA,Interets,Bordeaux-Meriadeck
TXN001021,CLI0065,23,2,2022-03-04 22:59:00,245.99,EUR,1.0,Credit,Complete,23725.08,false,645.0,3,Standard,Credit Auto,Paiement CB,Bordeaux-Meriadeck
TXN001476,CLI0071,43,7,2022-05-11 23:40:00,-2007.89,USD,1.08,Debit,Complete,7580.86,false,797.0,1,Premium,Credit Auto,Remboursement credit,Paris-Centre
TXN000126,CLI0074,12,8,2022-05-02 02:41:00,-4678.24,EUR,1.0,Debit,En attente,8835.73,false,633.0,3,Standard,Compte Courant,Virement international,Nantes-Commerce
TXN000365,CLI0061,17,1,2023-02-06 04:51:00,-2879.49,GBP,0.86,Debit,Complete,25029.93,true,341.0,2,Risque,Compte Courant,Remboursement credit,Marseille-Vieux-Port
TXN001238,CLI0142,39,5,2023-10-08 23:24:00,1672.88,EUR,1.0,Credit,Complete,16397.86,false,676.0,3,Standard,PEA,Interets,Toulouse-Capitole
TXN000986,CLI0073,1,1,2023-10-06 03:29:00,-2183.69,EUR,1.0,Debit,Complete,27931.08,false,645.0,1,Premium,Compte Epargne,Depot especes,Marseille-Vieux-Port
TXN000877,CLI0032,57,7,2022-02-17 16:32:00,-385.26,EUR,1.0,Debit,Complete,10926.19,false,621.0,3,Standard,PEA,Retrait DAB,Paris-Centre
TXN001103,CLI0006,55,5,2024-04-21 13:25:00,2427.89,EUR,1.0,Credit,En attente,25661.86,false,620.0,3,Standard,Compte Courant,Depot especes,Toulouse-Capitole
TXN001564,CLI0129,19,7,2024-06-11 04:16:00,-209.69,EUR,1.0,Debit,Complete,3500.68,false,573.0,2,Risque,Credit Auto,Retrait DAB,Paris-Centre
TXN001663,CLI0044,52,3,2022-12-17 02:22:00,-2725.37,EUR,1.0,Debit,Complete,45502.06,false,469.0,2,Risque,Livret A,Prelevement,Lyon-Part-Dieu
TXN001942,CLI0068,28,3,2023-04-24 05:03:00,2097.07,EUR,1.0,Credit,Complete,17407.97,false,605.0,3,Standard,Credit Consommation,Remboursement credit,Lyon-Part-Dieu
TXN000528,CLI0009,24,6,2022-10-30 11:28:00,-4410.96,MAD,10.85,Debit,Complete,1343.77,false,645.0,3,Standard,Assurance Vie,Virement international,Nice-Massena
TXN001060,CLI0054,60,2,2023-06-08 12:02:00,1999.06,USD,1.08,Credit,Complete,28110.15,true,347.0,3,Standard,Livret A,Depot especes,Bordeaux-Meriadeck
TXN001717,CLI0069,52,1,2023-12-02 10:27:00,851.28,EUR,1.0,Credit,Complete,18861.17,false,647.0,3,Standard,Livret A,Prelevement,Marseille-Vieux-Port
TXN000589,CLI0047,28,3,2023-04-05 00:01:00,2773.18,GBP,0.86,Credit,En attente,48708.97,true,397.0,2,Risque,Credit Consommation,Remboursement credit,Lyon-Part-Dieu
TXN000500,CLI0055,49,2,2023-11-19 02:07:00,857.99,EUR,1.0,Credit,Complete,27715.05,false,703.0,3,Standard,Credit Immobilier,Virement,Bordeaux-Meriadeck
TXN001062,CLI0043,26,2,2024-04-30 00:48:00,7792.19,EUR,1.0,Credit,Rejete,18826.69,true,735.0,1,Premium,Credit Auto,Virement international,Bordeaux-Meriadeck
TXN000707,CLI0115,37,5,2023-05-21 16:21:00,2735.39,GBP,0.86,Credit,Complete,2050.33,false,709.0,3,Standard,Credit Auto,Prelevement,Toulouse-Capitole
TXN001677,CLI0004,33,2,2024-01-25 13:53:00,-2910.65,EUR,1.0,Debit,Complete,35051.27,false,645.0,3,Standard,Compte Courant,Virement,Bordeaux-Meriadeck
TXN000647,CLI0122,38,8,2024-10-30 20:29:00,2296.95,USD,1.08,Credit,Complete,16328.29,false,824.0,1,Premium,Credit Immobilier,Depot especes,Nantes-Commerce
TXN001130,CLI0022,55,5,2024-11-12 06:09:00,-2528.04,EUR,1.0,Debit,Complete,37255.33,false,787.0,3,Standard,Compte Courant,Depot especes,Toulouse-Capitole
TXN000734,CLI0032,10,7,2022-11-29 06:48:00,-1337.08,CHF,0.97,Debit,Complete,24482.23,false,621.0,3,Standard,PEA,Remboursement credit,Paris-Centre
TXN001660,CLI0109,18,3,2022-04-06 07:53:00,135.33,EUR,1.0,Credit,Complete,44248.74,false,701.0,3,Standard,Credit Immobilier,Paiement CB,Lyon-Part-Dieu
TXN001150,CLI0044,24,3,2023-01-24 18:19:00,7288.88,EUR,1.0,Credit,Complete,26958.89,true,469.0,2,Risque,Assurance Vie,Virement international,Lyon-Part-Dieu
TXN000976,CLI0131,22,1,2022-01-16 18:37:00,1141.13,EUR,1.0,Credit,Complete,8918.44,false,838.0,1,Premium,Compte Epargne,Prelevement,Marseille-Vieux-Port
TXN001085,CLI0017,58,2,2022-05-05 06:14:00,769.62,EUR,1.0,Credit,Complete,26892.99,false,649.0,3,Standard,Credit Auto,Depot especes,Bordeaux-Meriadeck
TXN000385,CLI0011,13,2,2023-09-04 06:23:00,2668.18,EUR,1.0,Credit,Rejete,11874.7,false,672.0,3,Standard,Credit Consommation,Prelevement,Bordeaux-Meriadeck
TXN000162,CLI0145,31,3,2024-03-07 21:57:00,-279.47,EUR,1.0,Debit,Complete,34496.6,false,674.0,3,Standard,Credit Immobilier,Retrait DAB,Lyon-Part-Dieu
TXN001264,CLI0126,22,2,2024-02-04 17:59:00,1215.13,EUR,1.0,Credit,Complete,17621.6,false,514.0,2,Risque,Compte Epargne,Prelevement,Bordeaux-Meriadeck
TXN001505,CLI0147,62,6,2022-07-04 16:52:00,2337.78,EUR,1.0,Credit,Complete,32918.13,false,812.0,1,Premium,Credit Auto,Virement,Nice-Massena
TXN000490,CLI0001,33,4,2023-06-30 04:44:00,-1023.0,USD,1.08,Debit,Complete,47001.56,false,586.0,3,Standard,Compte Courant,Virement,Lille-Grand-Place
TXN001011,CLI0041,42,2,2023-04-08 11:40:00,-91.68,EUR,1.0,Debit,Complete,43417.85,false,643.0,3,Standard,Assurance Vie,Prelevement,Bordeaux-Meriadeck
TXN000478,CLI0009,63,6,2022-10-25 19:59:00,6609.45,MAD,10.85,Credit,Complete,11973.58,true,645.0,3,Standard,Compte Epargne,Virement international,Nice-Massena
TXN001006,CLI0051,40,1,2023-10-06 03:29:00,-1301.34,GBP,0.86,Debit,Complete,43723.33,false,645.0,1,Premium,Credit Auto,Interets,Marseille-Vieux-Port
TXN000442,CLI0128,48,1,2023-04-22 22:18:00,-2938.81,GBP,0.86,Debit,Complete,39856.95,false,683.0,3,Standard,Compte Courant,Interets,Marseille-Vieux-Port
TXN000632,CLI0003,59,3,2023-10-07 12:49:00,-534.76,EUR,1.0,Debit,Complete,32109.14,false,587.0,3,Standard,Compte Courant,Prelevement,Lyon-Part-Dieu
TXN001573,CLI0141,35,4,2024-11-03 12:36:00,971.43,EUR,1.0,Credit,Complete,29458.77,false,726.0,1,Premium,Livret A,Interets,Lille-Grand-Place
TXN001578,CLI0149,30,6,2023-08-24 12:24:00,-347.56,EUR,1.0,Debit,Complete,20581.97,false,575.0,2,Risque,Compte Epargne,Paiement CB,Nice-Massena
TXN000640,CLI0064,22,4,2023-01-30 11:29:00,339.06,EUR,1.0,Credit,Complete,3203.46,false,800.0,1,Premium,Compte Epargne,Prelevement,Lille-Grand-Place
TXN001539,CLI0059,26,7,2022-04-08 09:23:00,7765.76,EUR,1.0,Credit,Complete,40071.23,true,594.0,3,Standard,Credit Auto,Virement international,Paris-Centre
TXN000724,CLI0076,19,3,2023-02-23 20:02:00,134.27,EUR,1.0,Credit,Complete,16501.62,true,326.0,2,Risque,Credit Auto,Retrait DAB,Lyon-Part-Dieu
TXN001734,CLI0063,51,7,2023-06-14 08:37:00,-236.43,GBP,0.86,Debit,Complete,13263.34,true,426.0,2,Risque,Assurance Vie,Retrait DAB,Paris-Centre
TXN000494,CLI0100,13,4,2024-01-06 15:05:00,-2661.38,EUR,1.0,Debit,Complete,9735.33,false,656.0,3,Standard,Credit Consommation,Prelevement,Lille-Grand-Place
TXN001201,CLI0055,23,2,2024-01-14 19:58:00,171.44,GBP,0.86,Credit,Complete,35209.8,false,703.0,3,Standard,Credit Auto,Paiement CB,Bordeaux-Meriadeck
TXN000119,CLI0106,2,8,2024-08-23 23:46:00,-49.9,EUR,1.0,Debit,Complete,49906.33,false,652.0,3,Standard,Credit Consommation,Retrait DAB,Nantes-Commerce
TXN001845,CLI0062,53,5,2024-07-24 00:54:00,517.3,EUR,1.0,Credit,Complete,17221.46,false,640.0,3,Standard,Compte Epargne,Interets,Toulouse-Capitole
TXN001237,CLI0071,48,7,2024-07-17 09:10:00,-1780.12,EUR,1.0,Debit,Complete,43400.11,false,797.0,1,Premium,Compte Courant,Interets,Paris-Centre
TXN001989,CLI0034,28,2,2024-12-12 22:22:00,80.45,EUR,1.0,Credit,Complete,10074.27,false,457.0,2,Risque,Credit Consommation,Remboursement credit,Bordeaux-Meriadeck
TXN001091,CLI0114,24,8,2023-01-10 06:49:00,-1047.95,EUR,1.0,Debit,Complete,16068.79,false,838.0,1,Premium,Assurance Vie,Virement international,Nantes-Commerce
TXN000890,CLI0058,50,1,2022-10-12 03:20:00,2591.1,GBP,0.86,Credit,Complete,9638.87,false,704.0,3,Standard,Credit Consommation,Virement,Marseille-Vieux-Port
TXN001299,CLI0142,36,5,2022-12-18 12:13:00,-4425.35,USD,1.08,Debit,Complete,37048.76,false,676.0,3,Standard,Credit Immobilier,Virement international,Toulouse-Capitole
TXN000415,CLI0003,52,3,2023-07-10 21:54:00,-2742.96,EUR,1.0,Debit,Complete,43383.78,false,587.0,3,Standard,Livret A,Prelevement,Lyon-Part-Dieu
TXN001882,CLI0133,7,4,2023-08-21 23:45:00,-2982.49,EUR,1.0,Debit,Complete,267.6,false,677.0,3,Standard,Livret A,Remboursement credit,Lille-Grand-Place
TXN000771,CLI0077,24,7,2022-12-18 13:42:00,-200.67,MAD,10.85,Debit,Complete,22301.52,true,322.0,2,Risque,Assurance Vie,Virement international,Paris-Centre
TXN000805,CLI0052,46,2,2023-01-28 13:35:00,2149.23,EUR,1.0,Credit,En attente,22479.26,false,838.0,1,Premium,PEA,Depot especes,Bordeaux-Meriadeck
TXN001871,CLI0055,27,2,2022-10-18 23:58:00,469.53,USD,1.08,Credit,Complete,41182.31,false,703.0,3,Standard,Assurance Vie,Paiement CB,Bordeaux-Meriadeck
TXN000949,CLI0073,54,1,2023-05-16 09:08:00,-1838.07,EUR,1.0,Debit,Complete,3911.26,false,645.0,1,Premium,Livret A,Virement,Marseille-Vieux-Port
TXN001921,CLI0011,39,2,2022-08-06 00:11:00,-2404.89,GBP,0.86,Debit,Complete,23329.55,false,672.0,3,Standard,PEA,Interets,Bordeaux-Meriadeck
TXN000573,CLI0016,11,2,2022-10-30 07:09:00,378.29,EUR,1.0,Credit,Complete,43023.28,false,716.0,3,Standard,Compte Epargne,Retrait DAB,Bordeaux-Meriadeck
TXN001498,CLI0053,6,7,2023-01-09 21:06:00,-887.53,EUR,1.0,Debit,Complete,31036.12,false,645.0,3,Standard,Compte Epargne,Remboursement credit,Paris-Centre
TXN001470,CLI0041,52,2,2024-01-20 00:49:00,1038.4,MAD,10.85,Credit,Complete,20306.24,false,643.0,3,Standard,Livret A,Prelevement,Bordeaux-Meriadeck
TXN001819,CLI0092,58,8,2024-12-19 23:47:00,-2566.87,EUR,1.0,Debit,Complete,29070.99,false,717.0,3,Standard,Credit Auto,Depot especes,Nantes-Commerce
TXN000673,CLI0088,54,2,2024-11-30 07:04:00,2338.46,GBP,0.86,Credit,Complete,28988.83,true,413.0,3,Standard,Livret A,Virement,Bordeaux-Meriadeck
TXN000400,CLI0141,27,4,2024-07-15 14:25:00,-20.09,EUR,1.0,Debit,Complete,25928.71,false,726.0,1,Premium,Assurance Vie,Paiement CB,Lille-Grand-Place
TXN000552,CLI0122,15,8,2023-01-15 14:43:00,-7670.43,USD,1.08,Debit,Rejete,21262.18,true,824.0,1,Premium,PEA,Virement international,Nantes-Commerce
TXN001199,CLI0039,17,4,2023-05-19 23:08:00,-2299.73,EUR,1.0,Debit,Complete,39369.42,false,645.0,3,Standard,Compte Courant,Remboursement credit,Lille-Grand-Place
TXN000321,CLI0076,55,3,2024-02-04 00:35:00,-2630.56,EUR,1.0,Debit,Complete,29873.08,true,326.0,2,Risque,Compte Courant,Depot especes,Lyon-Part-Dieu
TXN000470,CLI0107,40,4,2024-05-21 19:11:00,-1390.46,CHF,0.97,Debit,Complete,11364.47,true,420.0,2,Risque,Credit Auto,Interets,Lille-Grand-Place
TXN001944,CLI0003,26,2,2023-10-21 13:28:00,-650.63,EUR,1.0,Debit,Complete,17016.15,false,587.0,3,Standard,Credit Auto,Virement international,Bordeaux-Meriadeck
TXN001277,CLI0145,20,3,2024-01-21 22:27:00,-110.59,EUR,1.0,Debit,Complete,5405.77,false,674.0,3,Standard,PEA,Virement,Lyon-Part-Dieu
TXN001414,CLI0046,35,2,2023-05-25 16:12:00,1165.36,EUR,1.0,Credit,Complete,12187.14,false,841.0,1,Premium,Livret A,Interets,Bordeaux-Meriadeck
TXN001636,CLI0140,64,1,2024-05-29 14:12:00,-1785.44,EUR,1.0,Debit,En attente,46554.35,false,609.0,3,Standard,Assurance Vie,Remboursement credit,Marseille-Vieux-Port
TXN000080,CLI0027,22,3,2022-11-25 08:28:00,-2720.65,EUR,1.0,Debit,Complete,45534.2,true,305.0,2,Risque,Compte Epargne,Prelevement,Lyon-Part-Dieu
TXN000534,CLI0090,30,8,2022-06-29 06:46:00,446.15,MAD,10.85,Credit,Complete,14502.84,false,682.0,3,Standard,Compte Epargne,Paiement CB,Nantes-Commerce
TXN001594,CLI0143,17,3,2022-05-30 15:22:00,2156.94,USD,1.08,Credit,Complete,3456.85,false,782.0,1,Premium,Compte Courant,Remboursement credit,Lyon-Part-Dieu
TXN000458,CLI0120,39,3,2023-04-04 04:55:00,-2692.32,EUR,1.0,Debit,Complete,35010.77,false,718.0,3,Standard,PEA,Interets,Lyon-Part-Dieu
TXN000291,CLI0089,43,2,2022-04-22 00:41:00,-2806.4,EUR,1.0,Debit,Complete,43483.84,false,638.0,3,Standard,Credit Auto,Remboursement credit,Bordeaux-Meriadeck
TXN000371,CLI0093,35,1,2023-01-12 00:08:00,2196.93,EUR,1.0,Credit,Complete,19912.57,false,786.0,1,Premium,Livret A,Interets,Marseille-Vieux-Port
TXN000266,CLI0077,11,7,2023-05-08 01:51:00,431.51,EUR,1.0,Credit,Complete,34069.71,true,322.0,2,Risque,Compte Epargne,Retrait DAB,Paris-Centre
TXN000165,CLI0064,22,4,2022-11-12 12:45:00,-2362.48,EUR,1.0,Debit,Complete,5416.89,false,800.0,1,Premium,Compte Epargne,Prelevement,Lille-Grand-Place
TXN001600,CLI0038,53,2,2024-11-15 21:16:00,2628.69,MAD,10.85,Credit,Rejete,26431.92,false,516.0,2,Risque,Compte Epargne,Interets,Bordeaux-Meriadeck
TXN001538,CLI0008,37,8,2022-05-05 14:05:00,-626.68,MAD,10.85,Debit,Complete,2788.77,false,744.0,1,Premium,Credit Auto,Prelevement,Nantes-Commerce
TXN000474,CLI0003,56,3,2024-08-18 18:46:00,-1027.97,EUR,1.0,Debit,Complete,1862.78,false,587.0,3,Standard,Assurance Vie,Interets,Lyon-Part-Dieu
TXN000876,CLI0146,33,5,2023-12-04 11:30:00,2985.0,EUR,1.0,Credit,Complete,37110.67,false,583.0,3,Standard,Compte Courant,Virement,Toulouse-Capitole
TXN000198,CLI0078,38,1,2023-07-16 02:41:00,-1113.28,GBP,0.86,Debit,Complete,31317.65,false,647.0,3,Standard,Credit Immobilier,Depot especes,Marseille-Vieux-Port
TXN000186,CLI0092,62,8,2023-02-04 12:35:00,-1541.04,EUR,1.0,Debit,Complete,42010.6,false,717.0,3,Standard,Credit Auto,Virement,Nantes-Commerce
TXN001375,CLI0049,18,3,2023-01-13 20:37:00,77.59,USD,1.08,Credit,Complete,11619.7,false,593.0,3,Standard,Credit Immobilier,Paiement CB,Lyon-Part-Dieu
TXN000422,CLI0031,1,2,2022-10-26 23:01:00,2308.03,EUR,1.0,Credit,Rejete,15237.07,false,559.0,2,Risque,Compte Epargne,Depot especes,Bordeaux-Meriadeck
TXN000257,CLI0026,45,4,2024-06-26 10:17:00,369.82,EUR,1.0,Credit,Complete,10648.39,false,699.0,3,Standard,Livret A,Retrait DAB,Lille-Grand-Place
TXN000136,CLI0131,40,1,2024-07-17 04:32:00,1275.5,GBP,0.86,Credit,Complete,15477.66,false,838.0,1,Premium,Credit Auto,Interets,Marseille-Vieux-Port
TXN001784,CLI0083,33,3,2023-01-03 08:15:00,2664.57,EUR,1.0,Credit,En attente,27702.22,false,643.0,3,Standard,Compte Courant,Virement,Lyon-Part-Dieu
TXN001913,CLI0130,7,3,2022-04-30 06:10:00,234.32,EUR,1.0,Credit,Complete,27582.86,false,586.0,3,Standard,Livret A,Remboursement credit,Lyon-Part-Dieu
TXN001525,CLI0046,3,2,2022-02-16 17:43:00,-1214.61,EUR,1.0,Debit,Complete,28863.83,false,841.0,1,Premium,PEA,Prelevement,Bordeaux-Meriadeck
TXN001888,CLI0037,8,4,2022-02-07 06:40:00,144.69,EUR,1.0,Credit,Complete,10252.32,false,622.0,3,Standard,Compte Courant,Paiement CB,Lille-Grand-Place
TXN000867,CLI0107,57,4,2024-04-29 01:00:00,32.6,EUR,1.0,Credit,Complete,47962.11,true,420.0,2,Risque,PEA,Retrait DAB,Lille-Grand-Place
TXN001514,CLI0026,21,4,2024-03-24 23:50:00,-2192.02,USD,1.08,Debit,Complete,44180.24,false,699.0,3,Standard,Credit Consommation,Depot especes,Lille-Grand-Place
TXN001847,CLI0119,24,2,2023-02-24 10:34:00,7003.1,EUR,1.0,Credit,Complete,13353.49,true,793.0,1,Premium,Assurance Vie,Virement international,Bordeaux-Meriadeck
TXN001038,CLI0135,45,8,2022-10-13 04:42:00,179.91,MAD,10.85,Credit,Complete,38314.57,false,593.0,3,Standard,Livret A,Retrait DAB,Nantes-Commerce
TXN000418,CLI0078,11,1,2024-10-23 08:51:03,-49.76,MAD,10.85,Debit,En attente,40761.45,false,647.0,3,Standard,Compte Epargne,Retrait DAB,Marseille-Vieux-Port
TXN000050,CLI0134,29,6,2022-03-05 01:30:00,-426.7,EUR,1.0,Debit,Complete,45494.07,false,600.0,3,Standard,Livret A,Paiement CB,Nice-Massena
TXN001318,CLI0038,48,2,2022-10-14 20:50:00,-940.82,GBP,0.86,Debit,En attente,45192.82,false,516.0,2,Risque,Compte Courant,Interets,Bordeaux-Meriadeck
TXN000527,CLI0045,46,2,2022-08-28 01:20:00,-1744.85,EUR,1.0,Debit,Complete,28168.11,false,704.0,3,Standard,PEA,Depot especes,Bordeaux-Meriadeck
TXN000453,CLI0054,25,2,2023-08-10 08:34:00,-2689.37,EUR,1.0,Debit,Complete,7959.05,true,347.0,3,Standard,Livret A,Virement international,Bordeaux-Meriadeck
TXN001746,CLI0013,34,5,2022-07-03 20:42:00,-2918.22,CHF,0.97,Debit,Complete,13248.45,true,351.0,2,Risque,Assurance Vie,Depot especes,Toulouse-Capitole
TXN000683,CLI0085,7,5,2023-01-13 00:23:00,-79.18,EUR,1.0,Debit,Complete,22076.37,true,390.0,2,Risque,Livret A,Remboursement credit,Toulouse-Capitole
TXN000463,CLI0125,42,4,2024-08-06 10:35:00,-338.08,EUR,1.0,Debit,Rejete,3573.42,false,810.0,1,Premium,Assurance Vie,Prelevement,Lille-Grand-Place
TXN001229,CLI0017,20,2,2024-05-04 07:13:00,2836.5,EUR,1.0,Credit,Complete,45101.81,false,649.0,3,Standard,PEA,Virement,Bordeaux-Meriadeck
TXN000936,CLI0035,31,3,2024-10-02 14:43:00,-157.32,EUR,1.0,Debit,Complete,26473.62,false,600.0,3,Standard,Credit Immobilier,Retrait DAB,Lyon-Part-Dieu
TXN001346,CLI0086,21,5,2022-10-15 07:32:00,1831.57,EUR,1.0,Credit,Complete,20951.72,false,805.0,1,Premium,Credit Consommation,Depot especes,Toulouse-Capitole
TXN000648,CLI0105,43,6,2024-03-20 10:34:00,185.17,EUR,1.0,Credit,Complete,32331.23,false,634.0,3,Standard,Credit Auto,Remboursement credit,Nice-Massena
TXN001501,CLI0056,21,5,2022-08-05 23:08:00,-611.75,USD,1.08,Debit,Complete,43945.33,true,384.0,2,Risque,Credit Consommation,Depot especes,Toulouse-Capitole
TXN001058,CLI0082,37,7,2022-02-07 22:20:00,702.12,EUR,1.0,Credit,Complete,31775.16,false,813.0,1,Premium,Credit Auto,Prelevement,Paris-Centre
TXN000860,CLI0004,25,2,2022-02-03 09:57:00,2594.33,GBP,0.86,Credit,Complete,32480.69,false,645.0,3,Standard,Livret A,Virement international,Bordeaux-Meriadeck
TXN000248,CLI0048,24,5,2024-01-27 05:28:00,-548.01,CHF,0.97,Debit,Complete,13501.24,false,670.0,3,Standard,Assurance Vie,Virement international,Toulouse-Capitole
TXN000991,CLI0069,57,1,2024-04-17 01:35:00,-390.46,CHF,0.97,Debit,Complete,40470.62,false,647.0,3,Standard,PEA,Retrait DAB,Marseille-Vieux-Port
TXN001180,CLI0067,6,7,2023-09-27 06:56:00,1977.34,USD,1.08,Credit,Complete,20852.78,true,337.0,2,Risque,Compte Epargne,Remboursement credit,Paris-Centre
TXN001933,CLI0145,48,3,2023-12-01 11:16:00,506.56,EUR,1.0,Credit,Complete,40623.7,false,674.0,3,Standard,Compte Courant,Interets,Lyon-Part-Dieu
TXN001764,CLI0029,6,7,2023-10-19 21:51:03,818.99,EUR,1.0,Credit,Complete,9698.65,false,696.0,3,Standard,Compte Epargne,Remboursement credit,Paris-Centre
TXN001829,CLI0074,34,8,2024-03-09 08:47:00,2816.75,USD,1.08,Credit,Complete,46964.24,false,633.0,3,Standard,Assurance Vie,Depot especes,Nantes-Commerce
TXN000217,CLI0078,2,1,2024-10-07 06:46:00,452.21,EUR,1.0,Credit,Complete,46626.64,false,647.0,3,Standard,Credit Consommation,Retrait DAB,Marseille-Vieux-Port
TXN000544,CLI0125,28,4,2023-10-06 03:29:00,-505.94,EUR,1.0,Debit,Complete,27976.9,false,810.0,1,Premium,Credit Consommation,Remboursement credit,Lille-Grand-Place
TXN001534,CLI0128,39,1,2023-09-24 19:04:00,1144.12,EUR,1.0,Credit,Complete,21315.99,false,683.0,3,Standard,PEA,Interets,Marseille-Vieux-Port
TXN000439,CLI0098,42,2,2022-05-13 09:30:00,446.91,USD,1.08,Credit,Complete,20746.52,false,580.0,3,Standard,Assurance Vie,Prelevement,Bordeaux-Meriadeck
TXN001269,CLI0123,62,2,2022-03-06 15:20:00,-1086.92,USD,1.08,Debit,Complete,19249.39,false,595.0,3,Standard,Credit Auto,Virement,Bordeaux-Meriadeck
TXN000861,CLI0117,7,4,2023-12-23 17:27:00,1593.35,EUR,1.0,Credit,En attente,22995.3,false,645.0,3,Standard,Livret A,Remboursement credit,Lille-Grand-Place
TXN000951,CLI0069,26,1,2024-10-28 03:03:00,-2903.76,USD,1.08,Debit,Complete,10257.39,false,647.0,3,Standard,Credit Auto,Virement international,Marseille-Vieux-Port
TXN000327,CLI0092,18,8,2022-08-11 05:41:00,311.18,EUR,1.0,Credit,En attente,9901.95,false,717.0,3,Standard,Credit Immobilier,Paiement CB,Nantes-Commerce
TXN000227,CLI0085,22,5,2024-08-02 01:10:00,-2776.19,EUR,1.0,Debit,Complete,19198.2,true,390.0,2,Risque,Compte Epargne,Prelevement,Toulouse-Capitole
TXN001714,CLI0079,22,7,2023-10-26 04:00:00,-2671.01,USD,1.08,Debit,Complete,33088.81,false,689.0,3,Standard,Compte Epargne,Prelevement,Paris-Centre
TXN000554,CLI0011,37,2,2022-08-25 12:18:00,1397.99,EUR,1.0,Credit,Complete,20423.38,false,672.0,3,Standard,Credit Auto,Prelevement,Bordeaux-Meriadeck
TXN000062,CLI0075,9,6,2024-10-15 23:27:00,-1570.42,EUR,1.0,Debit,Complete,41684.37,false,645.0,3,Standard,Credit Consommation,Virement international,Nice-Massena
TXN001586,CLI0144,58,7,2022-06-12 05:36:00,1806.8,EUR,1.0,Credit,En attente,44873.54,true,361.0,2,Risque,Credit Auto,Depot especes,Paris-Centre
TXN001520,CLI0022,47,5,2024-10-20 02:38:00,-484.36,USD,1.08,Debit,Complete,36614.6,false,787.0,3,Standard,Compte Courant,Retrait DAB,Toulouse-Capitole
TXN000156,CLI0137,6,1,2024-12-20 23:17:00,-1630.43,EUR,1.0,Debit,Complete,45497.69,false,725.0,1,Premium,Compte Epargne,Remboursement credit,Marseille-Vieux-Port
TXN001745,CLI0102,41,2,2023-10-05 22:45:00,2696.7,EUR,1.0,Credit,Complete,29170.08,false,645.0,3,Standard,Assurance Vie,Virement,Bordeaux-Meriadeck
TXN001353,CLI0079,50,7,2023-03-14 17:42:00,1679.46,EUR,1.0,Credit,En attente,19512.42,false,689.0,3,Standard,Credit Consommation,Virement,Paris-Centre
TXN001409,CLI0063,14,7,2023-12-01 02:23:00,-2185.5,EUR,1.0,Debit,Complete,28193.78,true,426.0,2,Risque,Credit Immobilier,Remboursement credit,Paris-Centre
TXN001694,CLI0032,40,7,2023-12-31 05:09:00,-2799.17,CHF,0.97,Debit,Complete,46633.35,false,621.0,3,Standard,Credit Auto,Interets,Paris-Centre
TXN001999,CLI0087,51,5,2023-11-22 20:56:00,170.22,EUR,1.0,Credit,Complete,19601.66,false,607.0,3,Standard,Assurance Vie,Retrait DAB,Toulouse-Capitole
TXN001691,CLI0062,24,5,2022-09-01 08:11:00,3201.49,USD,1.08,Credit,Complete,33418.12,false,640.0,3,Standard,Assurance Vie,Virement international,Toulouse-Capitole
TXN000349,CLI0095,59,8,2024-02-27 12:39:00,-1985.72,EUR,1.0,Debit,En attente,41029.41,false,668.0,3,Standard,Compte Courant,Prelevement,Nantes-Commerce
TXN001862,CLI0137,50,1,2023-09-18 12:33:00,1323.28,EUR,1.0,Credit,Complete,698.76,false,725.0,1,Premium,Credit Consommation,Virement,Marseille-Vieux-Port
TXN000167,CLI0142,52,5,2023-10-27 12:00:00,-910.95,EUR,1.0,Debit,Complete,28020.87,false,676.0,3,Standard,Livret A,Prelevement,Toulouse-Capitole
TXN001576,CLI0143,7,3,2023-10-06 07:26:00,2928.8,EUR,1.0,Credit,Complete,13069.28,false,782.0,1,Premium,Livret A,Remboursement credit,Lyon-Part-Dieu
TXN001943,CLI0007,58,8,2024-05-06 23:05:00,-2873.13,EUR,1.0,Debit,Complete,12942.88,false,635.0,3,Standard,Credit Auto,Depot especes,Nantes-Commerce
TXN000205,CLI0062,48,5,2023-05-09 15:40:00,-1802.09,EUR,1.0,Debit,Rejete,46702.83,false,640.0,3,Standard,Compte Courant,Interets,Toulouse-Capitole
TXN000907,CLI0043,46,2,2022-07-24 09:51:00,-2221.75,USD,1.08,Debit,Rejete,12941.24,false,735.0,1,Premium,PEA,Depot especes,Bordeaux-Meriadeck
TXN000914,CLI0014,5,1,2024-05-31 11:42:00,-2510.62,EUR,1.0,Debit,Complete,14234.95,false,673.0,3,Standard,Credit Immobilier,Interets,Marseille-Vieux-Port
TXN001861,CLI0021,32,1,2022-10-23 05:18:00,91.27,GBP,0.86,Credit,Complete,5073.97,false,697.0,3,Standard,Credit Consommation,Interets,Marseille-Vieux-Port
TXN000187,CLI0126,34,2,2022-03-05 07:18:00,-146.45,EUR,1.0,Debit,Complete,22920.34,false,514.0,2,Risque,Assurance Vie,Depot especes,Bordeaux-Meriadeck
TXN000778,CLI0032,46,7,2023-09-20 18:52:00,-2430.05,EUR,1.0,Debit,Complete,43283.38,false,621.0,3,Standard,PEA,Depot especes,Paris-Centre
TXN001996,CLI0020,53,2,2023-07-05 11:27:00,2353.67,EUR,1.0,Credit,Complete,22486.9,false,660.0,3,Standard,Compte Epargne,Interets,Bordeaux-Meriadeck
TXN001733,CLI0075,11,6,2023-06-12 02:50:00,450.41,EUR,1.0,Credit,Complete,30213.68,false,645.0,3,Standard,Compte Epargne,Retrait DAB,Nice-Massena
TXN001034,CLI0083,52,3,2022-01-17 05:26:00,-1452.71,EUR,1.0,Debit,Complete,17964.43,false,643.0,3,Standard,Livret A,Prelevement,Lyon-Part-Dieu
TXN000011,CLI0114,29,8,2024-05-28 09:36:00,318.09,GBP,0.86,Credit,En attente,10468.62,false,838.0,1,Premium,Livret A,Paiement CB,Nantes-Commerce
TXN000121,CLI0064,23,4,2023-10-06 03:29:00,-158.72,EUR,1.0,Debit,Complete,17505.28,false,800.0,1,Premium,Credit Auto,Paiement CB,Lille-Grand-Place
TXN001305,CLI0121,33,1,2023-05-15 20:44:00,240.85,USD,1.08,Credit,Complete,17324.69,false,645.0,1,Premium,Compte Courant,Virement,Marseille-Vieux-Port
TXN001234,CLI0125,25,4,2023-02-14 20:12:00,7670.26,EUR,1.0,Credit,Complete,3122.09,true,810.0,1,Premium,Livret A,Virement international,Lille-Grand-Place
TXN000556,CLI0134,44,6,2024-03-19 12:44:00,-1792.14,EUR,1.0,Debit,Complete,48762.85,false,600.0,3,Standard,Credit Immobilier,Prelevement,Nice-Massena
TXN000290,CLI0135,11,8,2023-11-24 16:33:00,350.36,MAD,10.85,Credit,Complete,12503.99,false,593.0,3,Standard,Compte Epargne,Retrait DAB,Nantes-Commerce
TXN000428,CLI0138,50,2,2024-07-13 14:52:00,2639.41,EUR,1.0,Credit,Complete,19841.0,false,749.0,1,Premium,Credit Consommation,Virement,Bordeaux-Meriadeck
TXN001374,CLI0106,8,8,2022-09-13 22:26:00,142.4,EUR,1.0,Credit,Rejete,20336.69,false,652.0,3,Standard,Compte Courant,Paiement CB,Nantes-Commerce
TXN000122,CLI0071,18,7,2024-02-17 12:52:00,185.66,EUR,1.0,Credit,Complete,14452.75,false,797.0,1,Premium,Credit Immobilier,Paiement CB,Paris-Centre
TXN000657,CLI0129,11,7,2022-10-19 11:34:00,492.95,USD,1.08,Credit,Rejete,27802.1,false,573.0,2,Risque,Compte Epargne,Retrait DAB,Paris-Centre
TXN001426,CLI0007,33,8,2023-10-06 03:29:00,1671.73,EUR,1.0,Credit,Complete,18926.83,false,635.0,3,Standard,Compte Courant,Virement,Nantes-Commerce
TXN000152,CLI0038,50,2,2024-05-05 09:09:00,-628.77,EUR,1.0,Debit,Complete,32764.94,false,516.0,2,Risque,Credit Consommation,Virement,Bordeaux-Meriadeck
TXN001582,CLI0102,63,1,2023-10-06 03:29:00,618.85,EUR,1.0,Credit,Complete,9418.23,false,645.0,3,Standard,Compte Epargne,Virement international,Marseille-Vieux-Port
TXN001137,CLI0071,26,7,2022-08-29 16:19:00,4289.08,EUR,1.0,Credit,Complete,21969.77,false,797.0,1,Premium,Credit Auto,Virement international,Paris-Centre
TXN001511,CLI0147,25,6,2023-06-04 18:51:00,-7634.0,EUR,1.0,Debit,Complete,22396.65,true,812.0,1,Premium,Livret A,Virement international,Nice-Massena
TXN000131,CLI0083,51,3,2024-02-25 07:28:00,381.8,EUR,1.0,Credit,Complete,28686.58,false,643.0,3,Standard,Assurance Vie,Retrait DAB,Lyon-Part-Dieu
TXN000851,CLI0085,37,5,2023-10-06 03:29:00,-2236.79,EUR,1.0,Debit,Complete,7871.48,true,390.0,2,Risque,Credit Auto,Prelevement,Toulouse-Capitole
TXN000134,CLI0121,45,1,2022-06-17 16:28:00,-273.52,USD,1.08,Debit,Complete,27427.7,false,645.0,1,Premium,Livret A,Retrait DAB,Marseille-Vieux-Port
TXN000001,CLI0023,8,1,2023-05-15 14:36:00,-312.96,CHF,0.97,Debit,Complete,16318.21,false,636.0,3,Standard,Compte Courant,Paiement CB,Marseille-Vieux-Port
TXN001494,CLI0036,39,1,2024-11-10 10:47:00,-2684.85,USD,1.08,Debit,Complete,21156.03,false,572.0,2,Risque,PEA,Interets,Marseille-Vieux-Port
TXN001643,CLI0069,3,1,2022-01-02 02:42:00,-448.94,USD,1.08,Debit,Complete,45014.88,false,647.0,3,Standard,PEA,Prelevement,Marseille-Vieux-Port
TXN001583,CLI0045,34,2,2024-07-14 13:56:00,1461.18,EUR,1.0,Credit,Complete,38214.06,false,704.0,3,Standard,Assurance Vie,Depot especes,Bordeaux-Meriadeck
TXN000700,CLI0091,24,8,2024-05-21 21:48:00,3346.28,EUR,1.0,Credit,Complete,1259.67,false,442.0,2,Risque,Assurance Vie,Virement international,Nantes-Commerce
TXN001430,CLI0105,2,6,2022-11-19 06:38:00,-308.94,EUR,1.0,Debit,Complete,16826.04,false,634.0,3,Standard,Credit Consommation,Retrait DAB,Nice-Massena
TXN001400,CLI0014,31,1,2024-12-28 03:35:00,250.07,USD,1.08,Credit,Complete,9071.65,false,673.0,3,Standard,Credit Immobilier,Retrait DAB,Marseille-Vieux-Port
TXN001096,CLI0052,11,2,2023-06-09 09:53:00,-199.27,USD,1.08,Debit,Complete,28042.62,false,838.0,1,Premium,Compte Epargne,Retrait DAB,Bordeaux-Meriadeck
TXN001768,CLI0041,36,2,2023-07-03 05:28:00,-7386.0,EUR,1.0,Debit,Complete,17998.77,true,643.0,3,Standard,Credit Immobilier,Virement international,Bordeaux-Meriadeck
TXN000323,CLI0065,45,2,2022-04-22 17:29:00,-329.44,EUR,1.0,Debit,Complete,9951.14,false,645.0,3,Standard,Livret A,Retrait DAB,Bordeaux-Meriadeck
TXN000002,CLI0125,51,4,2023-06-14 10:17:00,442.55,EUR,1.0,Credit,Complete,25879.7,false,810.0,1,Premium,Assurance Vie,Retrait DAB,Lille-Grand-Place
TXN001392,CLI0056,64,5,2022-07-24 02:32:00,1769.49,CHF,0.97,Credit,Complete,34849.32,true,384.0,2,Risque,Assurance Vie,Remboursement credit,Toulouse-Capitole
TXN000957,CLI0074,32,8,2024-11-28 08:10:00,-2882.9,EUR,1.0,Debit,Complete,857.65,false,633.0,3,Standard,Credit Consommation,Interets,Nantes-Commerce
TXN001894,CLI0144,60,2,2023-11-11 03:35:00,-392.78,EUR,1.0,Debit,Complete,39336.46,true,361.0,2,Risque,Livret A,Depot especes,Bordeaux-Meriadeck
TXN000184,CLI0035,63,3,2023-09-18 03:11:00,-3111.79,EUR,1.0,Debit,Complete,6979.58,false,600.0,3,Standard,Compte Epargne,Virement international,Lyon-Part-Dieu
TXN001242,CLI0030,4,3,2022-04-26 20:43:00,-287.69,EUR,1.0,Debit,Complete,2204.58,true,391.0,2,Risque,Credit Consommation,Paiement CB,Lyon-Part-Dieu
TXN001443,CLI0058,30,1,2023-10-06 03:29:00,288.73,USD,1.08,Credit,Complete,1245.74,false,704.0,3,Standard,Compte Epargne,Paiement CB,Marseille-Vieux-Port
TXN000307,CLI0098,43,2,2023-10-03 17:03:00,-88.25,EUR,1.0,Debit,Complete,45583.17,false,580.0,3,Standard,Credit Auto,Remboursement credit,Bordeaux-Meriadeck
TXN000730,CLI0093,14,1,2023-10-06 03:29:00,1540.61,EUR,1.0,Credit,Complete,39698.57,false,786.0,1,Premium,Credit Immobilier,Remboursement credit,Marseille-Vieux-Port
TXN001010,CLI0018,54,2,2023-01-20 06:44:00,-326.85,EUR,1.0,Debit,Complete,23487.84,true,328.0,2,Risque,Livret A,Virement,Bordeaux-Meriadeck
TXN000550,CLI0072,25,1,2024-10-22 23:39:00,2086.22,EUR,1.0,Credit,Complete,38185.88,false,606.0,3,Standard,Livret A,Virement international,Marseille-Vieux-Port
TXN001338,CLI0135,44,8,2023-08-06 04:04:00,1413.89,GBP,0.86,Credit,Complete,35027.14,false,593.0,3,Standard,Credit Immobilier,Prelevement,Nantes-Commerce
TXN000970,CLI0130,44,3,2024-09-18 19:14:00,-1374.46,CHF,0.97,Debit,En attente,12322.7,false,586.0,3,Standard,Credit Immobilier,Prelevement,Lyon-Part-Dieu
TXN001061,CLI0089,37,2,2024-12-20 11:19:00,-910.88,EUR,1.0,Debit,Complete,31280.65,false,638.0,3,Standard,Credit Auto,Prelevement,Bordeaux-Meriadeck
TXN000111,CLI0091,41,8,2024-10-10 19:56:00,150000.0,EUR,1.0,Credit,Complete,42373.9,true,442.0,2,Risque,Assurance Vie,Virement,Nantes-Commerce
TXN001496,CLI0110,9,5,2022-01-13 01:02:00,-1416.36,EUR,1.0,Debit,Complete,43932.55,false,629.0,3,Standard,Credit Consommation,Virement international,Toulouse-Capitole
TXN000889,CLI0127,20,2,2024-07-19 15:54:00,1941.24,EUR,1.0,Credit,En attente,5226.91,false,645.0,3,Standard,PEA,Virement,Bordeaux-Meriadeck
TXN001765,CLI0050,33,3,2023-02-05 06:18:00,-918.56,USD,1.08,Debit,Complete,42046.83,false,666.0,3,Standard,Compte Courant,Virement,Lyon-Part-Dieu
TXN000916,CLI0091,51,8,2024-03-02 13:25:00,-484.12,GBP,0.86,Debit,En attente,29892.24,false,442.0,2,Risque,Assurance Vie,Retrait DAB,Nantes-Commerce
TXN001798,CLI0147,27,6,2022-06-04 16:12:00,405.31,EUR,1.0,Credit,Complete,23155.96,false,812.0,1,Premium,Assurance Vie,Paiement CB,Nice-Massena
TXN000927,CLI0052,56,2,2023-08-16 21:06:00,-2879.32,EUR,1.0,Debit,Complete,34912.87,false,838.0,1,Premium,Assurance Vie,Interets,Bordeaux-Meriadeck
TXN000746,CLI0036,62,1,2024-12-22 08:44:00,-2266.75,EUR,1.0,Debit,Complete,32977.92,false,572.0,2,Risque,Credit Auto,Virement,Marseille-Vieux-Port
TXN000776,CLI0112,6,1,2023-05-22 02:17:00,-417.63,EUR,1.0,Debit,Complete,32044.86,false,636.0,3,Standard,Compte Epargne,Remboursement credit,Marseille-Vieux-Port
TXN001452,CLI0015,3,3,2023-10-06 03:29:00,271.42,GBP,0.86,Credit,Complete,41183.91,false,648.0,3,Standard,PEA,Prelevement,Lyon-Part-Dieu
TXN001917,CLI0135,15,8,2022-01-20 20:07:00,800.92,GBP,0.86,Credit,Complete,26552.45,false,593.0,3,Standard,PEA,Virement international,Nantes-Commerce
TXN000578,CLI0036,51,1,2024-10-21 03:33:00,338.82,EUR,1.0,Credit,Complete,4603.41,false,572.0,2,Risque,Assurance Vie,Retrait DAB,Marseille-Vieux-Port
TXN001188,CLI0007,39,8,2023-05-19 19:33:00,-899.03,EUR,1.0,Debit,Complete,34269.67,false,635.0,3,Standard,PEA,Interets,Nantes-Commerce
TXN000264,CLI0056,39,5,2024-12-02 19:25:00,-1774.24,EUR,1.0,Debit,Complete,29729.25,true,384.0,2,Risque,PEA,Interets,Toulouse-Capitole
TXN001256,CLI0128,7,1,2023-10-06 03:29:00,-1751.44,GBP,0.86,Debit,Rejete,43831.15,false,683.0,3,Standard,Livret A,Remboursement credit,Marseille-Vieux-Port
TXN000303,CLI0083,42,3,2024-09-10 18:36:00,2830.89,USD,1.08,Credit,Complete,21177.08,false,643.0,3,Standard,Assurance Vie,Prelevement,Lyon-Part-Dieu
TXN000928,CLI0028,53,3,2024-05-20 04:01:00,-886.1,EUR,1.0,Debit,Complete,15207.8,false,667.0,3,Standard,Compte Epargne,Interets,Lyon-Part-Dieu
TXN001200,CLI0022,20,5,2022-04-19 10:54:00,315.34,EUR,1.0,Credit,Complete,7615.09,false,787.0,3,Standard,PEA,Virement,Toulouse-Capitole
TXN001561,CLI0108,30,7,2024-02-10 12:34:00,-139.35,GBP,0.86,Debit,Complete,22707.68,true,375.0,2,Risque,Compte Epargne,Paiement CB,Paris-Centre
TXN001450,CLI0069,64,1,2023-05-08 18:50:00,2330.78,EUR,1.0,Credit,Complete,2124.05,false,647.0,3,Standard,Assurance Vie,Remboursement credit,Marseille-Vieux-Port
TXN000072,CLI0100,6,4,2022-04-18 20:41:00,-1037.22,USD,1.08,Debit,Complete,36214.31,false,656.0,3,Standard,Compte Epargne,Remboursement credit,Lille-Grand-Place
TXN001193,CLI0100,8,4,2024-01-24 23:01:00,-227.23,CHF,0.97,Debit,Complete,35563.22,false,656.0,3,Standard,Compte Courant,Paiement CB,Lille-Grand-Place
TXN000456,CLI0013,37,5,2022-06-26 13:25:00,578.0,EUR,1.0,Credit,Complete,15690.79,true,351.0,2,Risque,Credit Auto,Prelevement,Toulouse-Capitole
TXN000090,CLI0140,39,1,2023-01-27 09:22:00,-2593.31,EUR,1.0,Debit,Complete,39987.19,false,609.0,3,Standard,PEA,Interets,Marseille-Vieux-Port
TXN000118,CLI0044,17,3,2023-05-12 01:36:00,-2847.21,EUR,1.0,Debit,Complete,20997.14,false,469.0,2,Risque,Compte Courant,Remboursement credit,Lyon-Part-Dieu
TXN000322,CLI0138,44,2,2023-12-06 06:26:00,2721.6,EUR,1.0,Credit,Complete,11117.32,false,749.0,1,Premium,Credit Immobilier,Prelevement,Bordeaux-Meriadeck
TXN001808,CLI0053,64,7,2022-09-09 01:14:00,-850.58,EUR,1.0,Debit,Complete,29805.77,false,645.0,3,Standard,Assurance Vie,Remboursement credit,Paris-Centre
TXN001631,CLI0023,23,1,2023-10-06 03:29:00,128.96,EUR,1.0,Credit,Complete,27811.11,false,636.0,3,Standard,Credit Auto,Paiement CB,Marseille-Vieux-Port
TXN000460,CLI0148,60,4,2024-04-10 22:50:00,365.59,EUR,1.0,Credit,Complete,26684.0,false,713.0,3,Standard,Livret A,Depot especes,Lille-Grand-Place
TXN001544,CLI0018,59,2,2024-09-21 21:29:00,-416.75,EUR,1.0,Debit,Complete,13208.44,true,328.0,2,Risque,Compte Courant,Prelevement,Bordeaux-Meriadeck
TXN000242,CLI0127,28,6,2024-02-08 03:53:00,1464.49,EUR,1.0,Credit,Complete,3778.1,false,645.0,3,Standard,Credit Consommation,Remboursement credit,Nice-Massena
TXN000699,CLI0107,47,4,2022-03-03 11:08:00,-297.2,EUR,1.0,Debit,Complete,32976.52,false,420.0,2,Risque,Compte Courant,Retrait DAB,Lille-Grand-Place
TXN000842,CLI0119,44,2,2022-07-11 22:14:00,2658.99,CHF,0.97,Credit,Complete,8136.25,false,793.0,1,Premium,Credit Immobilier,Prelevement,Bordeaux-Meriadeck
TXN001994,CLI0012,23,4,2022-05-23 15:20:00,-432.01,GBP,0.86,Debit,Complete,4418.48,false,778.0,1,Premium,Credit Auto,Paiement CB,Lille-Grand-Place
TXN000703,CLI0142,1,5,2024-09-27 00:11:00,637.05,EUR,1.0,Credit,Complete,11728.67,false,676.0,3,Standard,Compte Epargne,Depot especes,Toulouse-Capitole
TXN001692,CLI0068,51,3,2022-11-19 13:52:00,75.85,EUR,1.0,Credit,Complete,40498.7,false,605.0,3,Standard,Assurance Vie,Retrait DAB,Lyon-Part-Dieu
TXN000585,CLI0021,35,1,2024-04-25 10:45:00,1295.98,EUR,1.0,Credit,Complete,34954.26,false,697.0,3,Standard,Livret A,Interets,Marseille-Vieux-Port
TXN000980,CLI0060,8,1,2023-02-28 17:53:00,-264.18,EUR,1.0,Debit,Rejete,27037.5,false,645.0,1,Premium,Compte Courant,Paiement CB,Marseille-Vieux-Port
TXN000693,CLI0150,62,8,2023-11-20 13:28:00,-1429.28,EUR,1.0,Debit,Complete,19180.31,false,648.0,3,Standard,Credit Auto,Virement,Nantes-Commerce
TXN000271,CLI0031,28,2,2024-04-26 01:55:00,-2570.01,EUR,1.0,Debit,Complete,49360.86,false,559.0,2,Risque,Credit Consommation,Remboursement credit,Bordeaux-Meriadeck
TXN001136,CLI0058,18,1,2024-04-02 03:46:00,375.03,EUR,1.0,Credit,Complete,7206.18,false,704.0,3,Standard,Credit Immobilier,Paiement CB,Marseille-Vieux-Port
TXN000596,CLI0012,33,4,2024-02-20 09:25:00,-2030.22,EUR,1.0,Debit,Complete,13088.55,false,778.0,1,Premium,Compte Courant,Virement,Lille-Grand-Place
TXN000786,CLI0136,50,7,2022-12-12 21:59:00,-2651.7,EUR,1.0,Debit,Complete,18415.84,false,590.0,3,Standard,Credit Consommation,Virement,Paris-Centre
TXN001251,CLI0074,47,8,2022-08-08 00:54:00,-34.98,EUR,1.0,Debit,En attente,46514.96,false,633.0,3,Standard,Compte Courant,Retrait DAB,Nantes-Commerce
TXN000497,CLI0037,48,4,2024-08-23 19:02:00,765.91,USD,1.08,Credit,Complete,2592.9,false,622.0,3,Standard,Compte Courant,Interets,Lille-Grand-Place
TXN000221,CLI0112,46,1,2023-06-19 10:59:00,2412.41,EUR,1.0,Credit,Complete,13670.6,false,636.0,3,Standard,PEA,Depot especes,Marseille-Vieux-Port
TXN001731,CLI0119,64,2,2024-05-23 09:15:00,2962.97,USD,1.08,Credit,En attente,31076.17,false,793.0,1,Premium,Assurance Vie,Remboursement credit,Bordeaux-Meriadeck
TXN001220,CLI0021,35,1,2022-06-30 10:37:00,2325.59,EUR,1.0,Credit,Complete,36384.73,false,697.0,3,Standard,Livret A,Interets,Marseille-Vieux-Port
TXN001361,CLI0124,37,5,2023-04-10 21:59:00,-2743.0,MAD,10.85,Debit,Complete,32162.12,false,585.0,3,Standard,Credit Auto,Prelevement,Toulouse-Capitole
TXN000878,CLI0084,46,1,2022-09-17 08:17:00,1470.65,EUR,1.0,Credit,Complete,32631.03,false,684.0,3,Standard,PEA,Depot especes,Marseille-Vieux-Port
TXN000921,CLI0033,64,3,2024-08-05 16:29:00,-2525.63,USD,1.08,Debit,Complete,32529.01,false,584.0,3,Standard,Assurance Vie,Remboursement credit,Lyon-Part-Dieu
TXN001481,CLI0076,1,3,2022-09-30 21:34:00,150000.0,EUR,1.0,Credit,Complete,11187.64,true,326.0,2,Risque,Compte Epargne,Depot especes,Lyon-Part-Dieu
TXN000985,CLI0010,62,3,2024-02-10 07:43:00,-627.25,EUR,1.0,Debit,Complete,36704.68,false,816.0,1,Premium,Credit Auto,Virement,Lyon-Part-Dieu
TXN001878,CLI0013,14,5,2024-12-19 06:25:00,1843.39,EUR,1.0,Credit,Complete,39292.61,true,351.0,2,Risque,Credit Immobilier,Remboursement credit,Toulouse-Capitole
TXN001674,CLI0019,54,4,2022-07-03 13:43:00,2656.21,USD,1.08,Credit,Complete,18968.19,false,505.0,2,Risque,Livret A,Virement,Lille-Grand-Place
TXN001162,CLI0081,54,5,2023-10-06 03:29:00,-1107.13,MAD,10.85,Debit,Complete,26535.62,false,645.0,3,Standard,Livret A,Virement,Toulouse-Capitole
TXN000313,CLI0003,13,3,2024-07-01 07:57:00,1944.68,USD,1.08,Credit,Rejete,34159.31,false,587.0,3,Standard,Credit Consommation,Prelevement,Lyon-Part-Dieu
TXN001662,CLI0114,44,8,2023-12-07 05:14:00,2155.4,EUR,1.0,Credit,Complete,35051.16,false,838.0,1,Premium,Credit Immobilier,Prelevement,Nantes-Commerce
TXN000508,CLI0051,9,1,2022-08-14 10:14:00,964.9,EUR,1.0,Credit,Complete,11111.07,false,645.0,1,Premium,Credit Consommation,Virement international,Marseille-Vieux-Port
TXN001826,CLI0017,30,2,2024-03-22 04:37:00,-310.21,EUR,1.0,Debit,Complete,21557.58,false,649.0,3,Standard,Compte Epargne,Paiement CB,Bordeaux-Meriadeck
TXN000394,CLI0100,48,4,2023-06-09 01:23:00,701.13,EUR,1.0,Credit,En attente,10516.03,false,656.0,3,Standard,Compte Courant,Interets,Lille-Grand-Place
TXN001407,CLI0022,38,5,2024-09-03 09:31:00,1590.56,EUR,1.0,Credit,Complete,38185.11,false,787.0,3,Standard,Credit Immobilier,Depot especes,Toulouse-Capitole
TXN000410,CLI0083,59,3,2024-04-27 13:23:00,-1077.51,EUR,1.0,Debit,Complete,8545.84,false,643.0,3,Standard,Compte Courant,Prelevement,Lyon-Part-Dieu
TXN000678,CLI0131,8,1,2024-09-12 23:39:00,-233.42,EUR,1.0,Debit,Complete,15652.18,false,838.0,1,Premium,Compte Courant,Paiement CB,Marseille-Vieux-Port
TXN000953,CLI0117,52,4,2022-03-11 08:17:00,-1785.31,EUR,1.0,Debit,Complete,42743.25,false,645.0,3,Standard,Livret A,Prelevement,Lille-Grand-Place
TXN001940,CLI0018,11,2,2023-10-06 03:29:00,-484.11,CHF,0.97,Debit,Complete,17970.91,true,328.0,2,Risque,Compte Epargne,Retrait DAB,Bordeaux-Meriadeck
TXN000329,CLI0140,56,1,2022-11-01 11:25:00,708.75,USD,1.08,Credit,Complete,25106.05,false,609.0,3,Standard,Assurance Vie,Interets,Marseille-Vieux-Port
TXN001037,CLI0130,44,2,2023-07-06 18:25:00,-1799.57,EUR,1.0,Debit,En attente,44341.1,false,586.0,3,Standard,Credit Immobilier,Prelevement,Bordeaux-Meriadeck
TXN000086,CLI0135,12,8,2024-12-13 17:32:00,-6334.02,EUR,1.0,Debit,Complete,23559.74,true,593.0,3,Standard,Compte Courant,Virement international,Nantes-Commerce
TXN000084,CLI0078,37,1,2024-05-09 20:50:00,-1887.29,EUR,1.0,Debit,Complete,920.12,false,647.0,3,Standard,Credit Auto,Prelevement,Marseille-Vieux-Port
TXN000207,CLI0068,11,3,2022-05-04 12:32:00,157.51,EUR,1.0,Credit,Complete,20173.64,false,605.0,3,Standard,Compte Epargne,Retrait DAB,Lyon-Part-Dieu
TXN000104,CLI0073,44,1,2023-07-17 04:40:00,-943.33,EUR,1.0,Debit,Complete,29074.26,true,645.0,1,Premium,Credit Immobilier,Prelevement,Marseille-Vieux-Port
TXN001334,CLI0063,60,7,2023-11-01 18:24:00,-2566.94,EUR,1.0,Debit,Complete,523.64,true,426.0,2,Risque,Livret A,Depot especes,Paris-Centre
TXN001219,CLI0065,8,2,2022-05-13 01:04:00,257.08,USD,1.08,Credit,Complete,40903.41,false,645.0,3,Standard,Compte Courant,Paiement CB,Bordeaux-Meriadeck
TXN000735,CLI0095,20,8,2024-05-18 23:15:00,-764.94,USD,1.08,Debit,Complete,33853.64,false,668.0,3,Standard,PEA,Virement,Nantes-Commerce
TXN001205,CLI0006,5,5,2023-12-06 10:05:00,-2665.15,CHF,0.97,Debit,Complete,33900.92,false,620.0,3,Standard,Credit Immobilier,Interets,Toulouse-Capitole
TXN000695,CLI0026,42,4,2022-03-20 17:12:00,1034.59,EUR,1.0,Credit,Complete,40796.68,false,699.0,3,Standard,Assurance Vie,Prelevement,Lille-Grand-Place
TXN001190,CLI0001,54,4,2022-09-03 07:48:00,1903.45,GBP,0.86,Credit,Complete,41217.52,false,586.0,3,Standard,Livret A,Virement,Lille-Grand-Place
TXN000498,CLI0079,37,2,2022-12-16 18:04:00,-2462.51,EUR,1.0,Debit,Complete,30819.86,false,689.0,3,Standard,Credit Auto,Prelevement,Bordeaux-Meriadeck
TXN001341,CLI0119,60,2,2022-03-17 02:03:00,-1783.67,USD,1.08,Debit,Rejete,6392.88,false,793.0,1,Premium,Livret A,Depot especes,Bordeaux-Meriadeck
TXN001166,CLI0135,8,8,2022-05-05 17:03:00,-347.7,EUR,1.0,Debit,Rejete,26503.14,false,593.0,3,Standard,Compte Courant,Paiement CB,Nantes-Commerce
TXN001349,CLI0141,29,4,2024-07-23 01:18:00,-179.65,EUR,1.0,Debit,Complete,43923.9,false,726.0,1,Premium,Livret A,Paiement CB,Lille-Grand-Place
TXN000328,CLI0020,13,2,2024-11-04 20:01:00,2447.3,CHF,0.97,Credit,En attente,27624.54,false,660.0,3,Standard,Credit Consommation,Prelevement,Bordeaux-Meriadeck
TXN000347,CLI0102,38,1,2022-09-01 23:14:00,1367.45,GBP,0.86,Credit,Complete,25466.34,false,645.0,3,Standard,Credit Immobilier,Depot especes,Marseille-Vieux-Port
TXN000211,CLI0069,42,1,2022-03-02 10:51:00,-1316.51,USD,1.08,Debit,Complete,28874.92,false,647.0,3,Standard,Assurance Vie,Prelevement,Marseille-Vieux-Port
TXN000568,CLI0053,9,7,2023-11-27 05:39:00,2536.26,EUR,1.0,Credit,Complete,42381.97,false,645.0,3,Standard,Credit Consommation,Virement international,Paris-Centre
TXN000143,CLI0036,4,1,2023-10-16 18:38:00,390.82,EUR,1.0,Credit,Complete,7248.7,false,572.0,2,Risque,Credit Consommation,Paiement CB,Marseille-Vieux-Port
TXN000515,CLI0004,17,2,2022-09-29 11:18:00,755.23,CHF,0.97,Credit,Complete,15311.35,false,645.0,3,Standard,Compte Courant,Remboursement credit,Bordeaux-Meriadeck
TXN001387,CLI0051,19,1,2023-11-20 11:30:00,-384.28,EUR,1.0,Debit,Complete,47879.34,false,645.0,1,Premium,Credit Auto,Retrait DAB,Marseille-Vieux-Port
TXN001029,CLI0080,50,7,2023-08-11 05:17:00,-464.26,EUR,1.0,Debit,Complete,13712.69,false,645.0,1,Premium,Credit Consommation,Virement,Paris-Centre
TXN001069,CLI0100,19,4,2022-11-27 14:23:00,-367.07,GBP,0.86,Debit,En attente,46077.15,false,656.0,3,Standard,Credit Auto,Retrait DAB,Lille-Grand-Place
TXN000865,CLI0142,6,5,2024-08-19 03:22:00,2904.47,EUR,1.0,Credit,En attente,32278.48,false,676.0,3,Standard,Compte Epargne,Remboursement credit,Toulouse-Capitole
TXN001306,CLI0098,41,2,2024-07-01 13:05:00,-1340.22,EUR,1.0,Debit,Complete,49855.24,false,580.0,3,Standard,Assurance Vie,Virement,Bordeaux-Meriadeck
TXN000892,CLI0098,18,2,2022-10-10 18:29:00,-77.55,USD,1.08,Debit,Complete,44401.14,false,580.0,3,Standard,Credit Immobilier,Paiement CB,Bordeaux-Meriadeck
TXN001227,CLI0075,38,2,2024-10-09 06:26:00,1497.0,EUR,1.0,Credit,Complete,15599.53,false,645.0,3,Standard,Credit Immobilier,Depot especes,Bordeaux-Meriadeck
TXN000815,CLI0127,34,6,2022-12-27 06:36:00,1497.03,EUR,1.0,Credit,Complete,8229.64,false,645.0,3,Standard,Assurance Vie,Depot especes,Nice-Massena
TXN001624,CLI0148,20,4,2022-04-12 02:40:00,1227.93,CHF,0.97,Credit,Complete,47536.89,false,713.0,3,Standard,PEA,Virement,Lille-Grand-Place
TXN001383,CLI0131,34,1,2024-01-30 16:16:00,-2085.23,EUR,1.0,Debit,Complete,1112.95,false,838.0,1,Premium,Assurance Vie,Depot especes,Marseille-Vieux-Port
TXN000564,CLI0073,12,1,2023-10-06 03:29:00,3058.0,EUR,1.0,Credit,Complete,31295.13,false,645.0,1,Premium,Compte Courant,Virement international,Marseille-Vieux-Port
TXN001478,CLI0135,41,8,2023-01-17 21:40:00,-2387.6,EUR,1.0,Debit,En attente,33212.15,false,593.0,3,Standard,Assurance Vie,Virement,Nantes-Commerce
TXN000372,CLI0025,52,3,2024-08-27 17:03:00,-127.78,CHF,0.97,Debit,Complete,30943.3,false,688.0,3,Standard,Livret A,Prelevement,Lyon-Part-Dieu
TXN001182,CLI0033,31,3,2022-08-23 03:10:00,-453.06,EUR,1.0,Debit,Complete,8451.6,false,584.0,3,Standard,Credit Immobilier,Retrait DAB,Lyon-Part-Dieu
TXN001012,CLI0150,29,8,2024-04-05 08:35:00,279.69,EUR,1.0,Credit,Complete,5238.52,false,648.0,3,Standard,Livret A,Paiement CB,Nantes-Commerce
TXN001304,CLI0097,34,4,2023-03-01 06:20:00,-1092.13,USD,1.08,Debit,En attente,19034.26,true,397.0,2,Risque,Assurance Vie,Depot especes,Lille-Grand-Place
TXN000891,CLI0095,41,8,2022-04-18 08:56:00,-2365.58,CHF,0.97,Debit,Complete,16533.52,false,668.0,3,Standard,Assurance Vie,Virement,Nantes-Commerce
TXN001685,CLI0009,51,6,2024-01-20 21:33:00,-259.76,EUR,1.0,Debit,Complete,23398.53,false,645.0,3,Standard,Assurance Vie,Retrait DAB,Nice-Massena
TXN001262,CLI0038,63,2,2022-11-23 18:08:00,7822.41,EUR,1.0,Credit,Complete,21006.91,true,516.0,2,Risque,Compte Epargne,Virement international,Bordeaux-Meriadeck
TXN000684,CLI0150,24,8,2022-03-02 06:12:00,-2415.99,EUR,1.0,Debit,Complete,17056.89,false,648.0,3,Standard,Assurance Vie,Virement international,Nantes-Commerce
TXN001298,CLI0071,61,7,2023-04-18 07:39:00,309.76,EUR,1.0,Credit,Complete,7669.97,false,797.0,1,Premium,PEA,Paiement CB,Paris-Centre
TXN001413,CLI0013,59,5,2023-06-02 16:07:00,2676.1,GBP,0.86,Credit,Complete,36690.92,true,351.0,2,Risque,Compte Courant,Prelevement,Toulouse-Capitole
TXN000633,CLI0148,41,4,2024-11-30 09:26:00,1235.91,MAD,10.85,Credit,Complete,15753.39,false,713.0,3,Standard,Assurance Vie,Virement,Lille-Grand-Place
TXN000195,CLI0092,3,8,2024-03-25 06:27:00,-2483.3,USD,1.08,Debit,Complete,16953.98,false,717.0,3,Standard,PEA,Prelevement,Nantes-Commerce
TXN000514,CLI0121,62,1,2024-03-18 15:51:00,2404.15,EUR,1.0,Credit,Complete,4246.27,false,645.0,1,Premium,Credit Auto,Virement,Marseille-Vieux-Port
TXN001812,CLI0128,61,1,2024-03-07 09:34:00,158.52,EUR,1.0,Credit,Complete,30079.04,false,683.0,3,Standard,PEA,Paiement CB,Marseille-Vieux-Port
TXN000210,CLI0045,42,2,2022-10-09 22:00:00,533.31,EUR,1.0,Credit,Complete,6433.84,false,704.0,3,Standard,Assurance Vie,Prelevement,Bordeaux-Meriadeck
TXN001001,CLI0028,35,3,2022-02-20 12:49:00,-734.74,EUR,1.0,Debit,Complete,16688.53,false,667.0,3,Standard,Livret A,Interets,Lyon-Part-Dieu
TXN001187,CLI0052,50,2,2022-11-10 09:32:00,-237.77,EUR,1.0,Debit,Complete,36086.94,false,838.0,1,Premium,Credit Consommation,Virement,Bordeaux-Meriadeck
TXN000636,CLI0033,18,3,2024-11-13 17:19:00,270.24,EUR,1.0,Credit,Complete,44526.93,false,584.0,3,Standard,Credit Immobilier,Paiement CB,Lyon-Part-Dieu
TXN001910,CLI0071,7,7,2024-04-09 12:16:00,-2605.21,EUR,1.0,Debit,Complete,49648.87,false,797.0,1,Premium,Livret A,Remboursement credit,Paris-Centre
TXN000088,CLI0086,58,2,2023-11-25 20:11:00,2499.63,EUR,1.0,Credit,Complete,40593.73,false,805.0,1,Premium,Credit Auto,Depot especes,Bordeaux-Meriadeck
TXN001775,CLI0076,22,3,2022-11-11 13:34:00,-1280.61,USD,1.08,Debit,Complete,520.96,true,326.0,2,Risque,Compte Epargne,Prelevement,Lyon-Part-Dieu
TXN001607,CLI0141,13,4,2023-01-23 11:24:00,-2400.74,GBP,0.86,Debit,En attente,14539.21,false,726.0,1,Premium,Credit Consommation,Prelevement,Lille-Grand-Place
TXN000910,CLI0050,14,3,2023-07-15 20:43:00,1657.5,EUR,1.0,Credit,Complete,33985.41,false,666.0,3,Standard,Credit Immobilier,Remboursement credit,Lyon-Part-Dieu
TXN000191,CLI0016,25,2,2022-12-11 10:45:00,2482.55,EUR,1.0,Credit,Complete,37529.7,false,716.0,3,Standard,Livret A,Virement international,Bordeaux-Meriadeck
TXN000179,CLI0018,18,2,2022-08-24 00:54:00,-184.68,EUR,1.0,Debit,En attente,37050.43,true,328.0,2,Risque,Credit Immobilier,Paiement CB,Bordeaux-Meriadeck
TXN000557,CLI0087,51,5,2024-04-07 03:14:00,422.29,EUR,1.0,Credit,Complete,38322.01,false,607.0,3,Standard,Assurance Vie,Retrait DAB,Toulouse-Capitole
TXN001747,CLI0010,61,3,2023-10-15 01:09:00,0.0,EUR,1.0,Credit,En attente,8252.14,false,816.0,1,Premium,PEA,Paiement CB,Lyon-Part-Dieu
TXN001417,CLI0065,44,2,2022-03-25 12:18:00,2839.09,EUR,1.0,Credit,Complete,37539.62,false,645.0,3,Standard,Credit Immobilier,Prelevement,Bordeaux-Meriadeck
TXN001988,CLI0125,33,4,2023-07-30 12:07:00,2774.23,EUR,1.0,Credit,Complete,21852.73,false,810.0,1,Premium,Compte Courant,Virement,Lille-Grand-Place
TXN000745,CLI0093,43,1,2022-04-28 11:55:00,-1024.25,EUR,1.0,Debit,Complete,20150.24,false,786.0,1,Premium,Credit Auto,Remboursement credit,Marseille-Vieux-Port
TXN001546,CLI0066,16,6,2023-09-02 20:53:00,-1813.9,GBP,0.86,Debit,Complete,26506.48,false,656.0,3,Standard,Compte Epargne,Virement,Nice-Massena
TXN001129,CLI0059,56,7,2022-09-04 17:45:00,922.35,GBP,0.86,Credit,Complete,27709.6,false,594.0,3,Standard,Assurance Vie,Interets,Paris-Centre
TXN001518,CLI0042,57,2,2022-07-11 00:49:00,91.62,GBP,0.86,Credit,Complete,4714.51,false,638.0,3,Standard,PEA,Retrait DAB,Bordeaux-Meriadeck
TXN001098,CLI0012,17,4,2024-09-24 07:17:00,2961.44,USD,1.08,Credit,Complete,32017.47,false,778.0,1,Premium,Compte Courant,Remboursement credit,Lille-Grand-Place
TXN000512,CLI0059,37,7,2024-12-04 15:55:00,2987.21,EUR,1.0,Credit,Complete,36527.89,false,594.0,3,Standard,Credit Auto,Prelevement,Paris-Centre
TXN001618,CLI0134,46,6,2023-09-12 02:35:00,2571.6,EUR,1.0,Credit,En attente,47043.18,false,600.0,3,Standard,PEA,Depot especes,Nice-Massena
TXN001464,CLI0128,58,1,2022-06-03 00:53:00,-526.36,CHF,0.97,Debit,En attente,29490.75,false,683.0,3,Standard,Credit Auto,Depot especes,Marseille-Vieux-Port
TXN001712,CLI0087,19,5,2022-04-11 12:15:00,419.9,EUR,1.0,Credit,Complete,12307.64,false,607.0,3,Standard,Credit Auto,Retrait DAB,Toulouse-Capitole
TXN000472,CLI0124,24,5,2024-09-13 22:05:00,1308.28,EUR,1.0,Credit,Complete,4003.91,false,585.0,3,Standard,Assurance Vie,Virement international,Toulouse-Capitole
TXN000399,CLI0141,9,4,2024-04-24 20:27:00,-6644.01,GBP,0.86,Debit,Complete,10775.01,true,726.0,1,Premium,Credit Consommation,Virement international,Lille-Grand-Place
TXN001580,CLI0147,48,6,2023-09-24 10:14:00,-617.25,USD,1.08,Debit,Complete,12201.58,false,812.0,1,Premium,Compte Courant,Interets,Nice-Massena
TXN000036,CLI0091,31,8,2023-10-06 03:29:00,366.05,EUR,1.0,Credit,Complete,45179.84,false,442.0,2,Risque,Credit Immobilier,Retrait DAB,Nantes-Commerce
TXN000206,CLI0034,7,2,2024-05-11 11:34:00,2064.68,GBP,0.86,Credit,Complete,3469.88,false,457.0,2,Risque,Livret A,Remboursement credit,Bordeaux-Meriadeck
TXN000609,CLI0109,26,3,2024-06-08 20:27:00,-924.99,EUR,1.0,Debit,Complete,32415.77,false,701.0,3,Standard,Credit Auto,Virement international,Lyon-Part-Dieu
TXN001767,CLI0019,63,4,2024-07-06 15:16:00,5066.53,EUR,1.0,Credit,Complete,32930.84,true,505.0,2,Risque,Compte Epargne,Virement international,Lille-Grand-Place
TXN001536,CLI0031,37,2,2022-02-24 23:50:00,-1267.09,EUR,1.0,Debit,Complete,38195.87,false,559.0,2,Risque,Credit Auto,Prelevement,Bordeaux-Meriadeck
TXN001068,CLI0006,15,5,2022-12-07 18:40:00,-3880.93,EUR,1.0,Debit,Complete,30107.0,false,620.0,3,Standard,PEA,Virement international,Toulouse-Capitole
TXN001286,CLI0041,11,2,2023-08-13 15:49:00,56.03,EUR,1.0,Credit,Complete,4333.65,false,643.0,3,Standard,Compte Epargne,Retrait DAB,Bordeaux-Meriadeck
TXN001173,CLI0083,64,3,2023-02-16 09:20:00,449.65,USD,1.08,Credit,En attente,21373.33,false,643.0,3,Standard,Assurance Vie,Remboursement credit,Lyon-Part-Dieu
TXN000430,CLI0014,38,1,2024-07-14 02:46:00,-1526.94,EUR,1.0,Debit,Complete,16240.7,false,673.0,3,Standard,Credit Immobilier,Depot especes,Marseille-Vieux-Port
TXN001699,CLI0138,59,2,2024-01-23 10:41:00,1581.47,EUR,1.0,Credit,Complete,7683.95,false,749.0,1,Premium,Compte Courant,Prelevement,Bordeaux-Meriadeck
TXN000229,CLI0141,32,4,2023-07-27 12:08:00,1286.74,EUR,1.0,Credit,Complete,40128.19,false,726.0,1,Premium,Credit Consommation,Interets,Lille-Grand-Place
TXN001004,CLI0105,50,6,2023-03-05 17:50:00,-1491.74,EUR,1.0,Debit,Complete,35472.52,false,634.0,3,Standard,Credit Consommation,Virement,Nice-Massena
TXN001030,CLI0052,46,2,2023-06-16 22:28:00,-830.41,MAD,10.85,Debit,Complete,32127.11,false,838.0,1,Premium,PEA,Depot especes,Bordeaux-Meriadeck
TXN001853,CLI0031,13,2,2023-07-09 23:49:00,-88888.0,USD,1.08,Debit,Complete,38024.33,true,559.0,2,Risque,Credit Consommation,Prelevement,Bordeaux-Meriadeck
TXN000728,CLI0053,34,7,2023-02-23 07:32:00,280.59,EUR,1.0,Credit,Complete,9957.06,false,645.0,3,Standard,Assurance Vie,Depot especes,Paris-Centre
TXN000319,CLI0017,41,2,2022-05-29 11:59:00,-1533.37,USD,1.08,Debit,Complete,14147.72,false,649.0,3,Standard,Assurance Vie,Virement,Bordeaux-Meriadeck
TXN000630,CLI0088,4,2,2022-06-24 08:23:00,-363.3,EUR,1.0,Debit,Complete,37700.01,true,413.0,3,Standard,Credit Consommation,Paiement CB,Bordeaux-Meriadeck
TXN000926,CLI0113,44,3,2022-02-14 05:09:00,2464.72,EUR,1.0,Credit,Complete,35011.47,false,643.0,3,Standard,Credit Immobilier,Prelevement,Lyon-Part-Dieu
TXN000894,CLI0058,13,1,2023-08-30 22:05:00,1091.38,EUR,1.0,Credit,Complete,36789.89,false,704.0,3,Standard,Credit Consommation,Prelevement,Marseille-Vieux-Port
TXN001020,CLI0025,26,3,2024-10-26 00:38:00,2329.62,CHF,0.97,Credit,Complete,49787.32,false,688.0,3,Standard,Credit Auto,Virement international,Lyon-Part-Dieu
TXN001898,CLI0068,24,3,2024-05-29 13:48:00,2735.8,EUR,1.0,Credit,Complete,36297.76,false,605.0,3,Standard,Assurance Vie,Virement international,Lyon-Part-Dieu
TXN000035,CLI0102,27,1,2022-04-11 19:47:00,258.43,EUR,1.0,Credit,Complete,11582.91,false,645.0,3,Standard,Assurance Vie,Paiement CB,Marseille-Vieux-Port
TXN001337,CLI0011,54,2,2023-01-29 05:57:00,1203.05,GBP,0.86,Credit,Complete,14642.28,false,672.0,3,Standard,Livret A,Virement,Bordeaux-Meriadeck
TXN000076,CLI0076,44,3,2024-12-14 01:42:00,1043.45,EUR,1.0,Credit,Complete,7797.21,true,326.0,2,Risque,Credit Immobilier,Prelevement,Lyon-Part-Dieu
TXN000174,CLI0109,6,3,2024-09-08 18:25:00,1626.38,EUR,1.0,Credit,Complete,39556.97,false,701.0,3,Standard,Compte Epargne,Remboursement credit,Lyon-Part-Dieu
TXN001881,CLI0126,55,2,2024-01-06 10:00:00,2642.02,GBP,0.86,Credit,Complete,1006.87,false,514.0,2,Risque,Compte Courant,Depot especes,Bordeaux-Meriadeck
TXN001076,CLI0085,56,5,2023-07-18 19:02:00,-2295.9,USD,1.08,Debit,Complete,44020.51,true,390.0,2,Risque,Assurance Vie,Interets,Toulouse-Capitole
TXN001657,CLI0108,16,7,2022-01-12 20:48:00,2879.27,EUR,1.0,Credit,Complete,12224.49,true,375.0,2,Risque,Compte Epargne,Virement,Paris-Centre
TXN001827,CLI0088,20,2,2022-03-01 22:02:00,-380.89,EUR,1.0,Debit,Complete,28914.23,true,413.0,3,Standard,PEA,Virement,Bordeaux-Meriadeck
TXN001968,CLI0080,24,7,2022-05-15 00:24:00,1621.57,EUR,1.0,Credit,Complete,28361.22,false,645.0,1,Premium,Assurance Vie,Virement international,Paris-Centre
TXN001960,CLI0012,49,4,2022-07-31 18:53:00,2541.11,USD,1.08,Credit,Complete,3979.94,false,778.0,1,Premium,Credit Immobilier,Virement,Lille-Grand-Place
TXN000748,CLI0114,19,8,2024-03-30 23:39:00,-401.1,EUR,1.0,Debit,Rejete,42869.29,false,838.0,1,Premium,Credit Auto,Retrait DAB,Nantes-Commerce
TXN001245,CLI0090,44,8,2024-01-24 16:57:00,-2495.66,EUR,1.0,Debit,Complete,45768.51,false,682.0,3,Standard,Credit Immobilier,Prelevement,Nantes-Commerce
TXN001902,CLI0047,6,3,2022-01-08 16:25:00,2549.55,EUR,1.0,Credit,En attente,46600.93,true,397.0,2,Risque,Compte Epargne,Remboursement credit,Lyon-Part-Dieu
TXN000509,CLI0121,53,1,2024-06-11 04:13:00,-2787.27,EUR,1.0,Debit,Complete,22941.24,false,645.0,1,Premium,Compte Epargne,Interets,Marseille-Vieux-Port
TXN000711,CLI0142,37,5,2022-06-06 03:32:00,-2311.29,MAD,10.85,Debit,Complete,10447.87,false,676.0,3,Standard,Credit Auto,Prelevement,Toulouse-Capitole
TXN001920,CLI0040,21,6,2024-02-26 08:30:00,-1496.71,CHF,0.97,Debit,Complete,41891.31,false,491.0,2,Risque,Credit Consommation,Depot especes,Nice-Massena
TXN000608,CLI0092,42,8,2024-11-15 06:31:00,-1364.06,GBP,0.86,Debit,Complete,21211.22,false,717.0,3,Standard,Assurance Vie,Prelevement,Nantes-Commerce
TXN000388,CLI0138,37,2,2023-04-22 10:35:00,2376.26,EUR,1.0,Credit,Complete,1165.51,false,749.0,1,Premium,Credit Auto,Prelevement,Bordeaux-Meriadeck
TXN001118,CLI0039,46,4,2022-08-13 05:01:00,-1517.79,EUR,1.0,Debit,En attente,13332.55,false,645.0,3,Standard,PEA,Depot especes,Lille-Grand-Place
TXN000752,CLI0122,3,8,2024-12-30 20:46:00,1501.28,USD,1.08,Credit,Complete,46595.82,false,824.0,1,Premium,PEA,Prelevement,Nantes-Commerce
TXN000912,CLI0117,36,4,2022-01-18 15:59:00,-5547.11,EUR,1.0,Debit,Complete,14560.11,true,645.0,3,Standard,Credit Immobilier,Virement international,Lille-Grand-Place
TXN000149,CLI0086,23,5,2022-02-01 06:59:00,111.21,MAD,10.85,Credit,En attente,34811.75,false,805.0,1,Premium,Credit Auto,Paiement CB,Toulouse-Capitole
TXN000754,CLI0030,29,3,2022-07-02 10:47:00,-304.26,EUR,1.0,Debit,Complete,6458.13,true,391.0,2,Risque,Livret A,Paiement CB,Lyon-Part-Dieu
TXN001507,CLI0051,48,1,2023-03-21 18:41:00,-1768.54,USD,1.08,Debit,Complete,8709.94,false,645.0,1,Premium,Compte Courant,Interets,Marseille-Vieux-Port
TXN000403,CLI0024,14,3,2023-03-22 23:04:00,2184.56,EUR,1.0,Credit,Complete,44961.3,false,592.0,3,Standard,Credit Immobilier,Remboursement credit,Lyon-Part-Dieu
TXN001274,CLI0116,18,6,2022-03-23 09:38:00,-179.08,GBP,0.86,Debit,Rejete,3933.35,false,620.0,3,Standard,Credit Immobilier,Paiement CB,Nice-Massena
TXN000341,CLI0108,60,7,2022-12-30 15:57:00,-1863.51,EUR,1.0,Debit,Complete,33003.69,true,375.0,2,Risque,Livret A,Depot especes,Paris-Centre
TXN001698,CLI0001,3,2,2022-05-07 20:52:00,187.59,EUR,1.0,Credit,Complete,40702.2,false,586.0,3,Standard,PEA,Prelevement,Bordeaux-Meriadeck
TXN000988,CLI0047,61,3,2023-08-22 21:31:00,255.31,GBP,0.86,Credit,Complete,14841.32,true,397.0,2,Risque,PEA,Paiement CB,Lyon-Part-Dieu
TXN000201,CLI0081,36,5,2022-10-08 12:49:00,6544.27,CHF,0.97,Credit,Complete,28208.23,true,645.0,3,Standard,Credit Immobilier,Virement international,Toulouse-Capitole
TXN001116,CLI0083,49,3,2023-05-25 05:36:00,-77.36,EUR,1.0,Debit,Complete,38138.16,false,643.0,3,Standard,Credit Immobilier,Virement,Lyon-Part-Dieu
TXN000733,CLI0129,25,7,2024-05-01 12:47:00,-3110.53,EUR,1.0,Debit,Complete,2037.46,false,573.0,2,Risque,Livret A,Virement international,Paris-Centre
TXN000541,CLI0042,41,2,2024-05-09 20:58:00,-2867.71,EUR,1.0,Debit,Complete,46822.22,false,638.0,3,Standard,Assurance Vie,Virement,Bordeaux-Meriadeck
TXN000692,CLI0097,34,4,2024-02-06 08:35:00,300.04,CHF,0.97,Credit,Complete,17643.59,true,397.0,2,Risque,Assurance Vie,Depot especes,Lille-Grand-Place
TXN001467,CLI0105,16,6,2024-07-09 23:01:00,1503.84,EUR,1.0,Credit,Complete,46362.56,false,634.0,3,Standard,Compte Epargne,Virement,Nice-Massena
TXN000610,CLI0040,40,6,2024-12-10 02:18:00,-1431.25,EUR,1.0,Debit,Complete,49210.89,false,491.0,2,Risque,Credit Auto,Interets,Nice-Massena
TXN000956,CLI0008,12,8,2024-06-07 13:50:00,5887.96,USD,1.08,Credit,Complete,27709.38,true,744.0,1,Premium,Compte Courant,Virement international,Nantes-Commerce
TXN000281,CLI0070,60,8,2022-08-03 16:46:00,-1872.21,EUR,1.0,Debit,Complete,30489.19,true,645.0,2,Risque,Livret A,Depot especes,Nantes-Commerce
TXN000411,CLI0090,39,8,2024-06-21 01:59:00,-2463.61,EUR,1.0,Debit,Complete,36451.49,false,682.0,3,Standard,PEA,Interets,Nantes-Commerce
TXN001621,CLI0104,60,8,2022-12-29 05:09:00,-1829.32,EUR,1.0,Debit,Complete,40577.02,false,645.0,3,Standard,Livret A,Depot especes,Nantes-Commerce
TXN001757,CLI0093,57,1,2024-06-21 04:50:00,345.27,EUR,1.0,Credit,Complete,46563.59,false,786.0,1,Premium,PEA,Retrait DAB,Marseille-Vieux-Port
TXN001608,CLI0082,51,7,2022-06-24 18:32:00,382.46,EUR,1.0,Credit,Complete,37578.65,false,813.0,1,Premium,Assurance Vie,Retrait DAB,Paris-Centre
TXN001515,CLI0068,39,3,2024-08-11 16:32:00,1542.45,EUR,1.0,Credit,Complete,34696.65,false,605.0,3,Standard,PEA,Interets,Lyon-Part-Dieu
TXN000688,CLI0063,33,7,2023-01-23 17:18:00,-2379.28,USD,1.08,Debit,Complete,14075.66,true,426.0,2,Risque,Compte Courant,Virement,Paris-Centre
TXN000336,CLI0031,2,2,2023-11-08 23:07:00,-251.13,EUR,1.0,Debit,Complete,32398.24,false,559.0,2,Risque,Credit Consommation,Retrait DAB,Bordeaux-Meriadeck
TXN000643,CLI0132,3,2,2024-07-21 15:02:00,2252.16,USD,1.08,Credit,En attente,6026.43,false,663.0,3,Standard,PEA,Prelevement,Bordeaux-Meriadeck
TXN000315,CLI0125,33,4,2023-01-30 10:32:00,-292.92,EUR,1.0,Debit,Complete,10618.0,false,810.0,1,Premium,Compte Courant,Virement,Lille-Grand-Place
TXN000783,CLI0079,7,7,2022-07-04 20:05:00,-276.24,USD,1.08,Debit,Complete,2964.83,false,689.0,3,Standard,Livret A,Remboursement credit,Paris-Centre
TXN001633,CLI0132,60,2,2023-02-19 09:51:00,-1638.34,MAD,10.85,Debit,Complete,16681.28,false,663.0,3,Standard,Livret A,Depot especes,Bordeaux-Meriadeck
TXN001972,CLI0137,29,1,2022-10-09 08:03:00,111.7,EUR,1.0,Credit,Complete,11590.56,false,725.0,1,Premium,Livret A,Paiement CB,Marseille-Vieux-Port
TXN001967,CLI0101,63,1,2022-10-02 01:07:00,1312.61,CHF,0.97,Credit,Complete,24107.99,false,655.0,3,Standard,Compte Epargne,Virement international,Marseille-Vieux-Port
TXN001531,CLI0016,1,2,2022-05-06 14:46:00,-2178.57,EUR,1.0,Debit,Complete,1216.78,false,716.0,3,Standard,Compte Epargne,Depot especes,Bordeaux-Meriadeck
TXN001275,CLI0124,53,5,2024-03-04 23:51:00,-1978.92,EUR,1.0,Debit,Complete,9215.62,false,585.0,3,Standard,Compte Epargne,Interets,Toulouse-Capitole
TXN001786,CLI0111,21,7,2024-06-12 07:54:00,720.06,GBP,0.86,Credit,En attente,25129.92,false,645.0,3,Standard,Credit Consommation,Depot especes,Paris-Centre
TXN000093,CLI0110,1,5,2023-12-21 14:02:00,2194.1,USD,1.08,Credit,Complete,49003.36,false,629.0,3,Standard,Compte Epargne,Depot especes,Toulouse-Capitole
TXN000835,CLI0147,18,6,2024-05-17 05:17:00,-487.1,USD,1.08,Debit,Complete,20080.08,false,812.0,1,Premium,Credit Immobilier,Paiement CB,Nice-Massena
TXN000593,CLI0049,43,3,2022-10-26 00:18:00,-2929.58,EUR,1.0,Debit,En attente,18544.92,false,593.0,3,Standard,Credit Auto,Remboursement credit,Lyon-Part-Dieu
TXN000493,CLI0021,53,1,2023-08-17 20:12:03,-571.02,USD,1.08,Debit,Complete,15013.63,false,697.0,3,Standard,Compte Epargne,Interets,Marseille-Vieux-Port
TXN001451,CLI0008,1,8,2023-04-04 00:00:00,-2019.76,EUR,1.0,Debit,En attente,19525.39,false,744.0,1,Premium,Compte Epargne,Depot especes,Nantes-Commerce
TXN000395,CLI0126,3,2,2022-05-05 11:35:00,2243.26,EUR,1.0,Credit,Complete,3009.17,false,514.0,2,Risque,PEA,Prelevement,Bordeaux-Meriadeck
TXN001772,CLI0076,55,3,2024-02-12 02:21:00,2006.57,EUR,1.0,Credit,Complete,27606.12,true,326.0,2,Risque,Compte Courant,Depot especes,Lyon-Part-Dieu
TXN001070,CLI0083,58,3,2022-03-05 06:36:00,-1410.48,EUR,1.0,Debit,Rejete,39858.0,false,643.0,3,Standard,Credit Auto,Depot especes,Lyon-Part-Dieu
TXN000576,CLI0008,23,8,2023-07-23 21:35:00,104.47,USD,1.08,Credit,Complete,2860.83,false,744.0,1,Premium,Credit Auto,Paiement CB,Nantes-Commerce
TXN000574,CLI0017,2,2,2023-07-01 09:41:00,97.08,GBP,0.86,Credit,Complete,5766.57,false,649.0,3,Standard,Credit Consommation,Retrait DAB,Bordeaux-Meriadeck
TXN001896,CLI0057,49,6,2024-04-16 00:03:00,301.5,EUR,1.0,Credit,Complete,1578.27,false,435.0,2,Risque,Credit Immobilier,Virement,Nice-Massena
TXN001303,CLI0112,9,1,2024-10-19 16:39:00,-3225.63,EUR,1.0,Debit,Complete,35202.47,false,636.0,3,Standard,Credit Consommation,Virement international,Marseille-Vieux-Port
TXN000736,CLI0038,18,2,2022-10-29 08:15:00,309.03,EUR,1.0,Credit,Complete,38571.51,false,516.0,2,Risque,Credit Immobilier,Paiement CB,Bordeaux-Meriadeck
TXN001833,CLI0085,22,5,2023-02-27 13:31:00,-2293.62,USD,1.08,Debit,Rejete,5330.08,true,390.0,2,Risque,Compte Epargne,Prelevement,Toulouse-Capitole
TXN000280,CLI0141,30,4,2022-11-10 06:44:00,-349.16,EUR,1.0,Debit,Complete,33157.9,false,726.0,1,Premium,Compte Epargne,Paiement CB,Lille-Grand-Place
TXN000338,CLI0043,27,2,2024-11-24 12:38:00,485.24,CHF,0.97,Credit,En attente,10908.01,false,735.0,1,Premium,Assurance Vie,Paiement CB,Bordeaux-Meriadeck
TXN000228,CLI0110,21,5,2023-01-19 08:17:00,-1365.73,EUR,1.0,Debit,Complete,24994.69,false,629.0,3,Standard,Credit Consommation,Depot especes,Toulouse-Capitole
TXN000009,CLI0123,44,2,2024-03-31 15:04:00,1752.21,GBP,0.86,Credit,Complete,28185.7,false,595.0,3,Standard,Credit Immobilier,Prelevement,Bordeaux-Meriadeck
TXN001110,CLI0018,24,2,2023-04-17 21:13:00,-1773.27,GBP,0.86,Debit,Complete,46001.93,true,328.0,2,Risque,Assurance Vie,Virement international,Bordeaux-Meriadeck
TXN001773,CLI0025,47,3,2022-08-08 07:41:00,278.39,EUR,1.0,Credit,Complete,26768.19,false,688.0,3,Standard,Compte Courant,Retrait DAB,Lyon-Part-Dieu
TXN001609,CLI0141,60,4,2023-09-26 13:55:00,-2948.2,EUR,1.0,Debit,Complete,10007.93,false,726.0,1,Premium,Livret A,Depot especes,Lille-Grand-Place
TXN000069,CLI0119,35,2,2024-01-26 09:04:00,1951.77,EUR,1.0,Credit,Complete,25402.68,false,793.0,1,Premium,Livret A,Interets,Bordeaux-Meriadeck
TXN001948,CLI0028,64,3,2023-08-27 05:39:00,-2654.97,EUR,1.0,Debit,Complete,27669.11,false,667.0,3,Standard,Assurance Vie,Remboursement credit,Lyon-Part-Dieu
TXN001121,CLI0107,5,4,2023-10-06 03:29:00,1434.99,EUR,1.0,Credit,Complete,27045.31,true,420.0,2,Risque,Credit Immobilier,Interets,Lille-Grand-Place
TXN001366,CLI0020,24,2,2023-09-24 23:19:00,-3373.59,EUR,1.0,Debit,Complete,35618.84,false,660.0,3,Standard,Assurance Vie,Virement international,Bordeaux-Meriadeck
TXN001146,CLI0065,15,2,2023-12-06 11:15:00,2357.73,GBP,0.86,Credit,Complete,49549.69,false,645.0,3,Standard,PEA,Virement international,Bordeaux-Meriadeck
TXN001181,CLI0106,6,2,2023-01-24 15:16:00,1820.38,EUR,1.0,Credit,Complete,38379.62,false,652.0,3,Standard,Compte Epargne,Remboursement credit,Bordeaux-Meriadeck
TXN001776,CLI0150,42,8,2023-06-21 17:34:00,-222.54,EUR,1.0,Debit,Complete,41874.87,false,648.0,3,Standard,Assurance Vie,Prelevement,Nantes-Commerce
TXN001644,CLI0092,20,8,2024-05-05 22:58:00,-199.78,EUR,1.0,Debit,Complete,36001.77,false,717.0,3,Standard,PEA,Virement,Nantes-Commerce
TXN000025,CLI0124,9,5,2023-10-06 03:29:00,-2709.86,EUR,1.0,Debit,Complete,11754.77,false,585.0,3,Standard,Credit Consommation,Virement international,Toulouse-Capitole
TXN000634,CLI0089,50,2,2024-12-16 19:58:00,-483.24,GBP,0.86,Debit,En attente,31255.55,false,638.0,3,Standard,Credit Consommation,Virement,Bordeaux-Meriadeck
TXN000471,CLI0109,20,3,2023-04-30 22:32:00,844.29,EUR,1.0,Credit,Complete,1989.47,false,701.0,3,Standard,PEA,Virement,Lyon-Part-Dieu
TXN000294,CLI0104,64,8,2022-01-01 02:50:00,1832.4,EUR,1.0,Credit,En attente,28160.4,false,645.0,3,Standard,Assurance Vie,Remboursement credit,Nantes-Commerce
TXN000773,CLI0010,51,3,2023-03-17 04:38:00,284.99,EUR,1.0,Credit,Complete,31153.41,false,816.0,1,Premium,Assurance Vie,Retrait DAB,Lyon-Part-Dieu
TXN001856,CLI0132,14,2,2023-01-17 17:08:00,-1217.9,MAD,10.85,Debit,Rejete,46199.1,false,663.0,3,Standard,Credit Immobilier,Remboursement credit,Bordeaux-Meriadeck
TXN001263,CLI0029,50,7,2022-01-09 08:59:00,1673.82,EUR,1.0,Credit,Complete,39407.44,false,696.0,3,Standard,Credit Consommation,Virement,Paris-Centre
TXN001951,CLI0127,59,6,2022-02-21 02:28:00,1420.43,EUR,1.0,Credit,En attente,40330.55,false,645.0,3,Standard,Compte Courant,Prelevement,Nice-Massena
TXN001189,CLI0105,54,6,2022-12-14 23:59:00,-998.89,EUR,1.0,Debit,Complete,394.49,false,634.0,3,Standard,Livret A,Virement,Nice-Massena
TXN001023,CLI0108,13,7,2022-05-08 10:06:00,-2580.78,EUR,1.0,Debit,Complete,36898.94,true,375.0,2,Risque,Credit Consommation,Prelevement,Paris-Centre
TXN000906,CLI0150,41,8,2023-05-22 15:07:00,-183.27,EUR,1.0,Debit,Complete,26310.93,false,648.0,3,Standard,Assurance Vie,Virement,Nantes-Commerce
TXN001307,CLI0123,1,2,2024-11-25 19:33:00,2439.92,EUR,1.0,Credit,Complete,38059.44,false,595.0,3,Standard,Compte Epargne,Depot especes,Bordeaux-Meriadeck
TXN001389,CLI0027,56,3,2023-03-29 23:13:00,-694.49,USD,1.08,Debit,Complete,29416.23,true,305.0,2,Risque,Assurance Vie,Interets,Lyon-Part-Dieu
TXN001335,CLI0139,43,1,2022-07-09 22:41:00,-498.07,EUR,1.0,Debit,Complete,6760.82,false,674.0,3,Standard,Credit Auto,Remboursement credit,Marseille-Vieux-Port
TXN000511,CLI0118,14,4,2023-12-05 07:56:00,-920.73,EUR,1.0,Debit,Complete,27682.51,false,641.0,3,Standard,Credit Immobilier,Remboursement credit,Lille-Grand-Place
TXN000180,CLI0133,1,4,2023-11-09 17:27:00,-2877.46,EUR,1.0,Debit,Complete,9400.71,false,677.0,3,Standard,Compte Epargne,Depot especes,Lille-Grand-Place
TXN001094,CLI0068,39,3,2023-09-14 11:09:00,953.39,CHF,0.97,Credit,Complete,21322.37,false,605.0,3,Standard,PEA,Interets,Lyon-Part-Dieu
TXN001983,CLI0065,60,2,2022-07-05 05:50:00,529.45,EUR,1.0,Credit,Complete,28712.54,false,645.0,3,Standard,Livret A,Depot especes,Bordeaux-Meriadeck
TXN001560,CLI0142,11,5,2024-02-12 11:06:00,-393.93,EUR,1.0,Debit,Complete,32035.93,false,676.0,3,Standard,Compte Epargne,Retrait DAB,Toulouse-Capitole
TXN001184,CLI0052,37,2,2024-10-16 06:08:00,-1578.77,EUR,1.0,Debit,Complete,11509.39,false,838.0,1,Premium,Credit Auto,Prelevement,Bordeaux-Meriadeck
TXN000816,CLI0046,6,2,2023-01-20 02:09:00,-262.54,USD,1.08,Debit,Complete,26386.25,false,841.0,1,Premium,Compte Epargne,Remboursement credit,Bordeaux-Meriadeck
TXN001998,CLI0072,48,1,2024-11-22 13:46:00,-2132.99,EUR,1.0,Debit,Rejete,260.32,false,606.0,3,Standard,Compte Courant,Interets,Marseille-Vieux-Port
TXN000864,CLI0140,22,1,2024-10-27 18:51:00,-146.27,EUR,1.0,Debit,Complete,38866.32,false,609.0,3,Standard,Compte Epargne,Prelevement,Marseille-Vieux-Port
TXN001083,CLI0137,44,1,2022-04-25 14:36:00,-1592.7,MAD,10.85,Debit,Complete,32575.28,false,725.0,1,Premium,Credit Immobilier,Prelevement,Marseille-Vieux-Port
TXN001209,CLI0070,48,8,2023-11-13 17:02:00,99999.99,USD,1.08,Credit,Complete,1058.69,true,645.0,2,Risque,Compte Courant,Interets,Nantes-Commerce
TXN001315,CLI0139,6,1,2024-08-13 20:33:03,1094.11,CHF,0.97,Credit,Complete,26221.17,false,674.0,3,Standard,Compte Epargne,Remboursement credit,Marseille-Vieux-Port
TXN001883,CLI0134,52,6,2022-09-01 12:51:00,57.82,EUR,1.0,Credit,Complete,37673.13,false,600.0,3,Standard,Livret A,Prelevement,Nice-Massena
TXN001290,CLI0083,11,3,2023-12-15 09:12:00,-416.35,EUR,1.0,Debit,Complete,29928.25,false,643.0,3,Standard,Compte Epargne,Retrait DAB,Lyon-Part-Dieu
TXN001797,CLI0102,40,1,2022-01-08 17:50:00,-1806.1,EUR,1.0,Debit,Complete,17661.97,false,645.0,3,Standard,Credit Auto,Interets,Marseille-Vieux-Port
TXN001831,CLI0014,60,1,2024-06-22 23:37:00,-1415.14,EUR,1.0,Debit,Complete,15032.06,false,673.0,3,Standard,Livret A,Depot especes,Marseille-Vieux-Port
TXN000381,CLI0069,46,1,2022-01-17 07:05:00,-494.52,USD,1.08,Debit,Complete,39307.69,false,647.0,3,Standard,PEA,Depot especes,Marseille-Vieux-Port
TXN000605,CLI0012,39,2,2022-09-22 06:55:00,193.61,EUR,1.0,Credit,Complete,37215.62,false,778.0,1,Premium,PEA,Interets,Bordeaux-Meriadeck
TXN001693,CLI0116,17,6,2024-07-26 07:06:00,2885.1,EUR,1.0,Credit,Complete,32316.27,false,620.0,3,Standard,Compte Courant,Remboursement credit,Nice-Massena
TXN001793,CLI0128,1,1,2022-02-04 22:52:00,2209.06,USD,1.08,Credit,Complete,47671.72,false,683.0,3,Standard,Compte Epargne,Depot especes,Marseille-Vieux-Port
TXN000551,CLI0136,45,7,2023-08-01 05:57:00,-381.93,USD,1.08,Debit,En attente,46031.81,false,590.0,3,Standard,Livret A,Retrait DAB,Paris-Centre
TXN001172,CLI0126,45,2,2022-03-27 11:03:00,459.97,USD,1.08,Credit,Complete,4638.58,false,514.0,2,Risque,Livret A,Retrait DAB,Bordeaux-Meriadeck
TXN000252,CLI0112,45,1,2022-10-30 19:16:00,173.48,MAD,10.85,Credit,Complete,27862.57,false,636.0,3,Standard,Livret A,Retrait DAB,Marseille-Vieux-Port
TXN001911,CLI0047,44,3,2024-01-30 09:12:00,-1986.71,EUR,1.0,Debit,Complete,1562.45,false,397.0,2,Risque,Credit Immobilier,Prelevement,Lyon-Part-Dieu
TXN001500,CLI0002,21,3,2024-11-21 23:45:00,-544.74,EUR,1.0,Debit,En attente,3572.7,false,606.0,3,Standard,Credit Consommation,Depot especes,Lyon-Part-Dieu
TXN000213,CLI0147,59,6,2024-11-08 00:02:00,-2583.13,EUR,1.0,Debit,Complete,19210.68,false,812.0,1,Premium,Compte Courant,Prelevement,Nice-Massena
TXN001465,CLI0047,3,3,2023-06-19 16:59:00,-2922.35,EUR,1.0,Debit,Complete,24616.16,false,397.0,2,Risque,PEA,Prelevement,Lyon-Part-Dieu
TXN001890,CLI0070,64,8,2022-10-31 22:03:00,331.7,EUR,1.0,Credit,En attente,36078.78,true,645.0,2,Risque,Assurance Vie,Remboursement credit,Nantes-Commerce
TXN001922,CLI0129,49,7,2023-06-11 21:55:00,914.82,EUR,1.0,Credit,Complete,19823.54,false,573.0,2,Risque,Credit Immobilier,Virement,Paris-Centre
TXN000331,CLI0041,21,2,2022-10-27 23:46:00,-1476.34,EUR,1.0,Debit,Complete,11664.32,false,643.0,3,Standard,Credit Consommation,Depot especes,Bordeaux-Meriadeck
TXN000433,CLI0044,12,3,2022-11-04 05:55:00,1327.94,EUR,1.0,Credit,Complete,15544.96,false,469.0,2,Risque,Compte Courant,Virement international,Lyon-Part-Dieu
TXN000277,CLI0035,63,3,2024-09-30 11:48:00,1669.72,MAD,10.85,Credit,Complete,11293.64,false,600.0,3,Standard,Compte Epargne,Virement international,Lyon-Part-Dieu
TXN001832,CLI0139,51,1,2023-10-06 03:29:00,-26.91,EUR,1.0,Debit,En attente,13208.34,false,674.0,3,Standard,Assurance Vie,Retrait DAB,Marseille-Vieux-Port
TXN001336,CLI0094,12,7,2022-06-29 01:10:00,-7164.46,USD,1.08,Debit,Rejete,4209.05,true,435.0,2,Risque,Compte Courant,Virement international,Paris-Centre
TXN001671,CLI0039,31,4,2022-09-25 22:28:00,259.05,GBP,0.86,Credit,Complete,5251.45,false,645.0,3,Standard,Credit Immobilier,Retrait DAB,Lille-Grand-Place
TXN000292,CLI0020,53,2,2023-11-09 08:03:00,1545.44,EUR,1.0,Credit,Complete,11826.5,false,660.0,3,Standard,Compte Epargne,Interets,Bordeaux-Meriadeck
TXN000902,CLI0148,30,4,2024-12-25 03:17:00,128.7,EUR,1.0,Credit,Complete,5155.08,false,713.0,3,Standard,Compte Epargne,Paiement CB,Lille-Grand-Place
TXN000449,CLI0078,45,1,2022-12-25 03:23:00,396.77,EUR,1.0,Credit,Complete,1344.25,false,647.0,3,Standard,Livret A,Retrait DAB,Marseille-Vieux-Port
TXN001410,CLI0061,17,1,2023-07-06 16:14:00,-2972.47,EUR,1.0,Debit,Complete,41096.75,true,341.0,2,Risque,Compte Courant,Remboursement credit,Marseille-Vieux-Port
TXN001723,CLI0061,11,1,2023-09-25 06:07:00,309.26,CHF,0.97,Credit,Complete,9499.97,true,341.0,2,Risque,Compte Epargne,Retrait DAB,Marseille-Vieux-Port
TXN001549,CLI0064,51,4,2023-10-23 13:11:00,121.25,GBP,0.86,Credit,Complete,45607.28,false,800.0,1,Premium,Assurance Vie,Retrait DAB,Lille-Grand-Place
TXN000304,CLI0004,44,2,2022-10-25 01:42:00,-216.98,EUR,1.0,Debit,Rejete,34201.18,false,645.0,3,Standard,Credit Immobilier,Prelevement,Bordeaux-Meriadeck
TXN001512,CLI0150,40,8,2022-12-24 14:04:00,-528.16,EUR,1.0,Debit,Complete,45542.11,false,648.0,3,Standard,Credit Auto,Interets,Nantes-Commerce
TXN001760,CLI0013,22,5,2024-11-17 01:15:00,2105.82,EUR,1.0,Credit,Complete,37163.09,true,351.0,2,Risque,Compte Epargne,Prelevement,Toulouse-Capitole
TXN001929,CLI0122,9,2,2024-03-05 22:18:00,3353.38,USD,1.08,Credit,Complete,46792.33,false,824.0,1,Premium,Credit Consommation,Virement international,Bordeaux-Meriadeck
TXN000941,CLI0092,42,8,2022-11-20 09:04:00,-1626.55,GBP,0.86,Debit,Complete,2926.75,false,717.0,3,Standard,Assurance Vie,Prelevement,Nantes-Commerce
TXN000068,CLI0083,12,3,2022-05-20 15:28:00,5124.8,EUR,1.0,Credit,Complete,3802.11,true,643.0,3,Standard,Compte Courant,Virement international,Lyon-Part-Dieu
TXN000020,CLI0106,33,8,2024-01-11 19:48:00,-1520.55,EUR,1.0,Debit,Complete,27506.06,false,652.0,3,Standard,Compte Courant,Virement,Nantes-Commerce
TXN000325,CLI0116,15,6,2023-09-19 22:37:00,1388.68,EUR,1.0,Credit,Rejete,8515.11,false,620.0,3,Standard,PEA,Virement international,Nice-Massena
TXN001285,CLI0096,6,3,2023-04-06 23:58:00,425.61,EUR,1.0,Credit,Complete,37795.97,false,710.0,3,Standard,Compte Epargne,Remboursement credit,Lyon-Part-Dieu
TXN001953,CLI0048,7,5,2023-01-11 08:58:00,875.01,GBP,0.86,Credit,Complete,22084.42,false,670.0,3,Standard,Livret A,Remboursement credit,Toulouse-Capitole
TXN001434,CLI0023,49,1,2024-07-22 02:20:00,-2823.91,EUR,1.0,Debit,Complete,12775.94,false,636.0,3,Standard,Credit Immobilier,Virement,Marseille-Vieux-Port
TXN001425,CLI0100,59,4,2024-10-22 13:49:00,1680.02,EUR,1.0,Credit,Complete,9322.96,false,656.0,3,Standard,Compte Courant,Prelevement,Lille-Grand-Place
TXN001474,CLI0142,59,5,2023-08-04 11:28:00,-1896.89,EUR,1.0,Debit,Complete,22126.14,false,676.0,3,Standard,Compte Courant,Prelevement,Toulouse-Capitole
TXN000055,CLI0144,12,7,2024-04-21 11:55:00,5389.66,USD,1.08,Credit,Rejete,30060.46,true,361.0,2,Risque,Compte Courant,Virement international,Paris-Centre
TXN000964,CLI0096,10,3,2023-10-06 03:29:00,122.85,EUR,1.0,Credit,Complete,20466.06,false,710.0,3,Standard,PEA,Remboursement credit,Lyon-Part-Dieu
TXN000932,CLI0047,30,3,2023-10-06 03:29:00,187.09,EUR,1.0,Credit,Complete,1573.14,true,397.0,2,Risque,Compte Epargne,Paiement CB,Lyon-Part-Dieu
TXN001934,CLI0119,46,2,2024-02-25 00:09:00,-922.13,EUR,1.0,Debit,Complete,21200.29,false,793.0,1,Premium,PEA,Depot especes,Bordeaux-Meriadeck
TXN000151,CLI0128,48,1,2024-08-19 10:58:00,-649.23,EUR,1.0,Debit,Complete,11141.58,false,683.0,3,Standard,Compte Courant,Interets,Marseille-Vieux-Port
TXN001713,CLI0030,20,3,2024-10-04 08:06:00,-2491.64,EUR,1.0,Debit,Complete,27988.64,false,391.0,2,Risque,PEA,Virement,Lyon-Part-Dieu
TXN001122,CLI0025,5,3,2023-02-06 04:14:00,1568.47,EUR,1.0,Credit,Complete,4201.23,false,688.0,3,Standard,Credit Immobilier,Interets,Lyon-Part-Dieu
TXN001722,CLI0048,58,5,2024-03-08 21:48:00,133.54,EUR,1.0,Credit,Complete,21075.79,false,670.0,3,Standard,Credit Auto,Depot especes,Toulouse-Capitole
TXN001131,CLI0135,21,8,2024-12-22 16:03:00,-2410.77,EUR,1.0,Debit,Complete,49859.02,false,593.0,3,Standard,Credit Consommation,Depot especes,Nantes-Commerce
TXN000744,CLI0134,61,6,2024-08-27 10:38:00,-226.14,CHF,0.97,Debit,Rejete,40860.67,false,600.0,3,Standard,PEA,Paiement CB,Nice-Massena
TXN001744,CLI0068,6,3,2022-08-09 00:19:00,-734.37,EUR,1.0,Debit,Complete,34688.01,false,605.0,3,Standard,Compte Epargne,Remboursement credit,Lyon-Part-Dieu
TXN000750,CLI0078,32,1,2024-07-02 03:30:00,-2004.79,EUR,1.0,Debit,Complete,47216.07,false,647.0,3,Standard,Credit Consommation,Interets,Marseille-Vieux-Port
TXN000756,CLI0094,46,7,2023-03-31 03:25:00,77.11,EUR,1.0,Credit,Complete,47150.21,false,435.0,2,Risque,PEA,Depot especes,Paris-Centre
TXN001049,CLI0137,64,1,2022-06-13 04:00:00,1044.49,GBP,0.86,Credit,Complete,40660.47,false,725.0,1,Premium,Assurance Vie,Remboursement credit,Marseille-Vieux-Port
TXN000812,CLI0076,24,3,2022-01-22 11:14:00,-5897.72,MAD,10.85,Debit,Rejete,26915.7,true,326.0,2,Risque,Assurance Vie,Virement international,Lyon-Part-Dieu
TXN000662,CLI0001,40,4,2022-01-20 21:11:00,1268.83,EUR,1.0,Credit,Complete,26952.76,false,586.0,3,Standard,Credit Auto,Interets,Lille-Grand-Place
TXN001558,CLI0119,10,2,2024-09-04 21:40:00,-197.57,EUR,1.0,Debit,Complete,5983.91,false,793.0,1,Premium,PEA,Remboursement credit,Bordeaux-Meriadeck
TXN001886,CLI0063,54,7,2024-11-20 08:43:00,-696.4,EUR,1.0,Debit,Complete,12291.49,true,426.0,2,Risque,Livret A,Virement,Paris-Centre
TXN001107,CLI0148,63,4,2024-06-04 00:25:00,-4682.96,EUR,1.0,Debit,Complete,11338.97,false,713.0,3,Standard,Compte Epargne,Virement international,Lille-Grand-Place
TXN000256,CLI0085,51,5,2024-08-31 08:57:00,-198.77,EUR,1.0,Debit,Complete,42158.04,true,390.0,2,Risque,Assurance Vie,Retrait DAB,Toulouse-Capitole
TXN000935,CLI0010,3,3,2024-02-06 19:40:00,2530.0,EUR,1.0,Credit,Complete,22530.53,false,816.0,1,Premium,PEA,Prelevement,Lyon-Part-Dieu
TXN000870,CLI0101,8,1,2022-11-22 10:13:00,-64.76,GBP,0.86,Debit,Complete,29705.08,false,655.0,3,Standard,Compte Courant,Paiement CB,Marseille-Vieux-Port
TXN001903,CLI0103,1,7,2023-07-20 02:59:00,-1883.13,GBP,0.86,Debit,Complete,22155.69,false,683.0,3,Standard,Compte Epargne,Depot especes,Paris-Centre
TXN000893,CLI0106,56,8,2024-12-04 16:15:00,1754.76,USD,1.08,Credit,Complete,36570.14,false,652.0,3,Standard,Assurance Vie,Interets,Nantes-Commerce
TXN000874,CLI0024,22,3,2024-01-11 06:25:00,346.98,EUR,1.0,Credit,Complete,47964.94,false,592.0,3,Standard,Compte Epargne,Prelevement,Lyon-Part-Dieu
TXN000614,CLI0048,11,5,2023-06-16 21:06:00,-228.22,EUR,1.0,Debit,Complete,8669.59,false,670.0,3,Standard,Compte Epargne,Retrait DAB,Toulouse-Capitole
TXN001404,CLI0087,33,5,2022-01-24 00:49:00,-2011.4,EUR,1.0,Debit,Complete,8329.7,false,607.0,3,Standard,Compte Courant,Virement,Toulouse-Capitole
TXN001101,CLI0006,46,5,2022-05-20 22:45:00,2230.22,USD,1.08,Credit,En attente,22347.43,false,620.0,3,Standard,PEA,Depot especes,Toulouse-Capitole
TXN000389,CLI0097,26,4,2023-05-29 01:31:00,5711.68,USD,1.08,Credit,Complete,9412.67,true,397.0,2,Risque,Credit Auto,Virement international,Lille-Grand-Place
TXN000937,CLI0050,3,3,2022-07-17 06:02:00,2439.53,EUR,1.0,Credit,Complete,28457.92,false,666.0,3,Standard,PEA,Prelevement,Lyon-Part-Dieu
TXN000407,CLI0101,5,1,2024-10-30 02:14:00,1324.21,USD,1.08,Credit,Complete,4219.0,false,655.0,3,Standard,Credit Immobilier,Interets,Marseille-Vieux-Port
TXN001316,CLI0105,46,6,2024-10-20 04:51:00,-157.43,EUR,1.0,Debit,Complete,5865.26,false,634.0,3,Standard,PEA,Depot especes,Nice-Massena
TXN000795,CLI0100,21,4,2022-08-09 00:08:00,-508.85,EUR,1.0,Debit,Complete,41508.8,false,656.0,3,Standard,Credit Consommation,Depot especes,Lille-Grand-Place
TXN000716,CLI0134,22,6,2023-09-24 14:03:00,-1814.71,EUR,1.0,Debit,Complete,46448.15,false,600.0,3,Standard,Compte Epargne,Prelevement,Nice-Massena
TXN001135,CLI0037,32,4,2023-05-12 12:50:00,-520.36,GBP,0.86,Debit,Complete,17585.33,false,622.0,3,Standard,Credit Consommation,Interets,Lille-Grand-Place
TXN001649,CLI0073,3,1,2023-09-07 20:39:00,2734.08,EUR,1.0,Credit,En attente,30868.31,false,645.0,1,Premium,PEA,Prelevement,Marseille-Vieux-Port
TXN001024,CLI0086,63,5,2022-12-13 18:46:00,-7565.55,CHF,0.97,Debit,Complete,33419.35,true,805.0,1,Premium,Compte Epargne,Virement international,Toulouse-Capitole
TXN001056,CLI0063,49,7,2024-08-26 06:48:00,-2809.66,EUR,1.0,Debit,Complete,33604.84,true,426.0,2,Risque,Credit Immobilier,Virement,Paris-Centre
TXN001801,CLI0044,22,3,2022-03-06 05:25:00,-461.65,GBP,0.86,Debit,Complete,27688.56,false,469.0,2,Risque,Compte Epargne,Prelevement,Lyon-Part-Dieu
TXN000247,CLI0044,27,3,2024-08-27 03:19:00,-396.74,MAD,10.85,Debit,Complete,27251.89,false,469.0,2,Risque,Assurance Vie,Paiement CB,Lyon-Part-Dieu
TXN000146,CLI0122,11,8,2023-09-08 22:09:00,406.77,GBP,0.86,Credit,Rejete,27908.61,false,824.0,1,Premium,Compte Epargne,Retrait DAB,Nantes-Commerce
TXN001919,CLI0015,45,3,2024-04-30 03:27:00,33.2,EUR,1.0,Credit,Complete,23552.08,false,648.0,3,Standard,Livret A,Retrait DAB,Lyon-Part-Dieu
TXN001153,CLI0083,47,3,2022-03-25 07:35:00,94.41,EUR,1.0,Credit,Complete,41679.07,false,643.0,3,Standard,Compte Courant,Retrait DAB,Lyon-Part-Dieu
TXN001891,CLI0036,42,1,2022-11-08 04:41:00,-706.35,USD,1.08,Debit,Rejete,7549.66,false,572.0,2,Risque,Assurance Vie,Prelevement,Marseille-Vieux-Port
TXN000623,CLI0042,19,2,2022-06-26 21:30:00,-81.97,EUR,1.0,Debit,Complete,20857.62,false,638.0,3,Standard,Credit Auto,Retrait DAB,Bordeaux-Meriadeck
TXN000461,CLI0103,10,7,2023-05-15 17:10:00,-2922.98,EUR,1.0,Debit,Complete,34733.59,false,683.0,3,Standard,PEA,Remboursement credit,Paris-Centre
TXN000487,CLI0083,8,3,2023-10-06 03:29:00,-49.95,EUR,1.0,Debit,Complete,40658.76,false,643.0,3,Standard,Compte Courant,Paiement CB,Lyon-Part-Dieu
TXN001956,CLI0058,60,1,2022-11-20 15:11:00,-1645.71,EUR,1.0,Debit,Complete,11188.21,false,704.0,3,Standard,Livret A,Depot especes,Marseille-Vieux-Port
TXN000091,CLI0112,64,1,2024-03-02 10:11:00,-1513.8,USD,1.08,Debit,Complete,36381.36,false,636.0,3,Standard,Assurance Vie,Remboursement credit,Marseille-Vieux-Port
TXN001230,CLI0122,4,8,2023-11-10 22:12:00,452.89,EUR,1.0,Credit,Complete,30508.42,false,824.0,1,Premium,Credit Consommation,Paiement CB,Nantes-Commerce
TXN000171,CLI0052,32,2,2024-03-26 10:18:00,2217.88,EUR,1.0,Credit,Complete,14086.98,false,838.0,1,Premium,Credit Consommation,Interets,Bordeaux-Meriadeck
TXN001646,CLI0127,3,6,2023-01-27 04:29:00,-1805.13,USD,1.08,Debit,Complete,29535.37,false,645.0,3,Standard,PEA,Prelevement,Nice-Massena
TXN000057,CLI0072,47,1,2022-02-23 19:59:00,335.76,GBP,0.86,Credit,Complete,35164.67,false,606.0,3,Standard,Compte Courant,Retrait DAB,Marseille-Vieux-Port
TXN000405,CLI0112,17,1,2022-09-04 07:47:00,1975.7,CHF,0.97,Credit,Complete,31646.46,false,636.0,3,Standard,Compte Courant,Remboursement credit,Marseille-Vieux-Port
TXN001266,CLI0028,32,3,2022-05-28 22:19:00,-763.41,EUR,1.0,Debit,Complete,4919.7,false,667.0,3,Standard,Credit Consommation,Interets,Lyon-Part-Dieu
TXN000600,CLI0113,62,3,2022-04-22 07:11:00,-155.79,EUR,1.0,Debit,Complete,49760.57,false,643.0,3,Standard,Credit Auto,Virement,Lyon-Part-Dieu
TXN001016,CLI0031,57,2,2024-02-12 12:45:00,-247.75,EUR,1.0,Debit,Complete,44175.95,false,559.0,2,Risque,PEA,Retrait DAB,Bordeaux-Meriadeck
TXN001371,CLI0041,45,2,2022-12-11 05:41:00,460.72,EUR,1.0,Credit,Complete,940.59,false,643.0,3,Standard,Livret A,Retrait DAB,Bordeaux-Meriadeck
TXN000098,CLI0052,52,2,2022-06-01 14:11:00,-2701.1,EUR,1.0,Debit,Complete,48381.31,false,838.0,1,Premium,Livret A,Prelevement,Bordeaux-Meriadeck
TXN000827,CLI0106,26,8,2023-05-19 12:26:00,-4484.85,EUR,1.0,Debit,Complete,41088.07,false,652.0,3,Standard,Credit Auto,Virement international,Nantes-Commerce
TXN001141,CLI0065,9,2,2022-07-27 22:51:00,3987.28,EUR,1.0,Credit,Complete,33314.86,false,645.0,3,Standard,Credit Consommation,Virement international,Bordeaux-Meriadeck
TXN001226,CLI0128,7,1,2022-11-24 15:42:00,226.29,EUR,1.0,Credit,Rejete,35330.6,false,683.0,3,Standard,Livret A,Remboursement credit,Marseille-Vieux-Port
TXN001932,CLI0029,38,7,2022-06-06 14:58:00,1503.4,EUR,1.0,Credit,Complete,18668.59,false,696.0,3,Standard,Credit Immobilier,Depot especes,Paris-Centre
TXN000480,CLI0078,56,1,2024-12-26 07:24:00,-2066.35,USD,1.08,Debit,Complete,43526.86,false,647.0,3,Standard,Assurance Vie,Interets,Marseille-Vieux-Port
TXN000324,CLI0149,35,6,2024-01-02 04:42:00,-1983.65,MAD,10.85,Debit,En attente,15957.52,false,575.0,2,Risque,Livret A,Interets,Nice-Massena
TXN001218,CLI0076,28,3,2023-08-08 06:27:00,-790.3,EUR,1.0,Debit,Complete,32776.62,true,326.0,2,Risque,Credit Consommation,Remboursement credit,Lyon-Part-Dieu
TXN001468,CLI0031,53,2,2022-05-06 12:55:00,-2817.67,EUR,1.0,Debit,Complete,40399.52,false,559.0,2,Risque,Compte Epargne,Interets,Bordeaux-Meriadeck
TXN001849,CLI0035,13,3,2023-06-15 21:17:00,-1387.2,EUR,1.0,Debit,Complete,39732.92,false,600.0,3,Standard,Credit Consommation,Prelevement,Lyon-Part-Dieu
TXN001479,CLI0093,7,1,2023-11-11 21:29:00,-1729.12,EUR,1.0,Debit,Complete,44998.36,false,786.0,1,Premium,Livret A,Remboursement credit,Marseille-Vieux-Port
TXN001553,CLI0022,48,5,2024-10-28 20:37:00,2895.52,MAD,10.85,Credit,Complete,42584.89,false,787.0,3,Standard,Compte Courant,Interets,Toulouse-Capitole
TXN001838,CLI0006,44,5,2023-05-09 18:05:00,80.78,EUR,1.0,Credit,Complete,49239.47,false,620.0,3,Standard,Credit Immobilier,Prelevement,Toulouse-Capitole
TXN001575,CLI0098,50,2,2022-05-25 15:05:00,1296.32,EUR,1.0,Credit,Complete,26937.09,false,580.0,3,Standard,Credit Consommation,Virement,Bordeaux-Meriadeck
TXN000099,CLI0082,36,7,2023-08-18 09:54:00,1428.54,USD,1.08,Credit,Complete,25486.91,false,813.0,1,Premium,Credit Immobilier,Virement international,Paris-Centre
TXN000425,CLI0100,48,4,2022-12-02 06:14:00,145.08,EUR,1.0,Credit,En attente,47514.88,false,656.0,3,Standard,Compte Courant,Interets,Lille-Grand-Place
TXN000297,CLI0028,54,3,2023-10-06 03:29:00,2164.73,CHF,0.97,Credit,Complete,9876.48,false,667.0,3,Standard,Livret A,Virement,Lyon-Part-Dieu
TXN000738,CLI0137,10,1,2024-04-22 23:55:00,312.18,EUR,1.0,Credit,Complete,13524.16,false,725.0,1,Premium,PEA,Remboursement credit,Marseille-Vieux-Port
TXN001941,CLI0033,11,3,2024-06-02 23:32:00,421.23,CHF,0.97,Credit,En attente,34734.72,false,584.0,3,Standard,Compte Epargne,Retrait DAB,Lyon-Part-Dieu
TXN000903,CLI0069,48,1,2023-02-21 11:40:00,899.58,EUR,1.0,Credit,Complete,25211.68,false,647.0,3,Standard,Compte Courant,Interets,Marseille-Vieux-Port
TXN000602,CLI0073,55,1,2024-11-07 08:36:00,2678.14,GBP,0.86,Credit,Complete,28582.31,false,645.0,1,Premium,Compte Courant,Depot especes,Marseille-Vieux-Port
TXN001000,CLI0105,30,6,2024-12-28 16:15:00,203.56,EUR,1.0,Credit,Rejete,38158.75,false,634.0,3,Standard,Compte Epargne,Paiement CB,Nice-Massena
TXN001858,CLI0072,13,1,2024-10-10 22:37:00,-2524.65,EUR,1.0,Debit,Complete,18624.45,false,606.0,3,Standard,Credit Consommation,Prelevement,Marseille-Vieux-Port
TXN000396,CLI0069,50,1,2023-09-15 02:13:00,-2883.73,USD,1.08,Debit,Complete,9554.07,false,647.0,3,Standard,Credit Consommation,Virement,Marseille-Vieux-Port
TXN000427,CLI0064,6,4,2022-03-27 19:47:00,2481.77,EUR,1.0,Credit,Complete,37149.15,false,800.0,1,Premium,Compte Epargne,Remboursement credit,Lille-Grand-Place
TXN001854,CLI0017,32,2,2024-08-20 14:41:00,2254.87,EUR,1.0,Credit,Complete,10801.01,false,649.0,3,Standard,Credit Consommation,Interets,Bordeaux-Meriadeck
TXN001584,CLI0018,10,2,2022-06-11 05:17:00,-2141.97,EUR,1.0,Debit,En attente,42604.16,true,328.0,2,Risque,PEA,Remboursement credit,Bordeaux-Meriadeck
TXN001550,CLI0115,49,5,2023-06-25 05:56:00,1320.82,EUR,1.0,Credit,Complete,23416.7,false,709.0,3,Standard,Credit Immobilier,Virement,Toulouse-Capitole
TXN001556,CLI0122,24,8,2022-07-11 05:53:00,1673.53,EUR,1.0,Credit,Complete,4666.04,false,824.0,1,Premium,Assurance Vie,Virement international,Nantes-Commerce
TXN001039,CLI0089,56,2,2024-08-01 00:42:00,485.1,EUR,1.0,Credit,Complete,9311.22,false,638.0,3,Standard,Assurance Vie,Interets,Bordeaux-Meriadeck
TXN000253,CLI0142,63,5,2024-11-30 14:58:00,7013.04,GBP,0.86,Credit,Complete,7567.15,true,676.0,3,Standard,Compte Epargne,Virement international,Toulouse-Capitole
TXN000239,CLI0146,62,5,2023-10-14 19:14:00,-1936.96,EUR,1.0,Debit,Complete,37292.63,false,583.0,3,Standard,Credit Auto,Virement,Toulouse-Capitole
TXN001145,CLI0111,16,7,2023-01-06 00:40:00,-2840.55,EUR,1.0,Debit,Complete,36479.96,false,645.0,3,Standard,Compte Epargne,Virement,Paris-Centre
TXN000845,CLI0141,42,4,2024-07-20 10:10:00,-2805.47,EUR,1.0,Debit,Complete,17733.09,false,726.0,1,Premium,Assurance Vie,Prelevement,Lille-Grand-Place
TXN001310,CLI0046,29,2,2024-05-16 05:15:00,28.25,EUR,1.0,Credit,Complete,5165.36,false,841.0,1,Premium,Livret A,Paiement CB,Bordeaux-Meriadeck
TXN000846,CLI0019,58,4,2024-08-01 08:30:00,2936.53,USD,1.08,Credit,Complete,7108.32,false,505.0,2,Risque,Credit Auto,Depot especes,Lille-Grand-Place
TXN000555,CLI0110,19,2,2024-09-01 21:23:00,106.06,GBP,0.86,Credit,Complete,19878.85,false,629.0,3,Standard,Credit Auto,Retrait DAB,Bordeaux-Meriadeck
TXN001221,CLI0082,32,7,2024-09-10 11:31:00,-935.73,EUR,1.0,Debit,Complete,8610.59,false,813.0,1,Premium,Credit Consommation,Interets,Paris-Centre
TXN001370,CLI0018,3,2,2022-01-09 03:57:00,-1457.08,CHF,0.97,Debit,Complete,5433.86,false,328.0,2,Risque,PEA,Prelevement,Bordeaux-Meriadeck
TXN000546,CLI0114,36,8,2023-09-16 00:47:00,-6553.68,EUR,1.0,Debit,Complete,15440.67,true,838.0,1,Premium,Credit Immobilier,Virement international,Nantes-Commerce
TXN000251,CLI0129,38,7,2024-07-08 05:10:00,2917.89,EUR,1.0,Credit,Complete,4010.59,false,573.0,2,Risque,Credit Immobilier,Depot especes,Paris-Centre
TXN000740,CLI0111,60,7,2023-01-17 22:08:00,-634.16,EUR,1.0,Debit,Complete,40737.09,false,645.0,3,Standard,Livret A,Depot especes,Paris-Centre
TXN000965,CLI0096,5,3,2023-08-26 19:01:00,-522.92,CHF,0.97,Debit,En attente,1374.21,false,710.0,3,Standard,Credit Immobilier,Interets,Lyon-Part-Dieu
TXN001670,CLI0093,2,1,2022-09-17 23:40:00,-372.7,USD,1.08,Debit,Rejete,13922.21,false,786.0,1,Premium,Credit Consommation,Retrait DAB,Marseille-Vieux-Port
TXN000199,CLI0060,28,1,2022-07-14 00:13:00,-1456.58,USD,1.08,Debit,Complete,22308.84,false,645.0,1,Premium,Credit Consommation,Remboursement credit,Marseille-Vieux-Port
TXN001437,CLI0136,5,7,2023-12-03 09:15:00,1456.82,USD,1.08,Credit,Complete,10676.84,false,590.0,3,Standard,Credit Immobilier,Interets,Paris-Centre
TXN001510,CLI0069,6,1,2024-08-06 23:47:00,-2653.39,EUR,1.0,Debit,Complete,47100.73,false,647.0,3,Standard,Compte Epargne,Remboursement credit,Marseille-Vieux-Port
TXN001455,CLI0013,24,5,2023-07-28 08:01:00,-7186.6,EUR,1.0,Debit,Complete,3003.28,true,351.0,2,Risque,Assurance Vie,Virement international,Toulouse-Capitole
TXN000898,CLI0148,44,4,2022-08-08 23:07:00,759.66,EUR,1.0,Credit,Complete,23864.4,false,713.0,3,Standard,Credit Immobilier,Prelevement,Lille-Grand-Place
TXN001823,CLI0112,1,1,2022-05-09 10:11:00,410.57,EUR,1.0,Credit,Complete,33078.6,false,636.0,3,Standard,Compte Epargne,Depot especes,Marseille-Vieux-Port
TXN001794,CLI0103,28,7,2023-12-26 18:53:00,-327.89,USD,1.08,Debit,Complete,25410.77,false,683.0,3,Standard,Credit Consommation,Remboursement credit,Paris-Centre
TXN001041,CLI0121,7,1,2024-08-25 21:24:00,2502.47,USD,1.08,Credit,Complete,15986.0,false,645.0,1,Premium,Livret A,Remboursement credit,Marseille-Vieux-Port
TXN001183,CLI0066,7,6,2023-08-10 09:54:00,-1731.82,EUR,1.0,Debit,Complete,44291.42,false,656.0,3,Standard,Livret A,Remboursement credit,Nice-Massena
TXN000244,CLI0024,63,3,2024-09-15 22:01:00,3564.32,EUR,1.0,Credit,Complete,5152.76,false,592.0,3,Standard,Compte Epargne,Virement international,Lyon-Part-Dieu
TXN000067,CLI0051,58,1,2022-06-04 05:49:00,-1902.45,EUR,1.0,Debit,Complete,44114.2,false,645.0,1,Premium,Credit Auto,Depot especes,Marseille-Vieux-Port
TXN000934,CLI0061,52,1,2022-12-23 23:57:00,1183.05,CHF,0.97,Credit,Complete,12599.14,true,341.0,2,Risque,Livret A,Prelevement,Marseille-Vieux-Port
TXN000360,CLI0011,56,2,2023-10-08 15:57:00,2956.82,EUR,1.0,Credit,Complete,49221.29,false,672.0,3,Standard,Assurance Vie,Interets,Bordeaux-Meriadeck
TXN000096,CLI0095,24,8,2022-06-07 18:08:00,-4329.79,EUR,1.0,Debit,Complete,5761.09,false,668.0,3,Standard,Assurance Vie,Virement international,Nantes-Commerce
TXN001656,CLI0039,47,4,2023-09-23 10:54:00,-65.72,USD,1.08,Debit,Complete,32193.24,false,645.0,3,Standard,Compte Courant,Retrait DAB,Lille-Grand-Place
TXN001529,CLI0092,12,8,2024-03-04 09:48:00,-7407.36,EUR,1.0,Debit,Complete,3839.96,true,717.0,3,Standard,Compte Courant,Virement international,Nantes-Commerce
TXN001497,CLI0019,57,4,2022-08-26 10:55:00,-172.34,EUR,1.0,Debit,Complete,1786.09,false,505.0,2,Risque,PEA,Retrait DAB,Lille-Grand-Place
TXN001602,CLI0036,30,1,2022-03-16 02:55:00,369.87,EUR,1.0,Credit,Complete,8833.97,false,572.0,2,Risque,Compte Epargne,Paiement CB,Marseille-Vieux-Port
TXN000522,CLI0017,45,2,2024-07-26 02:05:00,-207.53,CHF,0.97,Debit,Complete,13869.54,false,649.0,3,Standard,Livret A,Retrait DAB,Bordeaux-Meriadeck
TXN001918,CLI0031,33,2,2022-12-07 17:33:00,2044.19,EUR,1.0,Credit,Complete,38991.54,false,559.0,2,Risque,Compte Courant,Virement,Bordeaux-Meriadeck
TXN001555,CLI0060,48,1,2024-02-05 14:59:00,-84.03,MAD,10.85,Debit,Complete,2436.43,false,645.0,1,Premium,Compte Courant,Interets,Marseille-Vieux-Port
TXN001433,CLI0033,28,3,2022-02-06 01:12:00,-2630.75,USD,1.08,Debit,Complete,19951.73,false,584.0,3,Standard,Credit Consommation,Remboursement credit,Lyon-Part-Dieu
TXN000975,CLI0091,5,8,2023-10-06 03:29:00,1335.29,CHF,0.97,Credit,Complete,36213.0,false,442.0,2,Risque,Credit Immobilier,Interets,Nantes-Commerce
TXN000666,CLI0054,49,2,2024-03-22 03:55:00,-868.18,EUR,1.0,Debit,Complete,33025.94,true,347.0,3,Standard,Credit Immobilier,Virement,Bordeaux-Meriadeck
TXN000362,CLI0045,32,2,2024-11-27 14:20:00,-2083.17,MAD,10.85,Debit,Complete,5127.32,false,704.0,3,Standard,Credit Consommation,Interets,Bordeaux-Meriadeck
TXN001457,CLI0122,64,8,2022-11-26 18:44:00,-2800.83,CHF,0.97,Debit,Complete,46835.07,false,824.0,1,Premium,Assurance Vie,Remboursement credit,Nantes-Commerce
TXN001456,CLI0115,60,5,2024-04-23 21:08:00,-1809.12,USD,1.08,Debit,Complete,24655.5,false,709.0,3,Standard,Livret A,Depot especes,Toulouse-Capitole
TXN000485,CLI0056,44,5,2022-09-03 02:54:00,-1833.82,USD,1.08,Debit,En attente,34813.12,true,384.0,2,Risque,Credit Immobilier,Prelevement,Toulouse-Capitole
TXN001176,CLI0137,16,1,2023-09-13 12:12:00,-1087.71,EUR,1.0,Debit,Complete,26246.82,false,725.0,1,Premium,Compte Epargne,Virement,Marseille-Vieux-Port
TXN001352,CLI0013,59,5,2023-07-15 17:52:00,2703.51,GBP,0.86,Credit,Complete,47634.6,true,351.0,2,Risque,Compte Courant,Prelevement,Toulouse-Capitole
TXN001281,CLI0004,44,2,2023-06-29 18:33:00,76.13,EUR,1.0,Credit,Complete,12259.44,false,645.0,3,Standard,Credit Immobilier,Prelevement,Bordeaux-Meriadeck
TXN000312,CLI0024,26,3,2023-03-13 21:21:00,-2782.32,EUR,1.0,Debit,Rejete,41202.05,false,592.0,3,Standard,Credit Auto,Virement international,Lyon-Part-Dieu
TXN001837,CLI0023,15,1,2022-02-12 23:29:00,-7697.24,USD,1.08,Debit,Complete,33699.39,true,636.0,3,Standard,PEA,Virement international,Marseille-Vieux-Port
TXN001329,CLI0063,19,7,2024-06-07 15:17:00,-177.51,GBP,0.86,Debit,Rejete,49566.51,true,426.0,2,Risque,Credit Auto,Retrait DAB,Paris-Centre
TXN001809,CLI0012,10,4,2023-12-04 13:35:00,-2712.04,EUR,1.0,Debit,Complete,47005.93,false,778.0,1,Premium,PEA,Remboursement credit,Lille-Grand-Place
TXN000843,CLI0129,63,7,2022-09-26 10:18:00,3010.47,EUR,1.0,Credit,Complete,35666.85,false,573.0,2,Risque,Compte Epargne,Virement international,Paris-Centre
TXN000414,CLI0037,41,4,2024-12-14 01:16:00,-552.44,EUR,1.0,Debit,Complete,32772.42,false,622.0,3,Standard,Assurance Vie,Virement,Lille-Grand-Place
TXN001158,CLI0142,45,5,2022-04-19 14:39:00,230.18,EUR,1.0,Credit,Rejete,8649.92,false,676.0,3,Standard,Livret A,Retrait DAB,Toulouse-Capitole
TXN000032,CLI0098,47,2,2022-10-21 07:29:00,-326.19,EUR,1.0,Debit,En attente,23316.14,false,580.0,3,Standard,Compte Courant,Retrait DAB,Bordeaux-Meriadeck
TXN000766,CLI0023,35,1,2024-02-22 08:40:00,-1976.93,GBP,0.86,Debit,Complete,6190.37,false,636.0,3,Standard,Livret A,Interets,Marseille-Vieux-Port
TXN001807,CLI0129,48,7,2022-02-09 20:07:00,-1615.92,CHF,0.97,Debit,Complete,31588.07,false,573.0,2,Risque,Compte Courant,Interets,Paris-Centre
TXN000459,CLI0085,36,5,2022-03-03 02:30:00,-1080.52,EUR,1.0,Debit,Complete,17495.91,true,390.0,2,Risque,Credit Immobilier,Virement international,Toulouse-Capitole
TXN001186,CLI0129,51,7,2023-10-14 01:36:00,-26.82,USD,1.08,Debit,En attente,17570.85,false,573.0,2,Risque,Assurance Vie,Retrait DAB,Paris-Centre
TXN000340,CLI0043,9,2,2022-05-21 07:24:00,-3206.6,CHF,0.97,Debit,Complete,45476.03,false,735.0,1,Premium,Credit Consommation,Virement international,Bordeaux-Meriadeck
TXN000287,CLI0070,14,8,2024-09-06 13:41:00,-2664.07,USD,1.08,Debit,Complete,3026.46,true,645.0,2,Risque,Credit Immobilier,Remboursement credit,Nantes-Commerce
TXN001273,CLI0129,60,7,2024-03-05 17:41:00,-2186.78,EUR,1.0,Debit,Complete,24605.84,false,573.0,2,Risque,Livret A,Depot especes,Paris-Centre
TXN000950,CLI0140,51,1,2024-01-02 07:28:00,362.3,EUR,1.0,Credit,Complete,12285.87,false,609.0,3,Standard,Assurance Vie,Retrait DAB,Marseille-Vieux-Port
TXN001604,CLI0141,48,4,2022-11-18 18:13:00,-2951.05,EUR,1.0,Debit,Complete,27896.59,false,726.0,1,Premium,Compte Courant,Interets,Lille-Grand-Place
TXN000140,CLI0058,16,1,2023-09-04 14:43:00,-2171.33,USD,1.08,Debit,Complete,12450.85,false,704.0,3,Standard,Compte Epargne,Virement,Marseille-Vieux-Port
TXN000849,CLI0063,54,7,2022-08-04 09:24:00,-516.71,EUR,1.0,Debit,Complete,43720.53,true,426.0,2,Risque,Livret A,Virement,Paris-Centre
TXN001688,CLI0129,14,7,2022-05-11 13:13:00,-2722.54,MAD,10.85,Debit,Complete,18559.96,false,573.0,2,Risque,Credit Immobilier,Remboursement credit,Paris-Centre
TXN001026,CLI0130,43,3,2022-01-07 09:17:00,-1703.65,EUR,1.0,Debit,Complete,34844.98,false,586.0,3,Standard,Credit Auto,Remboursement credit,Lyon-Part-Dieu
TXN001761,CLI0013,13,5,2022-04-12 15:18:00,2096.08,EUR,1.0,Credit,Complete,17690.84,true,351.0,2,Risque,Credit Consommation,Prelevement,Toulouse-Capitole
TXN001232,CLI0126,56,2,2023-06-29 02:28:00,-1199.25,EUR,1.0,Debit,Complete,18252.74,false,514.0,2,Risque,Assurance Vie,Interets,Bordeaux-Meriadeck
TXN001654,CLI0086,9,5,2022-11-26 20:22:00,-6661.85,EUR,1.0,Debit,Rejete,15723.87,true,805.0,1,Premium,Credit Consommation,Virement international,Toulouse-Capitole
TXN001139,CLI0044,39,3,2023-04-06 16:06:00,311.29,USD,1.08,Credit,Complete,42513.27,false,469.0,2,Risque,PEA,Interets,Lyon-Part-Dieu
TXN000901,CLI0071,32,7,2022-08-12 21:03:00,1956.72,EUR,1.0,Credit,Complete,44763.42,false,797.0,1,Premium,Credit Consommation,Interets,Paris-Centre
TXN000732,CLI0117,18,4,2024-09-11 02:21:00,-85.6,EUR,1.0,Debit,En attente,308.61,false,645.0,3,Standard,Credit Immobilier,Paiement CB,Lille-Grand-Place
TXN001900,CLI0061,50,1,2023-02-24 23:19:00,-1500.86,EUR,1.0,Debit,Complete,48059.02,true,341.0,2,Risque,Credit Consommation,Virement,Marseille-Vieux-Port
TXN000265,CLI0073,27,1,2024-09-13 02:21:00,494.41,USD,1.08,Credit,Complete,35583.58,false,645.0,1,Premium,Assurance Vie,Paiement CB,Marseille-Vieux-Port
TXN000275,CLI0136,57,7,2022-01-09 20:46:00,139.44,EUR,1.0,Credit,Complete,5225.14,false,590.0,3,Standard,PEA,Retrait DAB,Paris-Centre
TXN001095,CLI0101,43,1,2024-04-07 01:26:00,1093.16,EUR,1.0,Credit,Complete,1072.03,false,655.0,3,Standard,Credit Auto,Remboursement credit,Marseille-Vieux-Port
TXN001665,CLI0081,48,5,2024-08-21 05:45:00,-2087.66,USD,1.08,Debit,Complete,37545.58,false,645.0,3,Standard,Compte Courant,Interets,Toulouse-Capitole
TXN000445,CLI0087,39,5,2022-03-14 20:08:00,1470.41,CHF,0.97,Credit,Complete,40726.91,false,607.0,3,Standard,PEA,Interets,Toulouse-Capitole
TXN000040,CLI0094,42,7,2022-01-29 08:34:00,-414.59,USD,1.08,Debit,Complete,41138.62,false,435.0,2,Risque,Assurance Vie,Prelevement,Paris-Centre
TXN001123,CLI0025,64,3,2022-08-04 07:14:00,789.48,EUR,1.0,Credit,Complete,48700.44,false,688.0,3,Standard,Assurance Vie,Remboursement credit,Lyon-Part-Dieu
TXN001265,CLI0105,59,6,2024-07-18 04:53:00,2097.13,EUR,1.0,Credit,En attente,48467.1,false,634.0,3,Standard,Compte Courant,Prelevement,Nice-Massena
TXN000022,CLI0004,64,2,2022-08-21 14:07:00,-1960.74,EUR,1.0,Debit,Complete,13743.9,false,645.0,3,Standard,Assurance Vie,Remboursement credit,Bordeaux-Meriadeck
TXN000706,CLI0122,34,8,2023-09-28 18:12:00,1532.3,EUR,1.0,Credit,Complete,49555.15,false,824.0,1,Premium,Assurance Vie,Depot especes,Nantes-Commerce
TXN001439,CLI0149,37,6,2023-08-09 18:11:00,2808.14,GBP,0.86,Credit,Rejete,29186.67,false,575.0,2,Risque,Credit Auto,Prelevement,Nice-Massena
TXN000518,CLI0086,33,5,2024-01-16 01:07:00,-1179.72,EUR,1.0,Debit,Complete,8845.84,false,805.0,1,Premium,Compte Courant,Virement,Toulouse-Capitole
TXN001174,CLI0112,6,1,2022-02-18 15:06:00,-998.47,EUR,1.0,Debit,Complete,49615.14,false,636.0,3,Standard,Compte Epargne,Remboursement credit,Marseille-Vieux-Port
TXN001850,CLI0006,17,5,2022-04-02 13:31:00,1236.29,EUR,1.0,Credit,Complete,8739.35,false,620.0,3,Standard,Compte Courant,Remboursement credit,Toulouse-Capitole
TXN001672,CLI0096,11,3,2022-09-25 16:05:00,220.61,EUR,1.0,Credit,Complete,9932.37,false,710.0,3,Standard,Compte Epargne,Retrait DAB,Lyon-Part-Dieu
TXN000355,CLI0118,32,4,2022-02-26 15:07:00,-810.57,CHF,0.97,Debit,Complete,11573.51,false,641.0,3,Standard,Credit Consommation,Interets,Lille-Grand-Place
TXN000298,CLI0031,7,2,2023-01-26 22:21:00,-367.91,EUR,1.0,Debit,Complete,22580.18,false,559.0,2,Risque,Livret A,Remboursement credit,Bordeaux-Meriadeck
TXN001077,CLI0145,26,3,2023-09-21 22:10:00,-4627.59,USD,1.08,Debit,Complete,7806.62,false,674.0,3,Standard,Credit Auto,Virement international,Lyon-Part-Dieu
TXN000840,CLI0102,45,1,2024-03-11 23:22:00,487.45,EUR,1.0,Credit,Complete,44835.91,false,645.0,3,Standard,Livret A,Retrait DAB,Marseille-Vieux-Port
TXN001223,CLI0116,1,6,2024-02-29 13:01:00,2626.42,EUR,1.0,Credit,Rejete,31646.43,false,620.0,3,Standard,Compte Epargne,Depot especes,Nice-Massena
TXN000925,CLI0130,32,3,2022-09-07 09:25:00,-1476.97,EUR,1.0,Debit,Complete,27381.29,false,586.0,3,Standard,Credit Consommation,Interets,Lyon-Part-Dieu
TXN000123,CLI0021,24,1,2023-06-10 23:30:00,1869.1,CHF,0.97,Credit,En attente,34838.95,false,697.0,3,Standard,Assurance Vie,Virement international,Marseille-Vieux-Port
TXN001228,CLI0110,44,5,2024-12-20 09:21:00,2188.03,EUR,1.0,Credit,Complete,48524.49,false,629.0,3,Standard,Credit Immobilier,Prelevement,Toulouse-Capitole
TXN001092,CLI0136,5,7,2023-09-07 19:13:00,-1734.47,EUR,1.0,Debit,Complete,19872.38,false,590.0,3,Standard,Credit Immobilier,Interets,Paris-Centre
TXN001248,CLI0100,13,4,2023-02-26 06:48:00,1732.11,USD,1.08,Credit,En attente,40911.23,false,656.0,3,Standard,Credit Consommation,Prelevement,Lille-Grand-Place
TXN001152,CLI0091,64,8,2024-02-28 03:54:00,2870.42,EUR,1.0,Credit,Complete,48540.19,false,442.0,2,Risque,Assurance Vie,Remboursement credit,Nantes-Commerce
TXN001680,CLI0097,60,4,2022-09-23 05:24:00,447.33,EUR,1.0,Credit,Complete,48436.01,true,397.0,2,Risque,Livret A,Depot especes,Lille-Grand-Place
TXN001863,CLI0140,17,1,2022-12-14 01:59:00,2793.4,EUR,1.0,Credit,Complete,38993.7,false,609.0,3,Standard,Compte Courant,Remboursement credit,Marseille-Vieux-Port
TXN001164,CLI0104,7,8,2024-02-20 22:30:00,-458.6,GBP,0.86,Debit,Complete,8952.81,false,645.0,3,Standard,Livret A,Remboursement credit,Nantes-Commerce
TXN000967,CLI0021,22,1,2023-04-05 18:32:00,2993.55,MAD,10.85,Credit,Complete,6149.99,false,697.0,3,Standard,Compte Epargne,Prelevement,Marseille-Vieux-Port
TXN001243,CLI0060,1,1,2022-10-09 16:20:00,1002.7,MAD,10.85,Credit,Complete,38300.28,false,645.0,1,Premium,Compte Epargne,Depot especes,Marseille-Vieux-Port
TXN001571,CLI0025,4,3,2023-07-09 13:33:00,-426.94,EUR,1.0,Debit,Complete,31165.12,false,688.0,3,Standard,Credit Consommation,Paiement CB,Lyon-Part-Dieu
TXN001867,CLI0024,52,3,2024-02-19 18:02:00,-2242.57,EUR,1.0,Debit,Complete,24831.15,false,592.0,3,Standard,Livret A,Prelevement,Lyon-Part-Dieu
TXN000158,CLI0104,48,8,2023-04-08 09:43:00,-2492.78,EUR,1.0,Debit,Complete,19025.27,false,645.0,3,Standard,Compte Courant,Interets,Nantes-Commerce
TXN001119,CLI0083,49,3,2023-11-11 00:56:00,1437.98,USD,1.08,Credit,En attente,2420.32,false,643.0,3,Standard,Credit Immobilier,Virement,Lyon-Part-Dieu
TXN001280,CLI0048,6,5,2022-03-23 07:12:00,-484.79,EUR,1.0,Debit,Complete,3093.7,false,670.0,3,Standard,Compte Epargne,Remboursement credit,Toulouse-Capitole
TXN001616,CLI0008,26,8,2024-05-28 05:23:00,-3737.57,GBP,0.86,Debit,En attente,1266.34,false,744.0,1,Premium,Credit Auto,Virement international,Nantes-Commerce
TXN001668,CLI0001,50,4,2023-03-14 19:18:00,1633.13,EUR,1.0,Credit,Complete,47281.17,false,586.0,3,Standard,Credit Consommation,Virement,Lille-Grand-Place
TXN001763,CLI0127,10,6,2023-05-27 07:35:00,-1390.49,USD,1.08,Debit,Complete,7567.71,false,645.0,3,Standard,PEA,Remboursement credit,Nice-Massena
TXN001064,CLI0103,10,7,2023-03-22 13:57:00,-1817.78,EUR,1.0,Debit,Complete,33245.31,false,683.0,3,Standard,PEA,Remboursement credit,Paris-Centre
TXN001155,CLI0124,53,5,2023-01-29 13:11:00,2551.32,EUR,1.0,Credit,Complete,35366.62,false,585.0,3,Standard,Compte Epargne,Interets,Toulouse-Capitole
TXN001279,CLI0063,46,7,2022-11-28 02:36:00,-601.03,EUR,1.0,Debit,Complete,23946.2,true,426.0,2,Risque,PEA,Depot especes,Paris-Centre
TXN000190,CLI0031,31,2,2023-12-20 22:39:00,-323.73,EUR,1.0,Debit,Complete,40695.14,false,559.0,2,Risque,Credit Immobilier,Retrait DAB,Bordeaux-Meriadeck
TXN000590,CLI0051,18,1,2022-12-12 01:25:00,316.64,USD,1.08,Credit,Complete,18459.22,false,645.0,1,Premium,Credit Immobilier,Paiement CB,Marseille-Vieux-Port
TXN001427,CLI0121,48,1,2023-08-04 19:07:00,2883.09,EUR,1.0,Credit,En attente,34038.03,false,645.0,1,Premium,Compte Courant,Interets,Marseille-Vieux-Port
TXN000761,CLI0073,61,1,2023-02-04 22:54:00,-283.04,USD,1.08,Debit,Complete,29061.15,false,645.0,1,Premium,PEA,Paiement CB,Marseille-Vieux-Port
TXN001063,CLI0138,34,2,2022-09-10 03:25:00,694.0,EUR,1.0,Credit,Complete,8039.96,false,749.0,1,Premium,Assurance Vie,Depot especes,Bordeaux-Meriadeck
TXN000243,CLI0009,18,6,2023-06-19 03:04:00,184.07,EUR,1.0,Credit,Complete,27397.61,false,645.0,3,Standard,Credit Immobilier,Paiement CB,Nice-Massena
TXN000885,CLI0072,13,1,2024-05-13 21:48:00,1333.86,EUR,1.0,Credit,Complete,40155.99,false,606.0,3,Standard,Credit Consommation,Prelevement,Marseille-Vieux-Port
TXN001378,CLI0106,28,8,2023-07-18 14:42:00,644.57,USD,1.08,Credit,Complete,9481.23,false,652.0,3,Standard,Credit Consommation,Remboursement credit,Nantes-Commerce
TXN000621,CLI0089,40,2,2022-02-12 05:18:00,-2192.32,USD,1.08,Debit,Complete,11063.15,false,638.0,3,Standard,Credit Auto,Interets,Bordeaux-Meriadeck
TXN000651,CLI0149,48,6,2024-12-28 19:20:00,-1235.3,EUR,1.0,Debit,Complete,9107.35,false,575.0,2,Risque,Compte Courant,Interets,Nice-Massena
TXN001559,CLI0023,14,1,2024-05-24 01:31:00,2703.78,EUR,1.0,Credit,Complete,33742.2,false,636.0,3,Standard,Credit Immobilier,Remboursement credit,Marseille-Vieux-Port
TXN000504,CLI0023,29,1,2022-01-10 17:15:00,112.11,EUR,1.0,Credit,Complete,43150.28,false,636.0,3,Standard,Livret A,Paiement CB,Marseille-Vieux-Port
TXN000923,CLI0144,48,7,2022-11-13 09:40:00,967.13,EUR,1.0,Credit,Complete,31220.83,true,361.0,2,Risque,Compte Courant,Interets,Paris-Centre
TXN000160,CLI0025,41,3,2024-08-31 08:02:00,2776.27,EUR,1.0,Credit,En attente,28219.14,false,688.0,3,Standard,Assurance Vie,Virement,Lyon-Part-Dieu
TXN001419,CLI0006,59,5,2023-09-23 13:50:00,-875.37,EUR,1.0,Debit,Complete,36565.93,false,620.0,3,Standard,Compte Courant,Prelevement,Toulouse-Capitole
TXN000883,CLI0063,3,7,2024-02-01 11:09:00,150000.0,EUR,1.0,Debit,Complete,35868.45,true,426.0,2,Risque,PEA,Prelevement,Paris-Centre
TXN000538,CLI0068,18,3,2024-08-25 03:41:00,-339.64,MAD,10.85,Debit,Complete,34423.37,false,605.0,3,Standard,Credit Immobilier,Paiement CB,Lyon-Part-Dieu
TXN001720,CLI0079,37,7,2023-05-14 22:27:00,2722.51,CHF,0.97,Credit,Complete,32398.59,false,689.0,3,Standard,Credit Auto,Prelevement,Paris-Centre
TXN000241,CLI0064,22,4,2022-08-10 23:00:00,-192.04,EUR,1.0,Debit,Rejete,44239.14,false,800.0,1,Premium,Compte Epargne,Prelevement,Lille-Grand-Place
TXN000014,CLI0051,7,1,2023-04-06 20:09:00,2729.81,EUR,1.0,Credit,Complete,39652.17,false,645.0,1,Premium,Livret A,Remboursement credit,Marseille-Vieux-Port
TXN001682,CLI0132,16,2,2024-10-06 19:43:00,1872.21,EUR,1.0,Credit,Complete,12081.09,false,663.0,3,Standard,Compte Epargne,Virement,Bordeaux-Meriadeck
TXN000476,CLI0074,56,8,2024-11-01 02:54:00,-2362.1,EUR,1.0,Debit,Complete,12922.09,false,633.0,3,Standard,Assurance Vie,Interets,Nantes-Commerce
TXN001961,CLI0096,8,3,2023-05-03 19:02:00,-154.16,CHF,0.97,Debit,Complete,8750.3,false,710.0,3,Standard,Compte Courant,Paiement CB,Lyon-Part-Dieu
TXN001927,CLI0055,52,2,2023-03-31 18:08:00,901.25,EUR,1.0,Credit,Complete,609.92,false,703.0,3,Standard,Livret A,Prelevement,Bordeaux-Meriadeck
TXN000929,CLI0114,33,8,2023-12-28 04:29:00,-2653.15,CHF,0.97,Debit,Rejete,17951.61,false,838.0,1,Premium,Compte Courant,Virement,Nantes-Commerce
TXN001339,CLI0025,40,3,2023-08-05 01:25:00,2563.86,EUR,1.0,Credit,Complete,18001.72,false,688.0,3,Standard,Credit Auto,Interets,Lyon-Part-Dieu
TXN001386,CLI0079,10,7,2023-07-11 18:12:00,1905.1,EUR,1.0,Credit,Complete,23645.54,false,689.0,3,Standard,PEA,Remboursement credit,Paris-Centre
TXN001615,CLI0004,19,2,2023-10-06 03:29:00,-76.79,EUR,1.0,Debit,Complete,3725.13,false,645.0,3,Standard,Credit Auto,Retrait DAB,Bordeaux-Meriadeck
TXN001345,CLI0109,63,3,2023-01-12 00:55:00,6309.01,MAD,10.85,Credit,Complete,43788.5,true,701.0,3,Standard,Compte Epargne,Virement international,Lyon-Part-Dieu
TXN000796,CLI0110,49,5,2023-08-16 09:31:00,-293.71,EUR,1.0,Debit,Complete,9424.33,false,629.0,3,Standard,Credit Immobilier,Virement,Toulouse-Capitole
TXN001697,CLI0088,46,2,2024-06-29 14:28:00,-439.57,EUR,1.0,Debit,Complete,9829.46,true,413.0,3,Standard,PEA,Depot especes,Bordeaux-Meriadeck
TXN001589,CLI0099,49,8,2023-12-19 20:10:00,-1137.06,EUR,1.0,Debit,Complete,6257.95,false,664.0,3,Standard,Credit Immobilier,Virement,Nantes-Commerce
TXN000356,CLI0081,64,5,2024-11-23 17:00:00,-2117.41,MAD,10.85,Debit,Complete,33717.53,false,645.0,3,Standard,Assurance Vie,Remboursement credit,Toulouse-Capitole
TXN001059,CLI0085,14,5,2022-01-26 10:21:00,992.95,EUR,1.0,Credit,Complete,37154.3,false,390.0,2,Risque,Credit Immobilier,Remboursement credit,Toulouse-Capitole
TXN000335,CLI0002,38,3,2023-04-17 02:32:00,-1948.26,EUR,1.0,Debit,Complete,30140.81,false,606.0,3,Standard,Credit Immobilier,Depot especes,Lyon-Part-Dieu
TXN000689,CLI0033,53,3,2022-06-16 15:50:00,-2007.33,EUR,1.0,Debit,Complete,32289.07,false,584.0,3,Standard,Compte Epargne,Interets,Lyon-Part-Dieu
TXN001401,CLI0060,21,1,2022-04-14 16:54:00,1840.36,EUR,1.0,Credit,Complete,4270.04,false,645.0,1,Premium,Credit Consommation,Depot especes,Marseille-Vieux-Port
TXN000185,CLI0099,10,8,2022-12-21 17:10:00,-1494.44,EUR,1.0,Debit,Complete,31008.56,false,664.0,3,Standard,PEA,Remboursement credit,Nantes-Commerce
TXN000824,CLI0078,27,1,2022-08-01 08:58:00,-259.64,EUR,1.0,Debit,Complete,35594.2,false,647.0,3,Standard,Assurance Vie,Paiement CB,Marseille-Vieux-Port
TXN001935,CLI0119,48,2,2024-01-04 02:28:00,-350.15,EUR,1.0,Debit,Complete,23245.88,false,793.0,1,Premium,Compte Courant,Interets,Bordeaux-Meriadeck
TXN001350,CLI0119,47,2,2023-04-02 14:16:00,164.14,CHF,0.97,Credit,Complete,33454.77,false,793.0,1,Premium,Compte Courant,Retrait DAB,Bordeaux-Meriadeck
TXN001002,CLI0022,37,5,2023-03-02 15:37:00,-787.41,EUR,1.0,Debit,Complete,41998.54,false,787.0,3,Standard,Credit Auto,Prelevement,Toulouse-Capitole
TXN000188,CLI0127,59,6,2023-07-03 17:52:00,-2973.14,EUR,1.0,Debit,Complete,22124.19,false,645.0,3,Standard,Compte Courant,Prelevement,Nice-Massena
TXN000942,CLI0029,32,7,2023-06-23 20:01:00,-145.21,CHF,0.97,Debit,Complete,38260.32,false,696.0,3,Standard,Credit Consommation,Interets,Paris-Centre
TXN000285,CLI0093,36,1,2022-08-26 03:54:00,-6113.99,EUR,1.0,Debit,Complete,8608.56,true,786.0,1,Premium,Credit Immobilier,Virement international,Marseille-Vieux-Port
TXN001416,CLI0063,28,7,2022-09-25 11:46:00,-2189.42,USD,1.08,Debit,Complete,48042.61,false,426.0,2,Risque,Credit Consommation,Remboursement credit,Paris-Centre
TXN000900,CLI0014,32,1,2022-07-20 01:41:00,1178.44,EUR,1.0,Credit,Complete,20194.34,false,673.0,3,Standard,Credit Consommation,Interets,Marseille-Vieux-Port
TXN000166,CLI0002,30,3,2023-07-07 03:08:00,-61.9,EUR,1.0,Debit,Complete,4571.98,false,606.0,3,Standard,Compte Epargne,Paiement CB,Lyon-Part-Dieu
TXN000348,CLI0087,16,5,2022-01-11 02:52:00,478.72,EUR,1.0,Credit,Complete,13228.29,false,607.0,3,Standard,Compte Epargne,Virement,Toulouse-Capitole
TXN000299,CLI0130,58,3,2022-01-09 16:47:00,193.29,MAD,10.85,Credit,En attente,39075.97,false,586.0,3,Standard,Credit Auto,Depot especes,Lyon-Part-Dieu
TXN000536,CLI0097,44,4,2023-07-14 13:11:00,1689.65,EUR,1.0,Credit,Complete,41630.96,false,397.0,2,Risque,Credit Immobilier,Prelevement,Lille-Grand-Place
TXN000230,CLI0005,10,4,2024-01-06 15:34:00,-2355.23,USD,1.08,Debit,Complete,9072.81,false,694.0,3,Standard,PEA,Remboursement credit,Lille-Grand-Place
TXN001884,CLI0039,19,4,2024-10-09 06:59:00,239.24,EUR,1.0,Credit,Complete,30927.02,false,645.0,3,Standard,Credit Auto,Retrait DAB,Lille-Grand-Place
TXN001852,CLI0085,53,5,2024-10-02 03:29:00,-834.35,EUR,1.0,Debit,Complete,47996.79,true,390.0,2,Risque,Compte Epargne,Interets,Toulouse-Capitole
TXN001719,CLI0044,14,3,2023-10-06 03:29:00,-2607.29,MAD,10.85,Debit,Complete,4581.29,false,469.0,2,Risque,Credit Immobilier,Remboursement credit,Lyon-Part-Dieu
TXN001880,CLI0136,7,7,2024-06-03 05:09:00,-2157.53,EUR,1.0,Debit,Rejete,10045.16,false,590.0,3,Standard,Livret A,Remboursement credit,Paris-Centre
TXN000042,CLI0119,23,2,2022-08-27 04:02:00,0.0,EUR,1.0,Debit,Complete,11816.52,false,793.0,1,Premium,Credit Auto,Paiement CB,Bordeaux-Meriadeck
TXN000869,CLI0045,14,2,2024-11-25 05:27:00,731.36,CHF,0.97,Credit,Complete,31608.91,false,704.0,3,Standard,Credit Immobilier,Remboursement credit,Bordeaux-Meriadeck
TXN000749,CLI0026,17,4,2023-02-04 22:09:00,2616.08,EUR,1.0,Credit,Complete,39861.36,false,699.0,3,Standard,Compte Courant,Remboursement credit,Lille-Grand-Place
TXN001987,CLI0119,59,2,2023-04-01 12:54:00,-67.08,EUR,1.0,Debit,En attente,7263.95,false,793.0,1,Premium,Compte Courant,Prelevement,Bordeaux-Meriadeck
TXN001887,CLI0115,3,5,2024-12-07 02:20:00,322.78,CHF,0.97,Credit,Complete,16553.33,false,709.0,3,Standard,PEA,Prelevement,Toulouse-Capitole
TXN001612,CLI0101,9,1,2022-06-27 22:05:00,5691.82,EUR,1.0,Credit,Rejete,179.12,true,655.0,3,Standard,Credit Consommation,Virement international,Marseille-Vieux-Port
TXN001568,CLI0072,8,1,2023-06-21 03:39:00,-66.73,EUR,1.0,Debit,Complete,34881.03,false,606.0,3,Standard,Compte Courant,Paiement CB,Marseille-Vieux-Port
TXN000447,CLI0091,44,8,2023-07-29 00:21:00,2951.68,MAD,10.85,Credit,Complete,19539.36,false,442.0,2,Risque,Credit Immobilier,Prelevement,Nantes-Commerce
TXN001472,CLI0143,8,3,2023-08-15 17:55:00,-27.76,EUR,1.0,Debit,Complete,39939.42,false,782.0,1,Premium,Compte Courant,Paiement CB,Lyon-Part-Dieu
TXN000350,CLI0127,32,6,2024-11-27 09:12:00,149.15,EUR,1.0,Credit,Complete,33733.82,false,645.0,3,Standard,Credit Consommation,Interets,Nice-Massena
TXN000046,CLI0006,50,5,2023-05-14 04:50:00,-1715.51,USD,1.08,Debit,Complete,40671.34,false,620.0,3,Standard,Credit Consommation,Virement,Toulouse-Capitole
TXN001997,CLI0003,38,3,2023-08-24 17:23:00,-2248.8,EUR,1.0,Debit,Complete,28434.22,false,587.0,3,Standard,Credit Immobilier,Depot especes,Lyon-Part-Dieu
TXN000109,CLI0013,61,5,2024-05-06 07:55:00,453.11,CHF,0.97,Credit,Complete,8051.19,false,351.0,2,Risque,PEA,Paiement CB,Toulouse-Capitole
TXN001642,CLI0114,10,8,2022-12-29 05:40:00,120.19,EUR,1.0,Credit,En attente,15824.84,false,838.0,1,Premium,PEA,Remboursement credit,Nantes-Commerce
TXN001686,CLI0100,27,4,2024-07-17 12:37:00,361.81,EUR,1.0,Credit,Complete,47142.8,false,656.0,3,Standard,Assurance Vie,Paiement CB,Lille-Grand-Place
TXN000030,CLI0112,59,1,2022-07-25 14:10:00,2097.3,USD,1.08,Credit,Complete,2900.35,false,636.0,3,Standard,Compte Courant,Prelevement,Marseille-Vieux-Port
TXN000182,CLI0017,37,2,2023-01-18 11:20:00,-631.37,USD,1.08,Debit,Complete,31991.52,false,649.0,3,Standard,Credit Auto,Prelevement,Bordeaux-Meriadeck
TXN000622,CLI0087,39,5,2023-08-24 23:45:00,-1201.6,EUR,1.0,Debit,Complete,40007.78,false,607.0,3,Standard,PEA,Interets,Toulouse-Capitole
TXN001444,CLI0143,40,3,2022-08-30 14:48:00,1282.23,EUR,1.0,Credit,Complete,10873.75,false,782.0,1,Premium,Credit Auto,Interets,Lyon-Part-Dieu
TXN000635,CLI0114,15,8,2024-04-08 06:56:00,-2551.95,CHF,0.97,Debit,Complete,35972.14,false,838.0,1,Premium,PEA,Virement international,Nantes-Commerce
TXN000105,CLI0044,24,3,2022-03-26 00:05:00,554.6,GBP,0.86,Credit,Complete,38371.25,false,469.0,2,Risque,Assurance Vie,Virement international,Lyon-Part-Dieu
TXN000061,CLI0125,4,4,2024-03-20 19:03:00,-23.69,EUR,1.0,Debit,Complete,38231.63,false,810.0,1,Premium,Credit Consommation,Paiement CB,Lille-Grand-Place
TXN000659,CLI0098,25,2,2023-03-12 18:53:00,-4180.56,GBP,0.86,Debit,Complete,19825.71,false,580.0,3,Standard,Livret A,Virement international,Bordeaux-Meriadeck
TXN001108,CLI0110,21,5,2023-04-02 18:43:00,-2314.95,EUR,1.0,Debit,Complete,28764.48,false,629.0,3,Standard,Credit Consommation,Depot especes,Toulouse-Capitole
TXN000491,CLI0126,40,2,2022-05-24 17:14:00,59.76,EUR,1.0,Credit,Complete,26811.67,false,514.0,2,Risque,Credit Auto,Interets,Bordeaux-Meriadeck
TXN000316,CLI0055,6,2,2023-02-26 17:53:00,2123.09,GBP,0.86,Credit,Complete,46993.58,false,703.0,3,Standard,Compte Epargne,Remboursement credit,Bordeaux-Meriadeck
TXN001475,CLI0092,38,8,2024-04-02 14:24:00,-1458.92,EUR,1.0,Debit,Complete,30817.59,false,717.0,3,Standard,Credit Immobilier,Depot especes,Nantes-Commerce
TXN000382,CLI0128,12,1,2023-10-06 03:29:00,6779.66,EUR,1.0,Credit,Complete,19681.85,true,683.0,3,Standard,Compte Courant,Virement international,Marseille-Vieux-Port
TXN000423,CLI0071,34,7,2022-08-07 04:11:00,127.28,USD,1.08,Credit,Complete,30656.86,false,797.0,1,Premium,Assurance Vie,Depot especes,Paris-Centre
TXN001521,CLI0030,45,3,2023-10-06 03:29:00,-381.28,EUR,1.0,Debit,Complete,37326.45,true,391.0,2,Risque,Livret A,Retrait DAB,Lyon-Part-Dieu
TXN001548,CLI0075,59,6,2024-02-22 03:09:00,-688.04,EUR,1.0,Debit,Complete,28593.79,false,645.0,3,Standard,Compte Courant,Prelevement,Nice-Massena
TXN000446,CLI0015,61,3,2023-10-09 17:34:00,28.98,EUR,1.0,Credit,Complete,44412.67,false,648.0,3,Standard,PEA,Paiement CB,Lyon-Part-Dieu
TXN000664,CLI0003,42,3,2023-01-31 14:00:00,-703.49,EUR,1.0,Debit,Complete,35488.97,false,587.0,3,Standard,Assurance Vie,Prelevement,Lyon-Part-Dieu
TXN001025,CLI0016,59,2,2024-10-24 04:46:00,-836.58,EUR,1.0,Debit,Complete,10014.3,false,716.0,3,Standard,Compte Courant,Prelevement,Bordeaux-Meriadeck
TXN000780,CLI0137,14,1,2022-09-19 08:00:00,2075.64,EUR,1.0,Credit,Complete,28421.28,false,725.0,1,Premium,Credit Immobilier,Remboursement credit,Marseille-Vieux-Port
TXN001530,CLI0040,62,6,2024-09-13 01:27:00,413.18,EUR,1.0,Credit,Complete,24793.37,false,491.0,2,Risque,Credit Auto,Virement,Nice-Massena
TXN000627,CLI0113,35,3,2022-08-16 03:50:00,1851.19,MAD,10.85,Credit,Complete,2194.27,false,643.0,3,Standard,Livret A,Interets,Lyon-Part-Dieu
TXN001482,CLI0050,44,3,2022-12-03 08:05:00,2069.18,EUR,1.0,Credit,Complete,16960.61,false,666.0,3,Standard,Credit Immobilier,Prelevement,Lyon-Part-Dieu
TXN001513,CLI0029,2,7,2023-11-01 04:37:00,476.59,EUR,1.0,Credit,Complete,1501.11,false,696.0,3,Standard,Credit Consommation,Retrait DAB,Paris-Centre
TXN001113,CLI0126,15,2,2023-10-11 13:12:00,-1840.55,USD,1.08,Debit,Complete,25485.89,false,514.0,2,Risque,PEA,Virement international,Bordeaux-Meriadeck
TXN001508,CLI0148,45,4,2022-12-17 03:46:00,-225.01,USD,1.08,Debit,Complete,11889.98,false,713.0,3,Standard,Livret A,Retrait DAB,Lille-Grand-Place
TXN001485,CLI0068,64,3,2023-10-27 00:39:00,-995.3,CHF,0.97,Debit,Complete,11287.91,false,605.0,3,Standard,Assurance Vie,Remboursement credit,Lyon-Part-Dieu
TXN001102,CLI0055,34,2,2023-04-12 14:23:00,1032.39,EUR,1.0,Credit,Complete,37407.75,false,703.0,3,Standard,Assurance Vie,Depot especes,Bordeaux-Meriadeck
TXN000269,CLI0067,34,7,2023-11-19 20:05:00,-705.65,CHF,0.97,Debit,Complete,44353.49,true,337.0,2,Risque,Assurance Vie,Depot especes,Paris-Centre
TXN000930,CLI0129,57,7,2024-12-11 12:32:00,50.13,EUR,1.0,Credit,Complete,28201.07,false,573.0,2,Risque,PEA,Retrait DAB,Paris-Centre
TXN001148,CLI0086,25,5,2023-04-12 10:53:00,2585.51,EUR,1.0,Credit,Complete,15714.92,false,805.0,1,Premium,Livret A,Virement international,Toulouse-Capitole
TXN001322,CLI0144,30,2,2024-11-09 06:40:00,-270.12,EUR,1.0,Debit,Complete,30685.01,true,361.0,2,Risque,Compte Epargne,Paiement CB,Bordeaux-Meriadeck
TXN001906,CLI0079,10,7,2024-02-14 17:09:00,-2845.05,GBP,0.86,Debit,Complete,21697.9,false,689.0,3,Standard,PEA,Remboursement credit,Paris-Centre
TXN001120,CLI0097,60,4,2022-01-31 11:57:00,-706.96,EUR,1.0,Debit,Complete,23836.9,true,397.0,2,Risque,Livret A,Depot especes,Lille-Grand-Place
TXN001758,CLI0047,34,3,2022-03-24 18:50:00,-2079.87,EUR,1.0,Debit,Complete,45751.42,true,397.0,2,Risque,Assurance Vie,Depot especes,Lyon-Part-Dieu
TXN000012,CLI0055,30,2,2022-11-18 07:11:00,-284.96,USD,1.08,Debit,Complete,29731.18,false,703.0,3,Standard,Compte Epargne,Paiement CB,Bordeaux-Meriadeck
TXN000115,CLI0122,53,8,2024-11-21 04:20:00,-2797.54,EUR,1.0,Debit,Rejete,36992.04,false,824.0,1,Premium,Compte Epargne,Interets,Nantes-Commerce
TXN000844,CLI0100,47,4,2022-06-03 04:36:00,-321.34,EUR,1.0,Debit,Complete,43535.83,false,656.0,3,Standard,Compte Courant,Retrait DAB,Lille-Grand-Place
TXN001453,CLI0007,41,8,2024-02-08 16:03:00,-1855.6,CHF,0.97,Debit,Complete,3750.82,false,635.0,3,Standard,Assurance Vie,Virement,Nantes-Commerce
TXN001282,CLI0123,45,2,2024-08-30 15:30:00,-122.78,EUR,1.0,Debit,Complete,6435.08,false,595.0,3,Standard,Livret A,Retrait DAB,Bordeaux-Meriadeck
TXN001756,CLI0127,36,6,2024-04-27 03:39:00,6335.95,GBP,0.86,Credit,En attente,2597.32,true,645.0,3,Standard,Credit Immobilier,Virement international,Nice-Massena
TXN001974,CLI0013,5,5,2024-08-02 20:08:00,819.74,EUR,1.0,Credit,Complete,37088.32,true,351.0,2,Risque,Credit Immobilier,Interets,Toulouse-Capitole
TXN001789,CLI0040,21,6,2023-04-08 22:38:00,499.45,EUR,1.0,Credit,Complete,9423.06,false,491.0,2,Risque,Credit Consommation,Depot especes,Nice-Massena
TXN000353,CLI0050,35,3,2022-01-10 08:11:00,-1251.05,CHF,0.97,Debit,Complete,17064.3,false,666.0,3,Standard,Livret A,Interets,Lyon-Part-Dieu
TXN000774,CLI0020,30,2,2022-12-01 12:29:00,-59.96,EUR,1.0,Debit,En attente,7247.87,false,660.0,3,Standard,Compte Epargne,Paiement CB,Bordeaux-Meriadeck
TXN001980,CLI0131,4,1,2023-10-06 03:29:00,-393.88,EUR,1.0,Debit,Complete,31918.63,false,838.0,1,Premium,Credit Consommation,Paiement CB,Marseille-Vieux-Port
TXN000691,CLI0069,28,1,2022-03-16 06:14:00,-2689.91,EUR,1.0,Debit,Complete,15369.35,false,647.0,3,Standard,Credit Consommation,Remboursement credit,Marseille-Vieux-Port
TXN001947,CLI0124,22,5,2022-06-03 14:53:00,1144.43,EUR,1.0,Credit,Complete,48438.73,false,585.0,3,Standard,Compte Epargne,Prelevement,Toulouse-Capitole
TXN000791,CLI0002,1,3,2023-05-28 07:30:00,-1216.31,USD,1.08,Debit,En attente,26867.73,false,606.0,3,Standard,Compte Epargne,Depot especes,Lyon-Part-Dieu
TXN000532,CLI0072,11,1,2024-07-01 21:42:00,479.66,EUR,1.0,Credit,Complete,15956.11,false,606.0,3,Standard,Compte Epargne,Retrait DAB,Marseille-Vieux-Port
TXN000868,CLI0111,11,7,2024-03-12 06:39:00,329.33,EUR,1.0,Credit,Complete,31850.05,false,645.0,3,Standard,Compte Epargne,Retrait DAB,Paris-Centre
TXN000170,CLI0002,14,3,2023-10-06 03:29:00,1037.47,EUR,1.0,Credit,Complete,30200.24,false,606.0,3,Standard,Credit Immobilier,Remboursement credit,Lyon-Part-Dieu
TXN000240,CLI0061,15,1,2022-12-10 20:56:00,7712.02,MAD,10.85,Credit,Complete,13334.1,true,341.0,2,Risque,PEA,Virement international,Marseille-Vieux-Port
TXN001302,CLI0105,56,6,2024-02-27 19:48:00,-1171.48,EUR,1.0,Debit,Complete,33698.23,false,634.0,3,Standard,Assurance Vie,Interets,Nice-Massena
TXN001185,CLI0100,38,4,2022-05-19 07:27:00,-1865.2,EUR,1.0,Debit,Complete,38479.42,false,656.0,3,Standard,Credit Immobilier,Depot especes,Lille-Grand-Place
TXN000074,CLI0022,29,5,2023-11-04 04:42:00,357.36,EUR,1.0,Credit,Complete,21227.98,false,787.0,3,Standard,Livret A,Paiement CB,Toulouse-Capitole
TXN001554,CLI0140,10,2,2023-09-15 17:08:00,-524.11,CHF,0.97,Debit,Complete,36898.53,false,609.0,3,Standard,PEA,Remboursement credit,Bordeaux-Meriadeck
TXN001087,CLI0125,4,4,2024-05-30 03:46:00,445.53,EUR,1.0,Credit,Complete,31783.13,false,810.0,1,Premium,Credit Consommation,Paiement CB,Lille-Grand-Place
TXN000762,CLI0014,18,2,2022-12-02 18:08:00,-232.1,EUR,1.0,Debit,Complete,40237.49,false,673.0,3,Standard,Credit Immobilier,Paiement CB,Bordeaux-Meriadeck
TXN001517,CLI0078,19,1,2022-06-17 18:54:00,-401.24,CHF,0.97,Debit,Complete,41775.69,false,647.0,3,Standard,Credit Auto,Retrait DAB,Marseille-Vieux-Port
TXN000741,CLI0048,19,5,2023-01-10 06:16:00,491.81,EUR,1.0,Credit,Complete,31258.63,false,670.0,3,Standard,Credit Auto,Retrait DAB,Toulouse-Capitole
TXN000751,CLI0023,42,1,2022-03-01 05:59:00,2790.45,EUR,1.0,Credit,Complete,12955.66,false,636.0,3,Standard,Assurance Vie,Prelevement,Marseille-Vieux-Port
TXN000742,CLI0043,13,2,2023-10-06 03:29:00,-239.57,EUR,1.0,Debit,Complete,33672.95,false,735.0,1,Premium,Credit Consommation,Prelevement,Bordeaux-Meriadeck
TXN000831,CLI0037,7,4,2024-05-19 11:03:00,2119.14,USD,1.08,Credit,Complete,29736.89,false,622.0,3,Standard,Livret A,Remboursement credit,Lille-Grand-Place
TXN001820,CLI0147,48,6,2023-08-16 19:13:00,-158.11,EUR,1.0,Debit,Complete,6328.11,false,812.0,1,Premium,Compte Courant,Interets,Nice-Massena
TXN000048,CLI0007,38,8,2023-05-03 18:20:00,-96.55,EUR,1.0,Debit,Complete,26351.67,false,635.0,3,Standard,Credit Immobilier,Depot especes,Nantes-Commerce
TXN000763,CLI0051,16,1,2022-07-28 21:50:00,-2966.03,EUR,1.0,Debit,Complete,8494.32,false,645.0,1,Premium,Compte Epargne,Virement,Marseille-Vieux-Port
TXN000592,CLI0049,4,3,2024-10-09 12:08:00,-227.03,EUR,1.0,Debit,Rejete,14220.07,false,593.0,3,Standard,Credit Consommation,Paiement CB,Lyon-Part-Dieu
TXN000808,CLI0099,17,8,2023-07-11 06:11:00,60.62,EUR,1.0,Credit,Complete,39553.28,false,664.0,3,Standard,Compte Courant,Remboursement credit,Nantes-Commerce
TXN001084,CLI0063,51,7,2024-07-23 05:02:00,-490.1,USD,1.08,Debit,Complete,9581.71,true,426.0,2,Risque,Assurance Vie,Retrait DAB,Paris-Centre
TXN000506,CLI0012,62,4,2023-08-07 06:27:00,791.58,EUR,1.0,Credit,Complete,37046.8,false,778.0,1,Premium,Credit Auto,Virement,Lille-Grand-Place
TXN001045,CLI0073,18,1,2024-09-11 01:16:00,-480.09,EUR,1.0,Debit,Complete,25915.69,false,645.0,1,Premium,Credit Immobilier,Paiement CB,Marseille-Vieux-Port
TXN001993,CLI0134,24,6,2024-05-10 01:27:00,-6897.49,EUR,1.0,Debit,Complete,9085.03,true,600.0,3,Standard,Assurance Vie,Virement international,Nice-Massena
TXN000653,CLI0079,64,7,2022-05-01 19:20:00,585.3,USD,1.08,Credit,Complete,16070.07,false,689.0,3,Standard,Assurance Vie,Remboursement credit,Paris-Centre
TXN000193,CLI0101,35,1,2023-07-05 20:26:00,-1156.76,EUR,1.0,Debit,Complete,37515.14,false,655.0,3,Standard,Livret A,Interets,Marseille-Vieux-Port
TXN001667,CLI0045,18,2,2023-09-29 01:42:00,-66.07,EUR,1.0,Debit,Complete,23890.93,false,704.0,3,Standard,Credit Immobilier,Paiement CB,Bordeaux-Meriadeck
TXN001240,CLI0039,52,4,2023-04-27 02:48:00,-1112.93,EUR,1.0,Debit,Complete,37567.45,false,645.0,3,Standard,Livret A,Prelevement,Lille-Grand-Place
TXN000245,CLI0053,11,7,2023-06-28 21:18:00,-162.75,EUR,1.0,Debit,Complete,42008.74,false,645.0,3,Standard,Compte Epargne,Retrait DAB,Paris-Centre
TXN001388,CLI0005,22,4,2022-10-08 07:26:00,-2606.33,EUR,1.0,Debit,Complete,36956.91,false,694.0,3,Standard,Compte Epargne,Prelevement,Lille-Grand-Place
TXN000060,CLI0013,52,5,2024-05-18 15:38:00,-1354.03,EUR,1.0,Debit,Complete,5633.4,true,351.0,2,Risque,Livret A,Prelevement,Toulouse-Capitole
TXN001246,CLI0073,27,1,2024-11-12 12:10:00,420.71,EUR,1.0,Credit,Complete,16420.2,false,645.0,1,Premium,Assurance Vie,Paiement CB,Marseille-Vieux-Port
TXN000450,CLI0124,38,5,2024-09-17 23:55:00,1594.7,EUR,1.0,Credit,Complete,5002.75,false,585.0,3,Standard,Credit Immobilier,Depot especes,Toulouse-Capitole
TXN000056,CLI0091,3,8,2023-03-12 04:42:00,1472.46,EUR,1.0,Credit,Complete,18441.3,false,442.0,2,Risque,PEA,Prelevement,Nantes-Commerce
TXN001973,CLI0085,25,5,2022-07-12 08:13:00,-5814.4,EUR,1.0,Debit,Complete,33342.9,true,390.0,2,Risque,Livret A,Virement international,Toulouse-Capitole
TXN001769,CLI0040,49,2,2024-03-28 11:34:00,296.96,EUR,1.0,Credit,Complete,18507.38,false,491.0,2,Risque,Credit Immobilier,Virement,Bordeaux-Meriadeck
TXN001738,CLI0106,24,8,2023-10-06 03:29:00,-2106.58,EUR,1.0,Debit,Complete,42428.0,false,652.0,3,Standard,Assurance Vie,Virement international,Nantes-Commerce
TXN001210,CLI0098,11,2,2024-02-18 12:02:00,-353.74,CHF,0.97,Debit,Complete,40176.99,false,580.0,3,Standard,Compte Epargne,Retrait DAB,Bordeaux-Meriadeck
TXN000642,CLI0109,5,3,2024-09-29 23:26:00,-2480.24,USD,1.08,Debit,Complete,22939.87,false,701.0,3,Standard,Credit Immobilier,Interets,Lyon-Part-Dieu
